-- MySQL dump 10.13  Distrib 8.0.15, for Linux (x86_64)
--
-- Host: localhost    Database: DB4Django
-- ------------------------------------------------------
-- Server version	8.0.15

/*!40101 SET @OLD_CHARACTER_SET_CLIENT=@@CHARACTER_SET_CLIENT */;
/*!40101 SET @OLD_CHARACTER_SET_RESULTS=@@CHARACTER_SET_RESULTS */;
/*!40101 SET @OLD_COLLATION_CONNECTION=@@COLLATION_CONNECTION */;
 SET NAMES utf8mb4 ;
/*!40103 SET @OLD_TIME_ZONE=@@TIME_ZONE */;
/*!40103 SET TIME_ZONE='+00:00' */;
/*!40014 SET @OLD_UNIQUE_CHECKS=@@UNIQUE_CHECKS, UNIQUE_CHECKS=0 */;
/*!40014 SET @OLD_FOREIGN_KEY_CHECKS=@@FOREIGN_KEY_CHECKS, FOREIGN_KEY_CHECKS=0 */;
/*!40101 SET @OLD_SQL_MODE=@@SQL_MODE, SQL_MODE='NO_AUTO_VALUE_ON_ZERO' */;
/*!40111 SET @OLD_SQL_NOTES=@@SQL_NOTES, SQL_NOTES=0 */;

--
-- Table structure for table `Software_applicant`
--

DROP TABLE IF EXISTS `Software_applicant`;
/*!40101 SET @saved_cs_client     = @@character_set_client */;
 SET character_set_client = utf8mb4 ;
CREATE TABLE `Software_applicant` (
  `id` int(11) NOT NULL AUTO_INCREMENT,
  `company` varchar(100) NOT NULL,
  `position` varchar(100) NOT NULL,
  `scale` varchar(100) NOT NULL,
  `currency` varchar(100) NOT NULL,
  `introduction` longtext NOT NULL,
  `user_id` int(11) NOT NULL,
  PRIMARY KEY (`id`),
  UNIQUE KEY `user_id` (`user_id`),
  CONSTRAINT `Software_applicant_user_id_c11ba9e5_fk_Software_user_id` FOREIGN KEY (`user_id`) REFERENCES `Software_user` (`id`)
) ENGINE=InnoDB AUTO_INCREMENT=10 DEFAULT CHARSET=utf8mb4 COLLATE=utf8mb4_0900_ai_ci;
/*!40101 SET character_set_client = @saved_cs_client */;

--
-- Dumping data for table `Software_applicant`
--

LOCK TABLES `Software_applicant` WRITE;
/*!40000 ALTER TABLE `Software_applicant` DISABLE KEYS */;
INSERT INTO `Software_applicant` VALUES (1,'凤巢','','100万','人民币','暂无',3),(2,'1','1','1','1','1',35),(6,'王八坨子村委会','主任','$1','津巴布韦币','没啥说的，就是有钱',41),(7,'beihang','','fasdf','fasdf','fasdfsdf',44),(8,'123','123','123','123','123',45),(9,'1','1','1','1','1',24);
/*!40000 ALTER TABLE `Software_applicant` ENABLE KEYS */;
UNLOCK TABLES;

--
-- Table structure for table `Software_confirmstring`
--

DROP TABLE IF EXISTS `Software_confirmstring`;
/*!40101 SET @saved_cs_client     = @@character_set_client */;
 SET character_set_client = utf8mb4 ;
CREATE TABLE `Software_confirmstring` (
  `id` int(11) NOT NULL AUTO_INCREMENT,
  `code` varchar(256) NOT NULL,
  `c_time` datetime(6) NOT NULL,
  `new_password` varchar(256) DEFAULT NULL,
  `new_email` varchar(254) DEFAULT NULL,
  `type` int(11) DEFAULT NULL,
  `user_id` int(11) NOT NULL,
  PRIMARY KEY (`id`),
  UNIQUE KEY `Software_confirmstring_user_id_type_22019f1e_uniq` (`user_id`,`type`),
  KEY `Software_confirmstring_user_id_25c9f76c` (`user_id`),
  CONSTRAINT `Software_confirmstring_user_id_25c9f76c_fk_Software_user_id` FOREIGN KEY (`user_id`) REFERENCES `Software_user` (`id`)
) ENGINE=InnoDB AUTO_INCREMENT=92 DEFAULT CHARSET=utf8mb4 COLLATE=utf8mb4_0900_ai_ci;
/*!40101 SET character_set_client = @saved_cs_client */;

--
-- Dumping data for table `Software_confirmstring`
--

LOCK TABLES `Software_confirmstring` WRITE;
/*!40000 ALTER TABLE `Software_confirmstring` DISABLE KEYS */;
INSERT INTO `Software_confirmstring` VALUES (31,'1763983217802495158','2019-05-07 07:46:54.153470',NULL,NULL,0,25),(32,'1033405050294819509','2019-05-11 16:50:11.558858',NULL,NULL,0,26),(33,'921167962216601123','2019-05-11 16:59:22.052070',NULL,NULL,0,27),(34,'658175531104509874','2019-05-12 11:34:21.084523',NULL,NULL,0,28),(35,'-61176578613775540','2019-05-12 11:35:12.306461',NULL,NULL,0,29),(37,'-524975400489052498','2019-05-14 06:42:54.252296',NULL,NULL,0,31),(42,'-1146012915549694686','2019-05-17 09:28:19.570178',NULL,NULL,0,32),(43,'-1997154892464816858','2019-05-17 14:01:00.594753',NULL,NULL,0,24),(48,'-454324727633345565','2019-05-18 14:14:20.102809',NULL,'索尼大法好@qq.com',2,24),(49,'-685321177882374758','2019-05-18 14:14:38.021011',NULL,NULL,3,24),(51,'-1554118941016000290','2019-05-18 14:50:10.478824',NULL,NULL,0,33),(52,'319937264345716525','2019-05-18 15:50:49.547415',NULL,NULL,0,34),(56,'-2113514633437173106','2019-05-19 06:52:07.954811',NULL,NULL,3,35),(59,'501990138558564154','2019-05-19 08:59:05.318737',NULL,NULL,0,37),(60,'1679127364805448880','2019-05-19 09:05:22.620014',NULL,NULL,0,38),(66,'387637527753409283','2019-05-26 12:50:34.434701',NULL,'22471199342@qq.com',0,42),(68,'-768145108454158517','2019-05-26 14:02:16.968229',NULL,NULL,1,41),(71,'-915649052596718927','2019-05-27 07:31:17.428546',NULL,NULL,1,43),(82,'2081602289757484383','2019-05-27 14:38:21.019396',NULL,NULL,3,43),(87,'911961139483798132','2019-05-28 07:18:14.836528',NULL,NULL,0,48),(90,'-1788462989218165609','2019-06-02 07:34:30.166735',NULL,NULL,1,10),(91,'-648566029558710374','2019-06-02 08:53:42.725981',NULL,NULL,0,49);
/*!40000 ALTER TABLE `Software_confirmstring` ENABLE KEYS */;
UNLOCK TABLES;

--
-- Table structure for table `Software_del_user`
--

DROP TABLE IF EXISTS `Software_del_user`;
/*!40101 SET @saved_cs_client     = @@character_set_client */;
 SET character_set_client = utf8mb4 ;
CREATE TABLE `Software_del_user` (
  `id` int(11) NOT NULL AUTO_INCREMENT,
  `del_time` datetime(6) NOT NULL,
  `del_user_id` int(11) NOT NULL,
  PRIMARY KEY (`id`),
  UNIQUE KEY `del_user_id` (`del_user_id`),
  CONSTRAINT `Software_del_user_del_user_id_f4e27e26_fk_Software_user_id` FOREIGN KEY (`del_user_id`) REFERENCES `Software_user` (`id`)
) ENGINE=InnoDB AUTO_INCREMENT=12 DEFAULT CHARSET=utf8mb4 COLLATE=utf8mb4_0900_ai_ci;
/*!40101 SET character_set_client = @saved_cs_client */;

--
-- Dumping data for table `Software_del_user`
--

LOCK TABLES `Software_del_user` WRITE;
/*!40000 ALTER TABLE `Software_del_user` DISABLE KEYS */;
INSERT INTO `Software_del_user` VALUES (2,'2019-05-26 14:02:04.356542',41),(5,'2019-05-27 07:27:33.571995',40);
/*!40000 ALTER TABLE `Software_del_user` ENABLE KEYS */;
UNLOCK TABLES;

--
-- Table structure for table `Software_dynamicrecord`
--

DROP TABLE IF EXISTS `Software_dynamicrecord`;
/*!40101 SET @saved_cs_client     = @@character_set_client */;
 SET character_set_client = utf8mb4 ;
CREATE TABLE `Software_dynamicrecord` (
  `id` int(11) NOT NULL AUTO_INCREMENT,
  `typ` int(11) NOT NULL,
  `time_of_dynamic` datetime(6) NOT NULL,
  `project_id` int(11) NOT NULL,
  PRIMARY KEY (`id`),
  KEY `Software_dynamicreco_project_id_c473f207_fk_Software_` (`project_id`),
  CONSTRAINT `Software_dynamicreco_project_id_c473f207_fk_Software_` FOREIGN KEY (`project_id`) REFERENCES `Software_project` (`pid`)
) ENGINE=InnoDB AUTO_INCREMENT=856 DEFAULT CHARSET=utf8mb4 COLLATE=utf8mb4_0900_ai_ci;
/*!40101 SET character_set_client = @saved_cs_client */;

--
-- Dumping data for table `Software_dynamicrecord`
--

LOCK TABLES `Software_dynamicrecord` WRITE;
/*!40000 ALTER TABLE `Software_dynamicrecord` DISABLE KEYS */;
INSERT INTO `Software_dynamicrecord` VALUES (1,1,'2019-04-22 09:47:06.325645',30981),(2,1,'2019-04-22 13:17:53.093049',30982),(3,1,'2019-04-22 13:17:53.676236',30983),(4,1,'2019-04-22 13:17:53.879531',30984),(5,1,'2019-04-22 13:17:53.992248',30985),(6,1,'2019-04-22 13:17:54.145065',30986),(7,1,'2019-04-22 13:17:54.268842',30987),(8,1,'2019-04-22 13:17:54.382221',30988),(9,1,'2019-04-22 13:17:54.487258',30989),(11,1,'2019-04-22 13:17:54.855118',30991),(12,1,'2019-04-22 13:17:54.982895',30992),(13,1,'2019-04-22 13:17:55.088040',30993),(14,1,'2019-04-22 13:17:55.249535',30994),(15,1,'2019-04-22 13:17:55.373534',30995),(16,1,'2019-04-22 13:17:55.578818',30996),(17,1,'2019-04-22 13:17:55.708288',30997),(18,1,'2019-04-22 13:17:55.820241',30998),(19,1,'2019-04-22 13:17:55.929992',30999),(20,1,'2019-04-22 13:17:56.084783',31000),(21,1,'2019-04-22 13:17:56.301760',31001),(22,1,'2019-04-22 13:17:56.427566',31002),(23,1,'2019-04-22 13:17:56.564184',31003),(24,1,'2019-04-22 13:17:56.685046',31004),(26,1,'2019-04-22 13:17:57.034317',31006),(27,1,'2019-04-22 13:17:57.154937',31007),(28,1,'2019-04-22 13:17:57.301039',31008),(29,1,'2019-04-22 13:17:57.467305',31009),(30,1,'2019-04-22 13:17:57.600025',31010),(31,1,'2019-04-22 13:17:57.899111',31011),(32,1,'2019-04-22 13:17:58.046789',31012),(33,1,'2019-04-22 13:17:58.184661',31013),(34,1,'2019-04-22 13:17:58.365946',31014),(35,1,'2019-04-22 13:17:58.474847',31015),(36,1,'2019-04-22 13:17:58.778275',31016),(37,1,'2019-04-22 13:17:58.899035',31017),(38,1,'2019-04-22 13:17:59.021476',31018),(39,1,'2019-04-22 13:17:59.137688',31019),(40,1,'2019-04-22 13:17:59.272884',31020),(42,1,'2019-04-22 13:17:59.703239',31022),(43,1,'2019-04-22 13:17:59.815489',31023),(44,1,'2019-04-22 13:17:59.945035',31024),(45,1,'2019-04-22 13:18:00.067730',31025),(46,1,'2019-04-22 13:18:00.445318',31026),(47,1,'2019-04-22 13:18:00.562949',31027),(48,1,'2019-04-22 13:18:00.674871',31028),(49,1,'2019-04-22 13:18:00.827452',31029),(50,1,'2019-04-22 13:18:00.991184',31030),(51,1,'2019-04-22 13:18:01.332417',31031),(52,1,'2019-04-22 13:18:01.468965',31032),(53,1,'2019-04-22 13:18:01.627189',31033),(54,1,'2019-04-22 13:18:01.750777',31034),(55,1,'2019-04-22 13:18:01.873682',31035),(56,1,'2019-04-22 13:18:02.008012',31036),(57,1,'2019-04-22 13:18:02.157024',31037),(58,1,'2019-04-22 13:18:02.308815',31038),(59,1,'2019-04-22 13:18:02.440546',31039),(60,1,'2019-04-22 13:18:02.566479',31040),(61,1,'2019-04-22 13:18:02.695611',31041),(62,1,'2019-04-22 13:18:02.877412',31042),(63,1,'2019-04-22 13:18:03.017760',31043),(64,1,'2019-04-22 13:18:03.135716',31044),(65,1,'2019-04-22 13:18:03.268286',31045),(66,1,'2019-04-22 13:18:03.392735',31046),(67,1,'2019-04-22 13:18:03.655547',31047),(68,1,'2019-04-22 13:18:03.800588',31048),(69,1,'2019-04-22 13:18:03.941819',31049),(70,1,'2019-04-22 13:18:04.061130',31050),(71,1,'2019-04-22 13:18:04.246886',31051),(72,1,'2019-04-22 13:18:04.453111',31052),(73,1,'2019-04-22 13:18:04.575489',31053),(75,1,'2019-04-22 13:18:04.796975',31055),(76,1,'2019-04-22 13:18:04.906854',31056),(77,1,'2019-04-22 13:18:05.145652',31057),(78,1,'2019-04-22 13:18:05.333852',31058),(79,1,'2019-04-22 13:18:05.560216',31059),(80,1,'2019-04-22 13:18:05.664676',31060),(81,1,'2019-04-22 13:18:05.781714',31061),(82,1,'2019-04-22 13:18:06.026096',31062),(83,1,'2019-04-22 13:18:06.147115',31063),(84,1,'2019-04-22 13:18:06.268411',31064),(85,1,'2019-04-22 13:18:06.386836',31065),(86,1,'2019-04-22 13:18:06.507795',31066),(87,1,'2019-04-22 13:18:06.780684',31067),(88,1,'2019-04-22 13:18:06.891256',31068),(89,1,'2019-04-22 13:18:07.025821',31069),(90,1,'2019-04-22 13:18:07.129034',31070),(91,1,'2019-04-22 13:18:07.254198',31071),(92,1,'2019-04-22 13:18:07.537599',31072),(93,1,'2019-04-22 13:18:07.671395',31073),(94,1,'2019-04-22 13:18:07.810161',31074),(95,1,'2019-04-22 13:18:07.935849',31075),(96,1,'2019-04-22 13:18:08.049911',31076),(97,1,'2019-04-22 13:18:08.365400',31077),(98,1,'2019-04-22 13:18:08.481607',31078),(99,1,'2019-04-22 13:18:08.600721',31079),(100,1,'2019-04-22 13:18:08.740013',31080),(101,1,'2019-04-22 13:18:08.876584',31081),(102,1,'2019-04-22 13:18:09.194595',31082),(103,1,'2019-04-22 13:18:09.327516',31083),(104,1,'2019-04-22 13:18:09.450427',31084),(105,1,'2019-04-22 13:18:09.566412',31085),(107,1,'2019-04-22 13:18:09.813459',31087),(108,1,'2019-04-22 13:18:09.948515',31088),(109,1,'2019-04-22 13:18:10.068061',31089),(110,1,'2019-04-22 13:18:10.187665',31090),(111,1,'2019-04-22 13:18:10.335912',31091),(112,1,'2019-04-22 13:18:10.458706',31092),(113,1,'2019-04-22 13:18:10.638675',31093),(114,1,'2019-04-22 13:18:10.754233',31094),(115,1,'2019-04-22 13:18:10.871303',31095),(116,1,'2019-04-22 13:18:10.993929',31096),(117,1,'2019-04-22 13:18:11.108169',31097),(118,1,'2019-04-22 13:18:11.302513',31098),(119,1,'2019-04-22 13:18:11.429056',31099),(120,1,'2019-04-22 13:18:11.556767',31100),(121,1,'2019-04-22 13:18:11.676654',31101),(122,1,'2019-04-22 13:18:11.793484',31102),(123,1,'2019-04-22 13:18:12.015966',31103),(124,1,'2019-04-22 13:18:12.143655',31104),(126,1,'2019-04-22 13:18:12.378238',31106),(127,1,'2019-04-22 13:18:12.495650',31107),(128,1,'2019-04-22 13:18:12.759973',31108),(129,1,'2019-04-22 13:18:12.877826',31109),(130,1,'2019-04-22 13:18:13.041113',31110),(131,1,'2019-04-22 13:18:13.157081',31111),(132,1,'2019-04-22 13:18:13.277653',31112),(133,1,'2019-04-22 13:18:13.683275',31113),(134,1,'2019-04-22 13:18:13.808966',31114),(135,1,'2019-04-22 13:18:13.922900',31115),(136,1,'2019-04-22 13:18:14.072184',31116),(137,1,'2019-04-22 13:18:14.190078',31117),(138,1,'2019-04-22 13:18:14.473248',31118),(139,1,'2019-04-22 13:18:14.599248',31119),(140,1,'2019-04-22 13:18:14.712542',31120),(141,1,'2019-04-22 13:18:14.820283',31121),(142,1,'2019-04-22 13:18:14.934481',31122),(143,1,'2019-04-22 13:18:15.241919',31123),(144,1,'2019-04-22 13:18:15.362081',31124),(145,1,'2019-04-22 13:18:15.505158',31125),(146,1,'2019-04-22 13:18:15.624702',31126),(147,1,'2019-04-22 13:18:15.776114',31127),(148,1,'2019-04-22 13:18:16.274282',31128),(149,1,'2019-04-22 13:18:16.385942',31129),(150,1,'2019-04-22 13:18:16.525077',31130),(151,1,'2019-04-22 13:18:16.641515',31131),(152,1,'2019-04-22 13:18:16.768093',31132),(153,1,'2019-04-22 13:18:17.113286',31133),(154,1,'2019-04-22 13:18:17.224077',31134),(155,1,'2019-04-22 13:18:17.386760',31135),(156,1,'2019-04-22 13:18:17.528334',31136),(157,1,'2019-04-22 13:18:17.680219',31137),(158,1,'2019-04-22 13:18:17.790249',31138),(159,1,'2019-04-22 13:18:17.939320',31139),(160,1,'2019-04-22 13:18:18.058194',31140),(161,1,'2019-04-22 13:18:18.190725',31141),(162,1,'2019-04-22 13:18:18.342094',31142),(163,1,'2019-04-22 13:18:18.499056',31143),(164,1,'2019-04-22 13:18:18.659564',31144),(165,1,'2019-04-22 13:18:18.788578',31145),(166,1,'2019-04-22 13:18:18.931082',31146),(167,1,'2019-04-22 13:18:19.177637',31147),(168,1,'2019-04-22 13:18:19.365395',31148),(169,1,'2019-04-22 13:18:19.581043',31149),(170,1,'2019-04-22 13:18:19.703293',31150),(171,1,'2019-04-22 13:18:19.832069',31151),(172,1,'2019-04-22 13:18:19.943885',31152),(173,1,'2019-04-22 13:18:20.085147',31153),(174,1,'2019-04-22 13:18:20.360753',31154),(175,1,'2019-04-22 13:18:20.473221',31155),(176,1,'2019-04-22 13:18:20.601947',31156),(177,1,'2019-04-22 13:18:20.741646',31157),(178,1,'2019-04-22 13:18:20.897129',31158),(179,1,'2019-04-22 13:18:21.189159',31159),(180,1,'2019-04-22 13:18:21.324207',31160),(181,1,'2019-04-22 13:18:21.447489',31161),(182,1,'2019-04-22 13:18:21.604033',31162),(183,1,'2019-04-22 13:18:21.723222',31163),(184,1,'2019-04-22 13:18:22.088716',31164),(185,1,'2019-04-22 13:18:22.255557',31165),(186,1,'2019-04-22 13:18:22.379540',31166),(187,1,'2019-04-22 13:18:22.508266',31167),(188,1,'2019-04-22 13:18:22.687694',31168),(189,1,'2019-04-22 13:18:23.126300',31169),(190,1,'2019-04-22 13:18:23.258050',31170),(191,1,'2019-04-22 13:18:23.405235',31171),(193,1,'2019-04-22 13:18:23.661268',31173),(194,1,'2019-04-22 13:18:24.136362',31174),(195,1,'2019-04-22 13:18:24.263938',31175),(196,1,'2019-04-22 13:18:24.380781',31176),(197,1,'2019-04-22 13:18:24.508936',31177),(198,1,'2019-04-22 13:18:24.668768',31178),(199,1,'2019-04-22 13:18:25.143926',31179),(200,1,'2019-04-22 13:18:25.333163',31180),(201,1,'2019-04-22 13:18:25.458982',31181),(202,1,'2019-04-22 13:18:25.613038',31182),(203,1,'2019-04-22 13:18:25.762586',31183),(204,1,'2019-04-22 13:18:26.269105',31184),(205,1,'2019-04-22 13:18:26.445353',31185),(206,1,'2019-04-22 13:18:26.570954',31186),(207,1,'2019-04-22 13:18:26.697868',31187),(208,1,'2019-04-22 13:18:26.823868',31188),(209,1,'2019-04-22 13:18:28.033316',31189),(210,1,'2019-04-22 13:18:28.159291',31190),(211,1,'2019-04-22 13:18:28.283772',31191),(212,1,'2019-04-22 13:18:28.401436',31192),(213,1,'2019-04-22 13:18:28.583583',31193),(214,1,'2019-04-22 13:18:28.708111',31194),(215,1,'2019-04-22 13:18:28.899075',31195),(216,1,'2019-04-22 13:18:29.010663',31196),(217,1,'2019-04-22 13:18:29.125884',31197),(218,1,'2019-04-22 13:18:29.251389',31198),(219,1,'2019-04-22 13:18:29.366572',31199),(220,1,'2019-04-22 13:18:29.529275',31200),(221,1,'2019-04-22 13:18:29.672495',31201),(222,1,'2019-04-22 13:18:29.820799',31202),(223,1,'2019-04-22 13:18:29.950067',31203),(224,1,'2019-04-22 13:18:30.079392',31204),(225,1,'2019-04-22 13:18:30.302509',31205),(226,1,'2019-04-22 13:18:30.444118',31206),(227,1,'2019-04-22 13:18:30.559882',31207),(228,1,'2019-04-22 13:18:30.732200',31208),(229,1,'2019-04-22 13:18:30.890055',31209),(230,1,'2019-04-22 13:18:31.109782',31210),(231,1,'2019-04-22 13:18:31.301848',31211),(232,1,'2019-04-22 13:18:31.418710',31212),(233,1,'2019-04-22 13:18:31.581483',31213),(234,1,'2019-04-22 13:18:31.735390',31214),(235,1,'2019-04-22 13:18:32.252122',31215),(236,1,'2019-04-22 13:18:32.379471',31216),(237,1,'2019-04-22 13:18:32.528910',31217),(238,1,'2019-04-22 13:18:32.648708',31218),(239,1,'2019-04-22 13:18:32.767460',31219),(240,1,'2019-04-22 13:18:33.062327',31220),(241,1,'2019-04-22 13:18:33.197050',31221),(242,1,'2019-04-22 13:18:33.358551',31222),(243,1,'2019-04-22 13:18:33.476131',31223),(244,1,'2019-04-22 13:18:33.607027',31224),(245,1,'2019-04-22 13:18:33.921687',31225),(246,1,'2019-04-22 13:18:34.036339',31226),(247,1,'2019-04-22 13:18:34.175497',31227),(248,1,'2019-04-22 13:18:34.285445',31228),(249,1,'2019-04-22 13:18:34.426035',31229),(250,1,'2019-04-22 13:18:34.767851',31230),(251,1,'2019-04-22 13:18:34.876031',31231),(252,1,'2019-04-22 13:18:35.013532',31232),(253,1,'2019-04-22 13:18:35.196493',31233),(254,1,'2019-04-22 13:18:35.310242',31234),(255,1,'2019-04-22 13:18:35.666453',31235),(256,1,'2019-04-22 13:18:35.779259',31236),(257,1,'2019-04-22 13:18:35.914549',31237),(258,1,'2019-04-22 13:18:36.085095',31238),(259,1,'2019-04-22 13:18:36.331800',31239),(260,1,'2019-04-22 13:18:36.749760',31240),(261,1,'2019-04-22 13:18:36.922817',31241),(262,1,'2019-04-22 13:18:37.090270',31242),(263,1,'2019-04-22 13:18:37.229669',31243),(264,1,'2019-04-22 13:18:37.339604',31244),(265,1,'2019-04-22 13:18:37.486764',31245),(266,1,'2019-04-22 13:18:37.689064',31246),(267,1,'2019-04-22 13:18:37.856587',31247),(268,1,'2019-04-22 13:18:38.014576',31248),(269,1,'2019-04-22 13:18:38.148806',31249),(270,1,'2019-04-22 13:18:38.264934',31250),(271,1,'2019-04-22 13:18:38.526464',31251),(272,1,'2019-04-22 13:18:38.645796',31252),(273,1,'2019-04-22 13:18:38.786333',31253),(274,1,'2019-04-22 13:18:38.962877',31254),(275,1,'2019-04-22 13:18:39.096705',31255),(276,1,'2019-04-22 13:18:39.358124',31256),(277,1,'2019-04-22 13:18:39.466964',31257),(279,1,'2019-04-22 13:18:39.701025',31259),(280,1,'2019-04-22 13:18:39.824800',31260),(281,1,'2019-04-22 13:18:40.137049',31261),(282,1,'2019-04-22 13:18:40.253908',31262),(283,1,'2019-04-22 13:18:40.379701',31263),(284,1,'2019-04-22 13:18:40.517860',31264),(285,1,'2019-04-22 13:18:40.674085',31265),(286,1,'2019-04-22 13:18:41.045766',31266),(287,1,'2019-04-22 13:18:41.189099',31267),(289,1,'2019-04-22 13:18:41.463742',31269),(290,1,'2019-04-22 13:18:41.580832',31270),(291,1,'2019-04-22 13:18:42.045537',31271),(292,1,'2019-04-22 13:18:42.155637',31272),(293,1,'2019-04-22 13:18:42.258796',31273),(294,1,'2019-04-22 13:18:42.368430',31274),(295,1,'2019-04-22 13:18:42.472988',31275),(296,1,'2019-04-22 13:18:42.909070',31276),(297,1,'2019-04-22 13:18:43.042855',31277),(298,1,'2019-04-22 13:18:43.173751',31278),(299,1,'2019-04-22 13:18:43.330017',31279),(300,1,'2019-04-22 13:18:43.488877',31280),(301,1,'2019-04-22 13:18:44.009139',31281),(302,1,'2019-04-22 13:18:44.156974',31282),(303,1,'2019-04-22 13:18:44.286480',31283),(304,1,'2019-04-22 13:18:44.466529',31284),(305,1,'2019-04-22 13:18:44.743906',31285),(306,1,'2019-04-22 13:18:45.318737',31286),(308,1,'2019-04-22 13:18:45.577569',31288),(309,1,'2019-04-22 13:18:45.701688',31289),(310,1,'2019-04-22 13:18:45.820788',31290),(311,1,'2019-04-22 13:18:46.415667',31291),(312,1,'2019-04-22 13:18:46.530051',31292),(313,1,'2019-04-22 13:18:46.667643',31293),(314,1,'2019-04-22 13:18:46.847602',31294),(315,1,'2019-04-22 13:18:47.000653',31295),(316,1,'2019-04-22 13:18:47.113353',31296),(317,1,'2019-04-22 13:18:47.290462',31297),(318,1,'2019-04-22 13:18:47.515370',31298),(319,1,'2019-04-22 13:18:47.647558',31299),(320,1,'2019-04-22 13:18:47.772103',31300),(321,1,'2019-04-22 13:18:47.939903',31301),(322,1,'2019-04-22 13:18:48.151703',31302),(323,1,'2019-04-22 13:18:48.296119',31303),(324,1,'2019-04-22 13:18:48.446695',31304),(325,1,'2019-04-22 13:18:48.582927',31305),(326,1,'2019-04-22 13:18:48.711549',31306),(327,1,'2019-04-22 13:18:48.952809',31307),(328,1,'2019-04-22 13:18:49.100426',31308),(329,1,'2019-04-22 13:18:49.222834',31309),(330,1,'2019-04-22 13:18:49.333577',31310),(331,1,'2019-04-22 13:18:49.456794',31311),(332,1,'2019-04-22 13:18:49.751157',31312),(333,1,'2019-04-22 13:18:49.902683',31313),(334,1,'2019-04-22 13:18:50.042952',31314),(335,1,'2019-04-22 13:18:50.232324',31315),(336,1,'2019-04-22 13:18:50.359867',31316),(337,1,'2019-04-22 13:18:50.685325',31317),(338,1,'2019-04-22 13:18:50.818051',31318),(339,1,'2019-04-22 13:18:50.958399',31319),(340,1,'2019-04-22 13:18:51.187501',31320),(341,1,'2019-04-22 13:18:51.343570',31321),(342,1,'2019-04-22 13:18:51.687771',31322),(343,1,'2019-04-22 13:18:51.860777',31323),(344,1,'2019-04-22 13:18:51.989535',31324),(345,1,'2019-04-22 13:18:52.126301',31325),(346,1,'2019-04-22 13:18:52.247929',31326),(347,1,'2019-04-22 13:18:52.625679',31327),(348,1,'2019-04-22 13:18:52.782990',31328),(349,1,'2019-04-22 13:18:52.986850',31329),(350,1,'2019-04-22 13:18:53.414912',31330),(351,1,'2019-04-22 13:18:53.728288',31331),(352,1,'2019-04-22 13:18:54.265170',31332),(353,1,'2019-04-22 13:18:54.527090',31333),(354,1,'2019-04-22 13:18:54.829088',31334),(355,1,'2019-04-22 13:18:55.246196',31335),(356,1,'2019-04-22 13:18:55.588784',31336),(357,1,'2019-04-22 13:18:56.213006',31337),(358,1,'2019-04-22 13:18:56.493614',31338),(359,1,'2019-04-22 13:18:56.734519',31339),(360,1,'2019-04-22 13:18:57.075878',31340),(361,1,'2019-04-22 13:18:57.497099',31341),(362,1,'2019-04-22 13:18:58.141597',31342),(363,1,'2019-04-22 13:18:58.476482',31343),(364,1,'2019-04-22 13:18:58.830659',31344),(365,1,'2019-04-22 13:18:59.190122',31345),(366,1,'2019-04-22 13:18:59.708138',31346),(367,1,'2019-04-22 13:19:00.072093',31347),(368,1,'2019-04-22 13:19:00.414951',31348),(370,1,'2019-04-22 13:19:01.255386',31350),(372,1,'2019-04-22 13:19:02.302100',31352),(374,1,'2019-04-22 13:19:03.331711',31354),(375,1,'2019-04-22 13:19:03.776410',31355),(376,1,'2019-04-22 13:19:04.225360',31356),(378,1,'2019-04-22 13:19:05.219183',31358),(379,1,'2019-04-22 13:19:05.695535',31359),(381,1,'2019-04-22 13:19:06.727954',31361),(382,1,'2019-04-22 13:19:07.132462',31362),(383,1,'2019-04-22 13:19:07.888001',31363),(385,1,'2019-04-22 13:19:08.689553',31365),(386,1,'2019-04-22 13:19:09.207946',31366),(387,1,'2019-04-22 13:19:09.528834',31367),(388,1,'2019-04-22 13:19:10.049946',31368),(389,1,'2019-04-22 13:19:10.541466',31369),(390,1,'2019-04-22 13:19:10.941925',31370),(391,1,'2019-04-22 13:19:11.369563',31371),(392,1,'2019-04-22 13:19:11.925646',31372),(393,1,'2019-04-22 13:19:12.535976',31373),(394,1,'2019-04-22 13:19:12.916900',31374),(395,1,'2019-04-22 13:19:13.306921',31375),(396,1,'2019-04-22 13:19:13.844236',31376),(397,1,'2019-04-22 13:19:14.679076',31377),(398,1,'2019-04-22 13:19:15.317450',31378),(399,1,'2019-04-22 13:19:15.725162',31379),(400,1,'2019-04-22 13:19:16.120970',31380),(401,1,'2019-04-22 13:19:16.498706',31381),(402,1,'2019-04-22 13:19:16.890383',31382),(403,1,'2019-04-22 13:19:17.562774',31383),(404,1,'2019-04-22 13:19:17.997961',31384),(405,1,'2019-04-22 13:19:18.323013',31385),(406,1,'2019-04-22 13:19:18.713867',31386),(407,1,'2019-04-22 13:19:19.081807',31387),(408,1,'2019-04-22 13:19:19.759459',31388),(409,1,'2019-04-22 13:19:20.142482',31389),(410,1,'2019-04-22 13:19:20.575721',31390),(411,1,'2019-04-22 13:19:21.014227',31391),(412,1,'2019-04-22 13:19:21.720560',31392),(413,1,'2019-04-22 13:19:22.471465',31393),(414,1,'2019-04-22 13:19:22.862519',31394),(415,1,'2019-04-22 13:19:23.302960',31395),(416,1,'2019-04-22 13:19:23.873208',31396),(417,1,'2019-04-22 13:19:24.287706',31397),(418,1,'2019-04-22 13:19:26.414823',31398),(419,1,'2019-04-22 13:19:26.836190',31399),(420,1,'2019-04-22 13:19:27.362993',31400),(421,1,'2019-04-22 13:19:27.952518',31401),(422,1,'2019-04-22 13:19:28.326773',31402),(423,1,'2019-04-22 13:19:29.014090',31403),(426,1,'2019-04-22 13:19:30.766834',31406),(427,1,'2019-04-22 13:19:31.217059',31407),(428,1,'2019-04-22 13:19:31.790183',31408),(429,1,'2019-04-22 13:19:32.341283',31409),(430,1,'2019-04-22 13:19:32.809790',31410),(431,1,'2019-04-22 13:19:33.247922',31411),(432,1,'2019-04-22 13:19:33.855663',31412),(433,1,'2019-04-22 13:19:34.308605',31413),(434,1,'2019-04-22 13:19:35.001079',31414),(435,1,'2019-04-22 13:19:35.508346',31415),(436,1,'2019-04-22 13:19:36.082666',31416),(438,1,'2019-04-22 13:19:37.152242',31418),(439,1,'2019-04-22 13:19:37.906013',31419),(440,1,'2019-04-22 13:19:38.392706',31420),(441,1,'2019-04-22 13:19:38.884112',31421),(442,1,'2019-04-22 13:19:39.316793',31422),(444,1,'2019-04-22 13:19:40.709028',31424),(445,1,'2019-04-22 13:19:41.171806',31425),(448,1,'2019-04-22 13:19:42.780587',31428),(449,1,'2019-04-22 13:19:43.384553',31429),(450,1,'2019-04-22 13:19:43.850346',31430),(451,1,'2019-04-22 13:19:44.301595',31431),(452,1,'2019-04-22 13:19:44.942333',31432),(453,1,'2019-04-22 13:19:45.369452',31433),(454,1,'2019-04-22 13:19:46.172189',31434),(455,1,'2019-04-22 13:19:46.647999',31435),(456,1,'2019-04-22 13:19:47.157387',31436),(457,1,'2019-04-22 13:19:47.706066',31437),(458,1,'2019-04-22 13:19:48.091338',31438),(459,1,'2019-04-22 13:19:49.045951',31439),(460,1,'2019-04-22 13:19:49.492235',31440),(461,1,'2019-04-22 13:19:49.991065',31441),(462,1,'2019-04-22 13:19:50.662354',31442),(464,1,'2019-04-22 13:19:52.077459',31444),(465,1,'2019-04-22 13:19:52.647869',31445),(467,1,'2019-04-22 13:19:53.706737',31447),(468,1,'2019-04-22 13:19:54.178529',31448),(469,1,'2019-04-22 13:19:55.085987',31449),(470,1,'2019-04-22 13:19:55.487935',31450),(472,1,'2019-04-22 13:19:56.387507',31452),(473,1,'2019-04-22 13:19:56.941365',31453),(474,1,'2019-04-22 13:19:57.386527',31454),(476,1,'2019-04-22 13:19:58.757691',31456),(477,1,'2019-04-22 13:19:59.189122',31457),(478,1,'2019-04-22 13:19:59.789804',31458),(479,1,'2019-04-22 13:20:00.191129',31459),(480,1,'2019-04-22 13:20:00.919902',31460),(483,1,'2019-04-22 13:20:02.683709',31463),(484,1,'2019-04-22 13:20:03.196295',31464),(485,1,'2019-04-22 13:20:03.880333',31465),(487,1,'2019-04-22 13:20:04.779201',31467),(488,1,'2019-04-22 13:20:05.219169',31468),(492,1,'2019-04-22 13:20:07.485941',31472),(493,1,'2019-04-22 13:20:07.974417',31473),(497,1,'2019-04-22 13:20:09.764467',31477),(498,1,'2019-04-22 13:20:10.086459',31478),(500,1,'2019-04-22 13:20:10.762173',31480),(501,1,'2019-04-22 13:20:11.029367',31481),(502,1,'2019-04-22 13:20:11.405928',31482),(503,1,'2019-04-22 13:20:11.720794',31483),(504,1,'2019-04-22 13:20:12.018560',31484),(505,1,'2019-04-22 13:20:12.547607',31485),(506,1,'2019-04-22 13:20:12.861200',31486),(511,1,'2019-04-22 13:20:14.771674',31491),(514,1,'2019-04-22 13:20:15.734775',31494),(515,1,'2019-04-22 13:20:16.316037',31495),(517,1,'2019-04-22 13:20:16.946275',31497),(519,1,'2019-04-22 13:20:17.717343',31499),(520,1,'2019-04-22 13:20:18.333906',31500),(522,1,'2019-04-22 13:20:18.936499',31502),(523,1,'2019-04-22 13:20:19.218586',31503),(524,1,'2019-04-22 13:20:19.491364',31504),(525,1,'2019-04-22 13:20:19.734719',31505),(526,1,'2019-04-22 13:20:20.154561',31506),(527,1,'2019-04-22 13:20:20.528939',31507),(528,1,'2019-04-22 13:20:20.807518',31508),(529,1,'2019-04-22 13:20:21.185874',31509),(530,1,'2019-04-22 13:20:21.525199',31510),(531,1,'2019-04-22 13:20:21.890657',31511),(532,1,'2019-04-22 13:20:22.185234',31512),(533,1,'2019-04-22 13:20:22.614378',31513),(534,1,'2019-04-22 13:20:22.934987',31514),(537,1,'2019-04-22 13:20:23.954002',31517),(539,1,'2019-04-22 13:20:24.618311',31519),(540,1,'2019-04-22 13:20:24.947173',31520),(541,1,'2019-04-22 13:20:25.377046',31521),(542,1,'2019-04-22 13:20:25.664781',31522),(547,1,'2019-04-22 13:20:27.430834',31527),(548,1,'2019-04-22 13:20:27.700374',31528),(549,1,'2019-04-22 13:20:27.992259',31529),(550,1,'2019-04-22 13:20:28.320828',31530),(551,1,'2019-04-22 13:20:28.871258',31531),(552,1,'2019-04-22 13:20:29.155085',31532),(554,1,'2019-04-22 13:20:29.789059',31534),(556,1,'2019-04-22 13:20:30.642313',31536),(557,1,'2019-04-22 13:20:30.955489',31537),(559,1,'2019-04-22 13:20:31.617830',31539),(560,1,'2019-04-22 13:20:31.970513',31540),(561,1,'2019-04-22 13:20:32.630539',31541),(563,1,'2019-04-22 13:20:33.289756',31543),(566,1,'2019-04-22 13:20:34.663738',31546),(567,1,'2019-04-22 13:20:35.007308',31547),(568,1,'2019-04-22 13:20:35.474345',31548),(570,1,'2019-04-22 13:20:36.137345',31550),(573,1,'2019-04-22 13:20:37.512817',31553),(574,1,'2019-04-22 13:20:37.917659',31554),(575,1,'2019-04-22 13:20:38.275003',31555),(577,1,'2019-04-22 13:20:39.060090',31557),(578,1,'2019-04-22 13:20:39.510834',31558),(579,1,'2019-04-22 13:20:39.918341',31559),(580,1,'2019-04-22 13:20:40.249117',31560),(581,1,'2019-04-22 13:20:40.647095',31561),(582,1,'2019-04-22 13:20:41.068811',31562),(583,1,'2019-04-22 13:20:41.432536',31563),(584,1,'2019-04-22 13:20:41.814443',31564),(585,1,'2019-04-22 13:20:42.215986',31565),(586,1,'2019-04-22 13:20:42.593782',31566),(587,1,'2019-04-22 13:20:43.046001',31567),(588,1,'2019-04-22 13:20:43.426025',31568),(589,1,'2019-04-22 13:20:43.812398',31569),(590,1,'2019-04-22 13:20:44.118375',31570),(591,1,'2019-04-22 13:20:44.506012',31571),(592,1,'2019-04-22 13:20:44.910165',31572),(593,1,'2019-04-22 13:20:45.269363',31573),(594,1,'2019-04-22 13:20:45.853847',31574),(596,1,'2019-04-22 13:20:46.627361',31576),(597,1,'2019-04-22 13:20:47.129665',31577),(599,1,'2019-04-22 13:20:48.032674',31579),(600,1,'2019-04-22 13:20:48.382845',31580),(603,1,'2019-04-22 13:20:49.562170',31583),(604,1,'2019-04-22 13:20:49.929431',31584),(606,1,'2019-04-22 13:20:50.661360',31586),(608,1,'2019-04-22 13:20:51.616355',31588),(609,1,'2019-04-22 13:20:52.040100',31589),(610,1,'2019-04-22 13:20:52.366837',31590),(611,1,'2019-04-22 13:20:52.706312',31591),(613,1,'2019-04-22 13:20:53.605577',31593),(615,1,'2019-04-22 13:20:54.417646',31595),(616,1,'2019-04-22 13:20:54.785209',31596),(618,1,'2019-04-22 13:20:55.822003',31598),(619,1,'2019-04-22 13:20:56.197091',31599),(621,1,'2019-04-22 13:20:56.906008',31601),(622,1,'2019-04-22 13:20:57.533443',31602),(623,1,'2019-04-22 13:20:57.981225',31603),(624,1,'2019-04-22 13:20:58.351669',31604),(626,1,'2019-04-22 13:20:59.128325',31606),(628,1,'2019-04-22 13:21:01.455107',31608),(629,1,'2019-04-22 13:21:01.894539',31609),(630,1,'2019-04-22 13:21:02.283208',31610),(631,1,'2019-04-22 13:21:02.646010',31611),(632,1,'2019-04-22 13:21:03.050017',31612),(633,1,'2019-04-22 13:21:03.485710',31613),(634,1,'2019-04-22 13:21:03.838110',31614),(635,1,'2019-04-22 13:21:04.202464',31615),(636,1,'2019-04-22 13:21:04.591674',31616),(637,1,'2019-04-22 13:21:04.949118',31617),(638,1,'2019-04-22 13:21:05.474792',31618),(639,1,'2019-04-22 13:21:05.837932',31619),(640,1,'2019-04-22 13:21:06.212108',31620),(642,1,'2019-04-22 13:21:06.971198',31622),(643,1,'2019-04-22 13:21:07.544712',31623),(645,1,'2019-04-22 13:21:08.291805',31625),(647,1,'2019-04-22 13:21:09.029212',31627),(648,1,'2019-04-22 13:21:09.516383',31628),(650,1,'2019-04-22 13:21:10.195615',31630),(651,1,'2019-04-22 13:21:10.594716',31631),(653,1,'2019-04-22 13:21:11.459331',31633),(655,1,'2019-04-22 13:21:12.224812',31635),(656,1,'2019-04-22 13:21:12.603576',31636),(659,1,'2019-04-22 13:21:13.825810',31639),(660,1,'2019-04-22 13:21:14.162033',31640),(662,1,'2019-04-22 13:21:14.986498',31642),(665,1,'2019-04-22 13:21:16.250734',31645),(667,1,'2019-04-22 13:21:17.169422',31647),(672,1,'2019-04-22 13:21:19.450467',31652),(673,1,'2019-04-22 13:21:20.015012',31653),(674,1,'2019-04-22 13:21:20.344152',31654),(675,1,'2019-04-22 13:21:20.719304',31655),(676,1,'2019-04-22 13:21:21.089462',31656),(677,1,'2019-04-22 13:21:21.436749',31657),(679,1,'2019-04-22 13:21:22.530490',31659),(681,1,'2019-04-22 13:21:23.347893',31661),(682,1,'2019-04-22 13:21:23.826864',31662),(683,1,'2019-04-22 13:21:24.295832',31663),(685,1,'2019-04-22 13:21:25.090216',31665),(686,1,'2019-04-22 13:21:25.614898',31666),(687,1,'2019-04-22 13:21:25.989681',31667),(688,1,'2019-04-22 13:21:26.424768',31668),(689,1,'2019-04-22 13:21:26.879709',31669),(690,1,'2019-04-22 13:21:27.272969',31670),(691,1,'2019-04-22 13:21:27.619999',31671),(692,1,'2019-04-22 13:21:27.957225',31672),(693,1,'2019-04-22 13:21:28.348801',31673),(694,1,'2019-04-22 13:21:28.921687',31674),(695,1,'2019-04-22 13:21:29.276498',31675),(696,1,'2019-04-22 13:21:29.779731',31676),(697,1,'2019-04-22 13:21:30.227635',31677),(699,1,'2019-04-22 13:21:31.070502',31679),(700,1,'2019-04-22 13:21:31.466850',31680),(701,1,'2019-04-22 13:21:31.802896',31681),(702,1,'2019-04-22 13:21:32.277744',31682),(704,1,'2019-04-22 13:21:33.208803',31684),(705,1,'2019-04-22 13:21:33.569976',31685),(706,1,'2019-04-22 13:21:34.009064',31686),(707,1,'2019-04-22 13:21:34.365217',31687),(708,1,'2019-04-22 13:21:34.738555',31688),(709,1,'2019-04-22 13:21:35.370826',31689),(713,1,'2019-04-22 13:21:37.026212',31693),(714,1,'2019-04-22 13:21:37.642509',31694),(715,1,'2019-04-22 13:21:38.060130',31695),(717,1,'2019-04-22 13:21:38.751726',31697),(719,1,'2019-04-22 13:21:39.855257',31699),(720,1,'2019-04-22 13:21:40.209562',31700),(721,1,'2019-04-22 13:21:40.676531',31701),(722,1,'2019-04-22 13:21:41.034675',31702),(725,1,'2019-04-22 13:21:42.585119',31705),(726,1,'2019-04-22 13:21:42.966708',31706),(727,1,'2019-04-22 13:21:43.366803',31707),(728,1,'2019-04-22 13:21:43.692483',31708),(729,1,'2019-04-22 13:21:44.370593',31709),(731,1,'2019-04-22 13:21:45.186955',31711),(733,1,'2019-04-22 13:21:45.906577',31713),(735,1,'2019-04-22 13:21:46.759950',31715),(737,1,'2019-04-22 13:21:47.511292',31717),(738,1,'2019-04-22 13:21:47.874728',31718),(739,1,'2019-04-22 13:21:48.360769',31719),(740,1,'2019-04-22 13:21:48.800955',31720),(741,1,'2019-04-22 13:21:49.210667',31721),(742,1,'2019-04-22 13:21:49.618452',31722),(743,1,'2019-04-22 13:21:49.972337',31723),(745,1,'2019-04-22 13:21:50.756043',31725),(746,1,'2019-04-22 13:21:51.119141',31726),(747,1,'2019-04-22 13:21:51.431478',31727),(749,1,'2019-04-22 13:21:52.263152',31729),(751,1,'2019-04-22 13:21:53.231335',31731),(752,1,'2019-04-22 13:21:53.607409',31732),(754,1,'2019-04-22 13:21:54.380224',31734),(755,1,'2019-04-22 13:21:54.898373',31735),(756,1,'2019-04-22 13:21:55.252526',31736),(757,1,'2019-04-22 13:21:55.614233',31737),(758,1,'2019-04-22 13:21:56.055336',31738),(759,1,'2019-04-22 13:21:56.408507',31739),(760,1,'2019-04-22 13:21:56.939329',31740),(761,1,'2019-04-22 13:21:57.513968',31741),(762,1,'2019-04-22 13:21:57.841849',31742),(764,1,'2019-04-22 13:21:58.744898',31744),(765,1,'2019-04-22 13:21:59.396829',31745),(767,1,'2019-04-22 13:22:00.107204',31747),(769,1,'2019-04-22 13:22:01.011121',31749),(770,1,'2019-04-22 13:22:01.652001',31750),(771,1,'2019-04-22 13:22:02.106085',31751),(773,1,'2019-04-22 13:22:03.097402',31753),(775,1,'2019-04-22 13:22:04.114589',31755),(776,1,'2019-04-22 13:22:04.460812',31756),(777,1,'2019-04-22 13:22:04.870939',31757),(779,1,'2019-04-22 13:22:05.675093',31759),(780,1,'2019-04-22 13:22:06.327030',31760),(783,1,'2019-04-22 13:22:07.771162',31763),(784,1,'2019-04-22 13:22:08.258728',31764),(785,1,'2019-04-22 13:22:08.877501',31765),(788,1,'2019-04-22 13:22:10.254572',31768),(789,1,'2019-04-22 13:22:10.784098',31769),(791,1,'2019-04-22 13:22:11.687878',31771),(794,1,'2019-04-22 13:22:12.820194',31774),(795,1,'2019-04-22 13:22:13.161272',31775),(797,1,'2019-04-22 13:22:14.319727',31777),(798,1,'2019-04-22 13:22:14.680132',31778),(800,1,'2019-04-22 13:22:15.557741',31780),(807,1,'2019-04-22 13:22:19.272042',31787),(810,1,'2019-04-22 13:22:20.515797',31790),(811,1,'2019-04-22 13:22:21.064110',31791),(812,1,'2019-04-22 13:22:21.460114',31792),(813,1,'2019-04-22 13:22:22.051274',31793),(817,1,'2019-04-22 13:38:28.901916',31797),(818,0,'2019-04-22 15:32:13.991425',30983),(819,0,'2019-04-22 15:44:51.668219',30983),(820,0,'2019-04-22 15:50:15.348136',30983),(821,0,'2019-04-22 15:50:59.877305',30983),(822,0,'2019-04-23 04:37:53.431752',30982),(823,0,'2019-04-23 07:23:29.602694',30985),(825,0,'2019-05-05 16:19:11.523298',31745),(826,0,'2019-05-05 16:21:22.932631',31745),(827,0,'2019-05-05 16:30:10.417550',31745),(830,1,'2019-05-12 04:00:22.251628',31800),(831,1,'2019-05-12 12:55:43.223435',31801),(832,1,'2019-05-13 18:18:12.446022',31802),(833,0,'2019-05-13 18:21:07.960434',31800),(834,0,'2019-05-13 18:49:43.193974',31800),(835,0,'2019-05-13 18:55:34.130165',31800),(836,0,'2019-05-13 18:55:51.938182',31800),(837,0,'2019-05-13 18:57:25.139830',31800),(838,0,'2019-05-15 12:13:47.676417',31800),(839,0,'2019-05-15 13:28:53.281258',31800),(840,0,'2019-05-15 20:20:38.463681',30982),(841,1,'2019-05-19 02:29:52.674021',31803),(842,1,'2019-05-19 03:54:31.250757',31804),(843,0,'2019-05-19 03:58:40.273811',31804),(844,0,'2019-05-19 04:18:21.957044',31803),(845,0,'2019-05-19 04:29:31.664911',31804),(846,0,'2019-05-19 08:08:08.736404',31775),(847,1,'2019-05-19 08:09:48.106470',31805),(848,1,'2019-05-19 08:14:22.454351',31806),(849,0,'2019-05-19 08:20:47.555847',30982),(850,0,'2019-05-19 08:26:34.189583',31806),(851,1,'2019-05-22 09:37:26.100199',31807),(852,1,'2019-05-22 09:38:26.720979',31808),(853,1,'2019-05-27 07:33:08.700922',31809),(854,1,'2019-05-27 07:52:33.275789',31810),(855,1,'2019-05-27 14:59:54.745555',31811);
/*!40000 ALTER TABLE `Software_dynamicrecord` ENABLE KEYS */;
UNLOCK TABLES;

--
-- Table structure for table `Software_history`
--

DROP TABLE IF EXISTS `Software_history`;
/*!40101 SET @saved_cs_client     = @@character_set_client */;
 SET character_set_client = utf8mb4 ;
CREATE TABLE `Software_history` (
  `id` int(11) NOT NULL AUTO_INCREMENT,
  `time` datetime(6) NOT NULL,
  `project_id` int(11) NOT NULL,
  `user_id` int(11) NOT NULL,
  PRIMARY KEY (`id`),
  UNIQUE KEY `Software_history_user_id_project_id_c8ce60cd_uniq` (`user_id`,`project_id`),
  KEY `Software_history_project_id_788342e9_fk_Software_project_pid` (`project_id`),
  CONSTRAINT `Software_history_project_id_788342e9_fk_Software_project_pid` FOREIGN KEY (`project_id`) REFERENCES `Software_project` (`pid`),
  CONSTRAINT `Software_history_user_id_a7db9a4b_fk_Software_user_id` FOREIGN KEY (`user_id`) REFERENCES `Software_user` (`id`)
) ENGINE=InnoDB AUTO_INCREMENT=157 DEFAULT CHARSET=utf8mb4 COLLATE=utf8mb4_0900_ai_ci;
/*!40101 SET character_set_client = @saved_cs_client */;

--
-- Dumping data for table `Software_history`
--

LOCK TABLES `Software_history` WRITE;
/*!40000 ALTER TABLE `Software_history` DISABLE KEYS */;
INSERT INTO `Software_history` VALUES (1,'2019-04-22 09:11:24.260343',1,5),(2,'2019-04-22 09:47:33.375909',7,5),(3,'2019-05-11 08:16:12.676214',31780,1),(4,'2019-04-22 13:45:45.519191',31744,1),(5,'2019-04-22 13:45:50.026229',31740,1),(6,'2019-05-19 18:29:58.648075',30981,1),(7,'2019-06-02 14:39:20.196423',30982,1),(8,'2019-04-22 14:35:56.136433',31002,1),(12,'2019-06-02 07:51:34.519902',30983,1),(14,'2019-04-23 07:27:47.331772',30981,5),(16,'2019-05-06 09:53:45.419262',30988,5),(17,'2019-05-11 08:17:17.135603',30988,1),(18,'2019-04-23 13:29:58.374530',30991,1),(19,'2019-04-23 07:23:36.509083',30985,1),(20,'2019-04-23 07:24:41.691646',30986,1),(22,'2019-04-23 07:28:02.700004',31081,5),(23,'2019-04-23 13:25:11.838813',31380,1),(24,'2019-04-23 13:29:54.646442',31753,1),(25,'2019-04-23 13:26:43.791806',30993,1),(26,'2019-04-23 13:29:49.724107',31001,1),(27,'2019-04-30 07:02:10.481818',30995,1),(29,'2019-05-05 16:18:47.531934',31745,1),(30,'2019-05-03 21:35:29.296496',30997,1),(31,'2019-05-05 15:50:55.636823',30987,1),(33,'2019-05-06 14:34:32.060075',30988,2),(34,'2019-05-06 09:54:02.068423',31001,5),(35,'2019-05-06 09:54:15.183258',31291,5),(36,'2019-05-06 09:54:16.544201',31560,5),(37,'2019-05-06 09:54:17.990798',31032,5),(38,'2019-05-06 09:54:18.893823',31555,5),(39,'2019-05-06 09:54:40.156777',31035,5),(41,'2019-05-07 03:18:41.083506',30999,23),(42,'2019-05-07 06:05:58.872510',30983,5),(43,'2019-05-07 06:33:08.755211',30982,5),(44,'2019-05-07 06:47:00.165951',31131,23),(46,'2019-05-10 07:07:57.493783',31248,1),(47,'2019-05-11 08:19:47.092855',31792,2),(51,'2019-05-13 18:28:32.319767',31800,1),(52,'2019-05-13 06:47:13.707517',31791,1),(53,'2019-05-16 12:36:16.968962',31797,3),(64,'2019-05-14 07:49:18.645018',31452,24),(65,'2019-05-19 17:42:02.657649',31800,3),(66,'2019-05-15 13:22:57.321065',31801,3),(69,'2019-05-15 19:33:27.768135',31065,1),(72,'2019-05-19 18:41:50.120824',31802,1),(76,'2019-05-19 08:07:41.420806',31775,1),(78,'2019-05-22 08:54:45.073664',31806,1),(79,'2019-05-19 09:06:17.274707',31775,18),(80,'2019-05-19 09:31:55.859259',31797,18),(81,'2019-05-19 10:10:18.788540',31800,18),(82,'2019-05-22 08:54:52.287603',31801,1),(83,'2019-05-19 18:41:47.347673',31805,1),(84,'2019-05-19 18:09:49.411836',31804,3),(85,'2019-05-19 18:10:34.891073',31804,1),(86,'2019-05-19 18:13:00.615912',31778,18),(87,'2019-05-19 18:20:54.463416',31806,3),(88,'2019-05-19 18:33:36.117736',31793,1),(89,'2019-05-19 23:01:23.470063',30984,1),(94,'2019-05-22 09:44:28.087429',31804,40),(95,'2019-05-27 07:23:56.139567',31808,40),(96,'2019-06-02 08:05:23.017007',31808,1),(97,'2019-05-23 08:37:56.451368',31808,18),(102,'2019-05-26 11:11:22.786737',31807,41),(103,'2019-05-26 11:11:05.633673',31805,41),(104,'2019-05-26 11:11:57.242889',31178,41),(105,'2019-05-26 11:13:40.681450',31183,41),(106,'2019-05-27 14:15:28.624969',30983,41),(107,'2019-05-26 14:33:41.052878',30981,41),(108,'2019-05-26 12:26:02.161919',30987,41),(109,'2019-05-26 13:16:28.909233',31760,41),(110,'2019-05-26 14:13:59.864572',31325,41),(111,'2019-05-26 13:16:45.774921',31205,41),(112,'2019-05-26 13:16:56.179324',31719,41),(113,'2019-05-26 13:29:00.933369',31727,41),(114,'2019-05-26 13:29:27.293258',31460,41),(115,'2019-05-26 14:31:21.125101',31803,41),(116,'2019-05-26 14:13:19.427776',31394,41),(117,'2019-05-26 14:13:21.491169',31197,41),(118,'2019-05-26 14:14:26.993715',31421,41),(119,'2019-05-26 14:13:32.679632',31557,41),(120,'2019-05-26 14:13:55.387705',31574,41),(121,'2019-05-26 14:14:03.350916',31708,41),(122,'2019-05-26 14:14:11.611170',31711,41),(123,'2019-05-26 14:14:29.645400',31750,41),(124,'2019-05-26 14:14:23.275229',31354,41),(125,'2019-05-27 14:17:12.540327',30984,41),(126,'2019-05-27 07:23:26.221390',30988,40),(127,'2019-05-27 07:48:29.936552',31809,43),(128,'2019-05-27 14:21:13.351176',31808,44),(129,'2019-05-27 08:54:45.857723',31808,43),(130,'2019-05-27 08:55:23.545441',31807,43),(131,'2019-05-27 08:55:26.998938',31810,43),(132,'2019-05-27 08:56:15.082115',31804,43),(133,'2019-05-27 09:04:35.907818',31807,44),(134,'2019-05-27 09:07:17.717959',31803,44),(135,'2019-05-27 13:49:36.105831',31809,44),(146,'2019-05-27 13:55:14.530416',31787,39),(147,'2019-05-27 13:55:11.848532',30985,39),(148,'2019-05-27 13:55:15.926455',31047,39),(149,'2019-05-28 02:25:32.976687',30983,45),(150,'2019-05-28 04:07:56.121767',31808,45),(151,'2019-05-28 06:53:49.531060',30998,1),(152,'2019-05-28 07:31:05.167036',31811,18),(153,'2019-05-28 07:34:37.839473',30983,24),(154,'2019-06-02 06:11:32.598939',31450,1),(155,'2019-06-02 07:42:03.477210',31811,10),(156,'2019-06-02 09:46:55.975873',31807,2);
/*!40000 ALTER TABLE `Software_history` ENABLE KEYS */;
UNLOCK TABLES;

--
-- Table structure for table `Software_personal_information_entrepreneur`
--

DROP TABLE IF EXISTS `Software_personal_information_entrepreneur`;
/*!40101 SET @saved_cs_client     = @@character_set_client */;
 SET character_set_client = utf8mb4 ;
CREATE TABLE `Software_personal_information_entrepreneur` (
  `id` int(11) NOT NULL AUTO_INCREMENT,
  `location` varchar(128) DEFAULT NULL,
  `user_id` int(11) NOT NULL,
  PRIMARY KEY (`id`),
  UNIQUE KEY `user_id` (`user_id`),
  CONSTRAINT `Software_personal_in_user_id_a7b1d36a_fk_Software_` FOREIGN KEY (`user_id`) REFERENCES `Software_user` (`id`)
) ENGINE=InnoDB AUTO_INCREMENT=26 DEFAULT CHARSET=utf8mb4 COLLATE=utf8mb4_0900_ai_ci;
/*!40101 SET character_set_client = @saved_cs_client */;

--
-- Dumping data for table `Software_personal_information_entrepreneur`
--

LOCK TABLES `Software_personal_information_entrepreneur` WRITE;
/*!40000 ALTER TABLE `Software_personal_information_entrepreneur` DISABLE KEYS */;
INSERT INTO `Software_personal_information_entrepreneur` VALUES (1,'北京',1),(2,NULL,2),(3,'',5),(8,NULL,10),(14,'',18),(18,'',23),(19,'',30),(20,NULL,31),(21,NULL,34),(22,NULL,36),(23,'海淀区',40),(24,NULL,42),(25,NULL,43);
/*!40000 ALTER TABLE `Software_personal_information_entrepreneur` ENABLE KEYS */;
UNLOCK TABLES;

--
-- Table structure for table `Software_personal_information_investor`
--

DROP TABLE IF EXISTS `Software_personal_information_investor`;
/*!40101 SET @saved_cs_client     = @@character_set_client */;
 SET character_set_client = utf8mb4 ;
CREATE TABLE `Software_personal_information_investor` (
  `id` int(11) NOT NULL AUTO_INCREMENT,
  `location` varchar(128) DEFAULT NULL,
  `user_id` int(11) NOT NULL,
  PRIMARY KEY (`id`),
  UNIQUE KEY `user_id` (`user_id`),
  CONSTRAINT `Software_personal_in_user_id_c2d11038_fk_Software_` FOREIGN KEY (`user_id`) REFERENCES `Software_user` (`id`)
) ENGINE=InnoDB AUTO_INCREMENT=24 DEFAULT CHARSET=utf8mb4 COLLATE=utf8mb4_0900_ai_ci;
/*!40101 SET character_set_client = @saved_cs_client */;

--
-- Dumping data for table `Software_personal_information_investor`
--

LOCK TABLES `Software_personal_information_investor` WRITE;
/*!40000 ALTER TABLE `Software_personal_information_investor` DISABLE KEYS */;
INSERT INTO `Software_personal_information_investor` VALUES (1,'',3),(2,NULL,4),(6,'',24),(7,NULL,25),(8,NULL,26),(9,NULL,27),(10,NULL,28),(11,NULL,29),(12,NULL,32),(13,NULL,33),(14,'',35),(15,NULL,37),(16,NULL,38),(17,'1112',39),(18,'这里',41),(19,'',44),(20,NULL,45),(22,NULL,48),(23,NULL,49);
/*!40000 ALTER TABLE `Software_personal_information_investor` ENABLE KEYS */;
UNLOCK TABLES;

--
-- Table structure for table `Software_project`
--

DROP TABLE IF EXISTS `Software_project`;
/*!40101 SET @saved_cs_client     = @@character_set_client */;
 SET character_set_client = utf8mb4 ;
CREATE TABLE `Software_project` (
  `pid` int(11) NOT NULL AUTO_INCREMENT,
  `name` varchar(100) NOT NULL,
  `company_name` varchar(50) NOT NULL,
  `area` varchar(1000) NOT NULL,
  `introduction` varchar(200) NOT NULL,
  `detailed_introduction` longtext NOT NULL,
  `location` varchar(50) NOT NULL,
  `proposal` varchar(100) DEFAULT NULL,
  `recruit` tinyint(1) NOT NULL,
  `status` int(11) NOT NULL,
  `security_level` int(11) NOT NULL,
  `additional_documents` varchar(100) DEFAULT NULL,
  `time` datetime(6) NOT NULL,
  `creator_id` int(11) NOT NULL,
  PRIMARY KEY (`pid`),
  KEY `Software_project_creator_id_31278bea_fk_Software_user_id` (`creator_id`),
  CONSTRAINT `Software_project_creator_id_31278bea_fk_Software_user_id` FOREIGN KEY (`creator_id`) REFERENCES `Software_user` (`id`)
) ENGINE=InnoDB AUTO_INCREMENT=31812 DEFAULT CHARSET=utf8mb4 COLLATE=utf8mb4_0900_ai_ci;
/*!40101 SET character_set_client = @saved_cs_client */;

--
-- Dumping data for table `Software_project`
--

LOCK TABLES `Software_project` WRITE;
/*!40000 ALTER TABLE `Software_project` DISABLE KEYS */;
INSERT INTO `Software_project` VALUES (30981,'turbo','gkzy','6,11','123','123','bj','',1,0,0,'','2019-04-22 09:47:05.928606',5),(30982,'猫王收音机','猫王收音机','14,23','猫王收音机','猫王收音机是一家复古收音机制造商，专注于原木手工收音机的研发与设计，旗下拥有两个品牌，分别是MAO KING和RADIOOO系列，MAO KING系列主要包括大猫王、猫王小王子、猫王小王子OTR、SOLO+等,而RADIOOO系列则包括摩德族、飞鹰、波普、电台司令等。','广东','',0,7,2,'','2019-04-22 13:17:52.446372',1),(30983,'西湖数源软件园','西湖数源软件园','6','西湖数源软件园','西湖数源软件园是一家软件园区建设运营服务提供商，为用户提供发电机供电系统、消防自动报警互联动控制系统、保安监控系统，同时根据软件企业的需要，为用户提供宽带数据接入、电视传播、电信增值服务等。','浙江','',0,23,0,'','2019-04-22 13:17:53.157835',1),(30984,'格雷博','格雷博','22','格雷博','格雷博是一家致力于“新能源开发”和“节能减排”的高新技术企业，专注于高性能电机及其控制领域，产品和服务涵盖新能源领域电机本体和电机驱动全套系统设计与生产服务，推出拥有“三高”特征（即高性能、高效率和高功率密度）的交流电机、电机控制器和电力电子设备等。','浙江','',0,26,0,'','2019-04-22 13:17:53.751607',1),(30985,'必盈咖啡','必盈咖啡','0,19','必盈咖啡','必盈咖啡，打造的线下首家智能自助服务咖啡机、项目集成了国内顶尖的智能硬件开发，和强有力的地推团队，目前无人咖啡机在北上广深等10余个城市落地，系统上线3个月以来，用户突破10万+','北京','',1,1,0,'','2019-04-22 13:17:53.891497',1),(30986,'loopers','loopers','27','loopers','上海镐泽信息科技有限公司目前的产品是一款O2O的停车服务软件，我们通过与沪上知名物业企业合作，有丰富的线下资源，我们相信，通过使用我们的软件，将会改变人们的出行方式，不再为停车而烦恼，让出行变得更愉快。','上海','',0,2,0,'','2019-04-22 13:17:54.011825',1),(30987,'Napoleon Perdis','Napoleon Perdis','29','Napoleon Perdis','Napoleon Perdis是一家澳洲本土化妆品牌，产品有眼线液、口红、遮瑕、腮红、粉底等美妆品牌。','海外','',0,23,0,'','2019-04-22 13:17:54.169273',1),(30988,'天正聚合','天正聚合','6,30','天正聚合','Techsun是一家实体零售数字化全栈解决方案提供商，为零售企业提供以实体门店为容器的全流程、全数字化解决方案，主要服务包含零售AI技术及应用产品、端到端零售业全渠道CRM咨询与部署、全渠道数据分析及会员运营服务，在过去几年里，为诸多国际国内一线零售品牌商提供了服务，包括Adidas中国、Swatch中国、微软中国零售业务群、麦当劳中国、中青旅股份、中信出版集团、P&amp;G等著名企业正在使用或部署天正公司的系统和产品。','北京','',0,2,0,'','2019-04-22 13:17:54.283222',1),(30989,'Escale','Escale','6','Escale','Escale是一家技术营销和销售公司。公司正在取代传统的外包代理和外包销售模式，这种模式的激励措施不一致，无法利用在线到线下转换渠道的数据，并创造了低于标准的客户体验。','海外','',0,10,0,'','2019-04-22 13:17:54.392670',1),(30991,'Voiceitt','Voiceitt','30','Voiceitt','Voiceitt是一家软件开发公司，开发了语音识别技术，将人们的无法理解的言语实时地转化为清晰的语音。该公司的移动应用程序使运动和言语障碍的人能够轻松地使用自己的声音与照顾者，家庭成员，医疗保健专业人士和社会进行沟通。它旨在促进包容性，使语言障碍者能够独立，提高他们的生活质量。','海外','',0,26,0,'','2019-04-22 13:17:54.702187',1),(30992,'Maurices','Maurices','0','Maurices','Maurices是一家女装连锁店。','海外','',0,24,0,'','2019-04-22 13:17:54.881979',1),(30993,'Frescobol Carioca','Frescobol Carioca','29','Frescobol Carioca','Frescobol Carioca是一家男士奢华度假服饰和生活方式品牌，提供一系列奢华的男士泳裤、度假服装和沙滩运动装备，带有鲜明的里约热内卢海滩风格。','海外','',0,4,0,'','2019-04-22 13:17:54.996041',1),(30994,'Comebey','Comebey','32','Comebey','Comebey是中东地区团购APP，与国内团购网站一样，以娱乐项目为例，一般情况下，他们对外有三种价格，团购价格、供应价格以及零售价格。团购价格最低，但有采购量的要求；供应价格是提供给旅行社的价格，比团购价略高，但没有量的要求；零售价格就是面对普通游客的价格。','海外','',0,23,0,'','2019-04-22 13:17:55.146607',1),(30995,'Lynas Corp','Lynas Corp','4','Lynas Corp','Lynas Corporation Ltd是一家澳大利亚证券交易所上市公司，从矿山到市场，创造了一个可靠的，完全整合的稀土资源。','海外','',0,23,0,'','2019-04-22 13:17:55.278259',1),(30996,'WestWellLab西井科技','WestWellLab西井科技','30','WestWellLab西井科技','WestWell Lab西井科技是一家专注研究Neuromorphic Engineering神经形态工程的类脑强人工智能商业公司，即模拟人脑神经元工作原理而制造出的芯片，它既具备人脑的学习能力，又具备强大的特定运算能力，仅需一块邮票大小的芯片，就能模仿人类大脑在短时间内处理海量的感官信息。','上海','',0,7,0,'','2019-04-22 13:17:55.407729',1),(30997,'Airwallex空中云汇','Airwallex空中云汇','16','Airwallex空中云汇','Airwallex是一个全球跨境支付平台，业务包含全球收款、货币兑换、国际付款，主要服务跨境电商、在线旅游、物流、教育与留学、金融机构、数字营销、线上娱乐等七大领域客户，致力于为各类企业提供跨境支付的一体化解决方案。','广东','',0,10,0,'','2019-04-22 13:17:55.612763',1),(30998,'Cardea Bio','Cardea Bio','23','Cardea Bio','Cardea Bio是一家生产石墨烯的生物传感器，用于监测使用半导体的生物系统。','海外','',0,4,0,'','2019-04-22 13:17:55.728388',1),(30999,'ICE','ICE','16','ICE','洲际交易所集团成立于2013年3月6日，总部位于美国乔治亚州亚特兰大。公司是一家领先的监管交易所，交易平台和清算所运营商，服务于全球农产品、信用、外汇、排放、能源及股票指数产品市场的风险管理需求。洲际交易所的客户包括来自全球70多个国家的成千上万个贸易公司，以及120个国家的市场数据客户的期货、期权、OTC掉期合约。','海外','',0,4,0,'','2019-04-22 13:17:55.833963',1),(31000,'SatoshiPay','SatoshiPay','21','SatoshiPay','SatoshiPay是英国一家“纳米支付”软件及区块链初创公司，主要基于比特币区块链技术，提供先进的双向支付平台服务，很多线上内容提供商可以通过接受超小额支付，即所谓的“纳米支付”来使自己的数字内容盈利。','海外','',0,4,0,'','2019-04-22 13:17:55.988396',1),(31001,'万乘基因','万乘基因','31','万乘基因','万乘基因是一家单细胞基因检测平台，主要业务是利用自主研发的高通量单细胞测序技术平台服务于科研、临床以及工业市场。万乘基因现有服务包括样品制备、建库测序、分析，以及样品处理等步骤，可根据客户需要自由组合，也会提供样品制备的培训、生信分析等周边服务。','北京','',0,2,0,'','2019-04-22 13:17:56.098568',1),(31002,'Glossier','Glossier','32,6','Glossier','Glossier是一家纽约化妆品零售商，创立了卖化妆品的新方式Showroom，在Glossier Showroom的体验场景中，创造了一种双向的交流方式，将营销活动转化为了内容生产，截止2017年6月，Glossier每周能够收到来自消费者1100多封交流信息，能够更好的了解消费者的需求和喜好。','海外','',0,13,0,'','2019-04-22 13:17:56.331919',1),(31003,'LongHash','LongHash','6','LongHash','LongHash是一家区块链孵化器及资讯平台，可为区块链领域的相关创业项目提供全方位的支持，并可提供多种数字货币的行情资讯。','上海','',0,2,0,'','2019-04-22 13:17:56.469497',1),(31004,'比特星光','比特星光','17','比特星光','比特星光是一家时尚短视频分享应用开发商，公司专注于短视频领域，旗下拥有时尚短视频分享社区“糖衣”，用户可以在社区里观看时尚短视频，了解美妆、生活、服饰、搭配等方面的内容，同时，也可以分享短视频，与干货、单品等。','北京','',0,4,0,'','2019-04-22 13:17:56.584909',1),(31006,'羊驼教育','羊驼教育','11','羊驼教育','羊驼教育是一家PTE学术英语学习平台，除免费的考培题库和资讯外，还有真题回忆、经验交流社群和公开课等板块。考生完成考试后在羊驼APP上记录考题，再由教研团队立刻整理，形成最新练习题加入到APP题库，所有用户都可以随时参与练习、查看评分。','湖南','',0,2,0,'','2019-04-22 13:17:56.807776',1),(31007,'恩赢科技','恩赢科技','19','恩赢科技','以创新赋能技术驱动为基础提供AI智能化人脉信息商业链接的垂直同乡社群小程序/轻应用助力每一位用户工作感情和事业和谐健康发展！','广东','',0,1,0,'','2019-04-22 13:17:57.060211',1),(31008,'WorldLabs','WorldLabs','6','WorldLabs','WorldLabs提供了一个统一的空间来连接，建立有意义的合作伙伴关系，合作项目，众包想法和筹集资金','北京','',0,26,0,'','2019-04-22 13:17:57.198586',1),(31009,'Ground X','Ground X','21','Ground X','Ground X是一家可扩展区块链平台，致力于大规模采用区块链授权服务，以证实区块链技术的价值和实用性。','海外','',0,26,0,'','2019-04-22 13:17:57.361763',1),(31010,'Livly','Livly','30','Livly','Livly是一个统一的数字平台，为居民和业主提供丰富的体验。','海外','',0,1,0,'','2019-04-22 13:17:57.494254',1),(31011,'柳叶刀烧烤','柳叶刀烧烤','29','柳叶刀烧烤','柳叶刀烧烤是一个烧烤餐饮品牌，旗下拥有柳叶刀烧烤、柳叶刀健康餐2个餐饮系列，主营羊肉串、猪蹄、鸡翅、扇贝、锡纸金针菇等徐州烧烤菜式。','北京','',0,2,0,'','2019-04-22 13:17:57.648347',1),(31012,'无不思','无不思','29','无不思','无不思是一个情趣用品品牌，致力于为年轻群体打造健康的情趣生活的品牌。','重庆','',0,1,0,'','2019-04-22 13:17:57.955432',1),(31013,'Laserlike','Laserlike','30','Laserlike','Laserlike是一家小型机器学习公司，Laserlike当时是一个个性化的“兴趣搜索引擎”，向用户展示新闻、网络、视频等等。','海外','',0,23,0,'','2019-04-22 13:17:58.079103',1),(31014,'TartanSense','TartanSense','7','TartanSense','是一家人工智能的机器人解决方案提供商，为小客户提供支持。','海外','',0,1,0,'','2019-04-22 13:17:58.272028',1),(31015,'Cerebral Therapeutics','Cerebral Therapeutics','31','Cerebral Therapeutics','Cerebral Therapeutics是一家生物制药公司，一直致力于难治性癫痫药物的开发。该公司推出的新疗法采用慢性植入式输液系统，绕过血脑屏障，将合适剂量的抗癫痫药物直接通过ICV（脑室内注射），输送到大脑目标区域。这种疗法大大减少了全身药物使用的可能和药物依从性，为患有慢性神经疾病的患者、特别是那些口服和静脉注射无效的患者提供了更优的选择。','海外','',0,4,0,'','2019-04-22 13:17:58.379563',1),(31016,'方圆叽哩','方圆叽哩','19','方圆叽哩','特点自定义距离实时群聊，真正的附近实时年轻的社交软件。区别于其他社交软件，要么太远，要不互动不即时。','山东','',0,1,0,'','2019-04-22 13:17:58.520763',1),(31017,'渝都文媒','渝都文媒','6','渝都文媒','渝都文媒是一家文化产业集成服务提供商，为用户提供企业品牌管理、媒介整合服务、新媒体传播、公共关系服务、创意策划服务等，旗下拥有品牌策划部、创意设计部、文创事业部、媒介整合部、客户服务部、资本运营部、制作部。','重庆','',0,27,0,'','2019-04-22 13:17:58.804839',1),(31018,'头条易','头条易','6','头条易','头条易是一个针对头条号自媒体进行传播投放的平台，对接头条号自媒体和品牌广告主进行第三方智能投放，帮助头条号对接广告主，并进行内容把控，进而实现内容变现，放大投放效果。','北京','',0,26,0,'','2019-04-22 13:17:58.927414',1),(31019,'Turnkey Lender','Turnkey Lender','16','Turnkey Lender','一家云端贷款管理服务商，能为金融服务供应商提供一个云端贷款管理解决方案，还能通过机器学习技术来分析和评估贷款申请。','海外','',0,4,0,'','2019-04-22 13:17:59.043978',1),(31020,'Chimebank','Chimebank','16','Chimebank','Chime是美国一家移动银行服务提供商。通过免去月租费和其他透支手续费来吸引“千禧一代”20多岁的年轻用户，并为其提供借记卡、支出帐户、储蓄账户等服务。同时也能为银行吸引到年轻用户，包括大额直接存款或抵押贷款等。','海外','',0,13,0,'','2019-04-22 13:17:59.175962',1),(31022,'迅驰车业','迅驰车业','27','迅驰车业','迅驰车业是一家汽车整车灯具提供商，主要生产、研发和经营汽车LED灯具及汽车电子照明系统。产品包括汽车前照灯、日间行车灯、尾灯及其他小型灯饰配件。现阶段主要客户包括上汽集团、吉利汽车、东风汽车等，迅驰车业是东风汽车公司的战略供应商。','江苏','',0,26,0,'','2019-04-22 13:17:59.609238',1),(31023,'Yo-ren游仁堂','Yo-ren游仁堂','6','Yo-ren游仁堂','Yo-ren（New Yoren）是一家零售整合营销服务提供商，致力于服务日本消费品品牌在中国扩大知名度，比如MUJI/罗森/尤妮佳等，为他们提供线上线下的营销活动与销售支持，包括微信、微博、会员CRM等体系，隶属于北京游仁堂商贸有限公司。','北京','',0,26,0,'','2019-04-22 13:17:59.717885',1),(31024,'START','START','27','START','START是一家分时租车服务平台，专注于共享租车领域，通过P2P分时租赁的模式，车主在平台注册后，可与用户共享私家车。致力于打造基于丰富车型体验的共享出行生活方式。','北京','',0,23,0,'','2019-04-22 13:17:59.847633',1),(31025,'麦禾教育','麦禾教育','11','麦禾教育','麦禾教育是一家少儿国际教育机构，专注于培养2-12岁儿童英语应用及社交能力的高端教育品牌。机构主打两项教育服务，“MH麦禾学院”致力于为中国的精英家庭提供儿童英语教学及国际化社交平台，“MH爱游学”致力于提供海外游学体验和择校考察服务。','北京','',0,2,0,'','2019-04-22 13:17:59.959167',1),(31026,'最右APP','最右APP','19','最右APP','最右APP是一个搞笑回复类话题内容社区，以用户对内容的再创作（神评论）作为核心，平台主要分大咖、推荐、评论、话题四个板块，主要为用户提供内容承载、二级评论、评论展现等多种功能。','北京','',0,10,0,'','2019-04-22 13:18:00.141225',1),(31027,'Coin Metrics','Coin Metrics','21','Coin Metrics','Coin Metrics是一家区块链数据分析服务提供商，提供加密资产市场和网络数据使他们的客户和公众能够更好地理解，评估，使用和管理开放式加密网络。','海外','',0,1,0,'','2019-04-22 13:18:00.457324',1),(31028,'唯寻国际教育','唯寻国际教育','11','唯寻国际教育','唯寻国际教育是一个国际课程培训机构，主要为学员用户提供小班化授课培训、长期学业规划、A-level补课课程等服务，同时根据学员时间与学习能力提供定制课程、留学申请等定制化服务，致力于帮助中国学生冲击牛津剑桥等国外名校。','上海','',0,4,0,'','2019-04-22 13:18:00.578495',1),(31029,'湘西众荟商贸','湘西众荟商贸','7','湘西众荟商贸','湘西众荟商贸是一家农产品生产销售商，从事农产品种植、生产、加工和销售。','湖南','',0,26,0,'','2019-04-22 13:18:00.732681',1),(31030,'淳石资本','淳石资本','16','淳石资本','淳石资产管理是一家财富管理机构，定位于多层次服务高净值客户、机构客户、家族财富客户，为不同群体的资金需求偏好提供全方位的理财规划方案；隶属于淳石资产管理（宁波）有限公司。','浙江','',0,7,0,'','2019-04-22 13:18:00.888318',1),(31031,'Validus Capital','Validus Capital','16','Validus Capital','一家企业P2P线上借贷平台','海外','',0,2,0,'','2019-04-22 13:18:01.008361',1),(31032,'Clareto','Clareto','3','Clareto','Clareto是一家数字健康公司，其核心业务是为用户提供健康数据收集与整合服务，从而方便人寿保险公司等相关机构对用户身体健康状况做出评估。据悉，Clareto创建了一套符合美国法律法规要求和HIPAA标准的电子健康数据交换流程，在征得用户同意后，Clareto方可将用户数据授权给相关机构。','海外','',0,4,0,'','2019-04-22 13:18:01.371273',1),(31033,'世林德文化','世林德文化','13','世林德文化','北京世林德文化发展有限公司是一家专注于传统文化内容及文化产业链发展的新型文化IP运营商。公司从文化内容为行业切入点，拿到优质且独家的合作资源，将内容元素延展至设计、开发、授权、应用的全产业链合作。','北京','',0,1,0,'','2019-04-22 13:18:01.524371',1),(31034,'伟烽恒WF','伟烽恒WF','5','伟烽恒WF','在消费电子,运动与健康、智能家居、灯控门铃、无线安防、工业测量、环境监测、通讯设备、仪器仪表、工业与医疗设备、汽车电子等领域得到广泛的应用','广东','',0,2,0,'','2019-04-22 13:18:01.651206',1),(31035,'AirTM','AirTM','16','AirTM','AirTM是一个货币价值转换服务平台，以美元为计价，帮助用户解决货币贬值，电汇费用或转账手续费等问题，致力于将云存储或从云存取的客户与完成这些交易的佣金的认证出纳员连接起来。','海外','',0,7,0,'','2019-04-22 13:18:01.774591',1),(31036,'Band Protocol','Band Protocol','21','Band Protocol','Band Protocol是一家区块链驱动社区工具开发商。','海外','',0,2,0,'','2019-04-22 13:18:01.905980',1),(31037,'Arvelle Therapeutics','Arvelle Therapeutics','31','Arvelle Therapeutics','Arvelle Therapeutics是一家专注于基因治疗的生物技术公司。','海外','',0,4,0,'','2019-04-22 13:18:02.030739',1),(31038,'中国抗体','中国抗体','31','中国抗体','中国抗体是一家治疗性抗体药物研发商，应用专有权属的抗体工程专利和技术平台，专门开发针对恶性肿瘤、自身免疫性炎症疾病、和传染病等重大疾病的治疗性抗体药物。','香港','',0,26,0,'','2019-04-22 13:18:02.211474',1),(31039,'三合创','三合创','11','三合创','结合线下小班化课程和一对一独立课程设计模式，为不同人群、不同规模企业制定规范化的学习系统。让参加学习的企业及个人，在课堂实操中快速实现蜕变突破。','浙江','',0,0,0,'','2019-04-22 13:18:02.342972',1),(31040,'Minebank','Minebank','16','Minebank','Minebank是一家创新型数字矿业金融科技公司（Mintech），以配置抗通胀资产为核心理念，结合自身技术+资源+金融三重优势，主推一条“数字资产配置”产品线，致力于成为数字资产界的Blackrock。\n       产品冷启动3个月达到1亿人民币资产管理规模，产品线包含四个产品模块：基于AI技术双边套利系统的无风险“量化合约”，基于变频技术和运维管理系统的矿机“算力管家”，基于热能再利用技术的矿机“热能合约”，基于海外廉价电力资源的矿场“基建合约”。\n       核心团队毕业于全球及国内顶尖院校，成员在相关领域行业顶尖企业和机构平均具备7年以上专业经验。目前寻找2000万人民币战略融资，释放15%股权，资金主要用于产品研发、生态布局、市场推广等。','北京','',0,3,0,'','2019-04-22 13:18:02.456283',1),(31041,'必示科技','必示科技','30','必示科技','必示科技致力于打造世界领先的AI运维引擎，用人工智能技术分析海量监控数据，让企业可以实现自动、快速、准确的故障发现、故障定位、故障预测等，提高企业IT系统可用性和运维效率。','北京','',0,4,0,'','2019-04-22 13:18:02.596379',1),(31042,'腾邦智能','腾邦智能','30','腾邦智能','致力于人工智能芯片半导体研发；智能机器人自主学习技术，自动驾驶传感器研发，无人机技术研发，自动驾驶开发；智能机器人与无人机集成自动驾驶兼容系统开发及硬件生产产业链提供商','陕西','',0,2,0,'','2019-04-22 13:18:02.723091',1),(31043,'勇仕网络','勇仕网络','17','勇仕网络','勇仕网络是一家手机游戏开发商，通过融合和改进传统游戏研发方向，致力于开发优质的手机游戏，为用户提供良好的手机游戏体验。公司旗下手机游戏主要包括《近来玩》、《猫咪挂机》、《碧蓝航线》等。','福建','',0,27,0,'','2019-04-22 13:18:02.920385',1),(31044,'GradeSlam','GradeSlam','11','GradeSlam','GradeSlam是加拿大一家在线辅导平台，旨在让学校或地区的每个学生都能获得在线辅导支持。','海外','',0,4,0,'','2019-04-22 13:18:03.033846',1),(31045,'先为达生物','先为达生物','31','先为达生物','先为达生物是一家代谢性疾病药物研发商，公司主要从事脂肪性肝炎、肝纤维化、肝硬化等相关代谢性疾病药物的研究，并涉及具有自主知识产权的生物新药的研发。','浙江','',0,4,0,'','2019-04-22 13:18:03.172773',1),(31046,'Massless','Massless','26','Massless','Massless是一家VR手写笔研发商，有着各种压力感应和电容式触摸等功能。','海外','',0,1,0,'','2019-04-22 13:18:03.283813',1),(31047,'云若信息','云若信息','6','云若信息','云若信息是一家移动互联网整合服务提供商，主要从事公众号运营、小程序定制、全网媒体推广、网站平台运营、公司品牌推广、电商网站建设、H5技术研发等，为用户提供“云鹿优途”微信小程序、微虫小程序、凡云小程序、AI拓客宝等产品。','湖北','',0,2,0,'','2019-04-22 13:18:03.430651',1),(31048,'咘噜梦幻空间','咘噜梦幻空间','17','咘噜梦幻空间','咘噜梦幻空间是一家儿童舞台剧投资制作商，专注于儿童文化产业，主要从事儿童戏剧教育、儿童舞台剧的投资和制作，并开发儿童主题乐园、电影电视剧和周边衍生产品等业务，作品包括咘噜咘噜系列和《七秒钟的鱼》。','北京','',0,2,0,'','2019-04-22 13:18:03.682560',1),(31049,'Nuro','Nuro','30','Nuro','Nuro.ai是一家自动驾驶技术研发商，公司的主要业务范围还包括机器人技术和人工智能技术的研发，在开发无人驾驶汽车及其零配件产品的同时，还会开发一系列的人工智能产品。','海外','',0,7,0,'','2019-04-22 13:18:03.831985',1),(31050,'多保鱼','多保鱼','6','多保鱼','凡声科技是一个互联网保险平台，专注于互联网保险科技，开发了“多保鱼选保险”微信小程序”和“我爱多保鱼”微信公众号，平台以内容建设为基础，为用户提供免费保险咨询、保险知识学习和DIY保险方案服务。','浙江','',0,4,0,'','2019-04-22 13:18:03.964821',1),(31051,'TRM Labs','TRM Labs','21','TRM Labs','TRM Labs是一家加密货币监管技术服务提供商。TRM的第一个产品是其令牌关系管理平台，旨在帮助加密公司简化其反洗钱合规操作，提供客户调查，交易监控和客户关系管理等服务，此外，该公司还致力于利用大数据和机器学习构建其他平台，以自动检测洗钱和市场操纵等可疑活动。','海外','',0,1,0,'','2019-04-22 13:18:04.140003',1),(31052,'Streamsource','Streamsource','21','Streamsource','Streamsource是无抵押个人贷款的区块链市场。Streamsource允许贷方以安全和私密的方式买卖消费者。 客户可以根据贷方的模型评估另一个消费者的信誉度，而无需泄露消费者的详细信息或访问贷方的模型。','海外','',0,1,0,'','2019-04-22 13:18:04.265722',1),(31053,'dv01','dv01','16','dv01','dv01为贷款市场带来透明度。分析和报告平台通过简化贷款和债券投资的所有方面（从投资组合管理到证券化）来增加流动性。 dv01致力于扩展其现代技术基础设施，为消费者和抵押贷款市场带来效率和稳定性。','海外','',0,7,0,'','2019-04-22 13:18:04.481725',1),(31055,'SimYog','SimYog','23','SimYog','SimYog致力于为汽车电子产品提供设计和签核工具。 它允许硬件开发人员使用数据分析和机器学习在设计阶段测试电子元件对电磁干扰（EMI）的抵抗力。','海外','',0,1,0,'','2019-04-22 13:18:04.704560',1),(31056,'亦诺微','亦诺微','31','亦诺微','亦诺微医药是一家免疫治疗创新生物药物研发商，致力于肿瘤的溶瘤免疫双重治疗药物的研发、生产、销售，利用疱疹病毒进行治疗性肿瘤疫苗的转化，为用户提供新一代溶瘤病毒产品。','广东','',0,5,0,'','2019-04-22 13:18:04.810820',1),(31057,'Kyna','Kyna','11','Kyna','作为首批参与在线教育的单位之一，Kyna希望建立一个知识共享平台，每个人都可以与专家一起学习，有效灵活地领导培训学校。并节省成本。经过3年的运营，来自一家拥有8名成员的初创公司，Kyna成功建立了一个全面的在线教育生态系统，提供各种质量和多样化的培训计划和解决方案。适用性高。','海外','',0,2,0,'','2019-04-22 13:18:04.939991',1),(31058,'探课','探课','25','探课','探课是一家专注于互联网产品开发与设计的科技服务类公司，专注为客户提供有效的技术解决方案。','上海','',0,1,0,'','2019-04-22 13:18:05.182775',1),(31059,'Collibra','Collibra','6','Collibra','Collibra是一家数据管理解决方案提供商，旨在帮助企业跟踪他们使用的数据来自何处，以及分析企业内部如何使用这些信息。','海外','',0,26,0,'','2019-04-22 13:18:05.415058',1),(31060,'PreciseTarget','PreciseTarget','28','PreciseTarget','PreciseTarget使用消费者偏好数据库来帮助品牌激活客户并在线销售更多产品。','海外','',0,7,0,'','2019-04-22 13:18:05.573162',1),(31061,'Featurespace','Featurespace','30','Featurespace','Featurespace可在不中断支付的情况下保护消费者免受欺诈或风险活动的影响，使用适应性行为分析进行博弈，银行和保险行业的欺诈检测和风险管理。','海外','',0,13,0,'','2019-04-22 13:18:05.686712',1),(31062,'The Laundress','The Laundress','0','The Laundress','The Laundress是一家美国衣物护理品牌，包装设计高雅简单，针对白色衣物、深色衣物、高级衣物、羊毛类衣物、牛仔衣物、婴儿衣物推出不同洗涤产品，还有不同香型可供选择。','海外','',0,23,0,'','2019-04-22 13:18:05.806761',1),(31063,'The Graph','The Graph','6','The Graph','The Graph是一家开源软件开发商。该软件可以对所有信息进行索引，构建去中心化应用程序的任何人都可以快速访问。','海外','',0,1,0,'','2019-04-22 13:18:06.050813',1),(31064,'Catalytic','Catalytic','28','Catalytic','Catalytic致力于构建解决方案，以改善团队的工作方式，提供大规模的软件解决方案。','海外','',0,7,0,'','2019-04-22 13:18:06.173761',1),(31065,'yunQ云桥','yunQ云桥','6','yunQ云桥','yunQ云桥是一个基于场景创新驱动的企业计算服务平台，通过构建云端自动化服务平台，为用户提供计算服务和数字化转型服务，此外还将为用户提供云计算的咨询设计、迁移部署、优化提升、安全合规等方面服务。','上海','',0,2,0,'','2019-04-22 13:18:06.290077',1),(31066,'Gaest','Gaest','2','Gaest','Gaest是丹麦一家酒店预订平台，除酒店客房预订服务外，还致力于拓展中小型活动和会议场地的在线预订市场，并可为用户提供会议场所服务，以及私企、艺术画廊和餐厅的创意活动场地及会议设施等服务。','海外','',0,23,0,'','2019-04-22 13:18:06.413600',1),(31067,'励销CRM','励销CRM','6','励销CRM','上海微问家信息技术有限公司于2014年9月在上海成立，公司致力于用云计算、人工智能、大数据等技术创新，面向中小企业多样化的销售生态，提供从 “线索-营销-转化-运营服务-多次营销”的一体化解决方案。','上海','',0,4,0,'','2019-04-22 13:18:06.541636',1),(31068,'Hone','Hone','11','Hone','Hone是美国一家在线培训平台，面向公司管理者，旨在重新定义职场培训。','海外','',0,1,0,'','2019-04-22 13:18:06.796538',1),(31069,'Wrena Therapeutics','Wrena Therapeutics','31','Wrena Therapeutics','Wrena Therapeutics是英国一家蛋白质错误折叠疾病药物研发商，开发针对多种蛋白质错误折叠疾病的小分子和抗体疗法，包括主要的神经系统疾病和罕见疾病。','海外','',0,4,0,'','2019-04-22 13:18:06.933373',1),(31070,'Urgent.ly','Urgent.ly','27','Urgent.ly','Urgent.ly是一家公路紧急援助平台开发商。Urgent.ly提供路边援助，将用户与各种公司或服务技术人员联系起来。该公司的APP允许用户在地图上寻找紧急援助。','海外','',0,26,0,'','2019-04-22 13:18:07.035935',1),(31071,'Keyfactor','Keyfactor','6','Keyfactor','Keyfactor是一家自动化数字安全管理服务商，致力于为汽车、金融、医疗保健和零售等垂直领域提供自动化数字安全管理。','海外','',0,26,0,'','2019-04-22 13:18:07.148359',1),(31072,'幼儿国防爱国主义教育','幼儿国防爱国主义教育','11','幼儿国防爱国主义教育','江西少兵教育科技有限公司，总部位于全国唯一国防教育示范城市——南昌，具有丰富的国防爱国主义教育资源。且拥有有一家306亩的国防爱国主义教育实践基地。公司成立以来一直致力于服务青少年国防爱国主义教育。主要涉及的内容有：一、开展入校园的国防爱国主义教育课程培训。二、开展国防爱国主义教育社会体验、自然科学社会体验教育。三、家庭亲子教育。公司实力雄厚，整个团队充满朝气。为有梦想有追求的复退专业军人提供了一个优质的创业就业平台。','江西','',0,2,0,'','2019-04-22 13:18:07.280167',1),(31073,'易美教育','易美教育','11','易美教育','易美（Easymay）控股有限公司成立于美国纽约华尔街，多年来结合美国本土化服务优势，以数据为驱动，构建精细化一体化的服务体系，致力于打造集国际教育咨询、房地产信息咨询、海外置业与财富管理为一体的多维度垂直领域服务商。','海外','',0,26,0,'','2019-04-22 13:18:07.574996',1),(31074,'Tangem','Tangem','16','Tangem','Tangem是一个数字资产智能钞票制造商。Tangem纸币是一种带有特殊芯片的智能钞票，为加密货币或其他数字资产背书。将在今年年底前批量生产价值数百万美元的比特币钞票。','海外','',0,1,0,'','2019-04-22 13:18:07.716663',1),(31075,'HERE Technologies','HERE Technologies','27','HERE Technologies','HERE Technologies是一家荷兰数字地图服务提供商，致力于为用户提供自动化汽车制造和配置高清晰度地图和定位服务。可应用于汽车、自动驾驶、运输与物流等领域。','海外','',0,26,0,'','2019-04-22 13:18:07.841007',1),(31076,'甲贝生物','甲贝生物','31','甲贝生物','甲贝生物是一家生物药技术开发及服务提供商，专注于生物药技术开发和CDMO技术服务，业务涵盖涵盖抗体发现、上下游工艺开发、制剂工艺开发、分析方法开发与验证等领域。','上海','',0,2,0,'','2019-04-22 13:18:07.953026',1),(31077,'Forefront TeleCare','Forefront TeleCare','31','Forefront TeleCare','Forefront TeleCare是美国一家行为健康远程服务平台，专门为美国医疗设施落后的地区和农村医院的老年患者提供高质量的行为健康远程服务。','海外','',0,4,0,'','2019-04-22 13:18:08.085347',1),(31078,'Foretellix','Foretellix','30','Foretellix','Foretellix是一家以色列智能自动化系统研发商，专注于开发智能自治系统的全面验证框架，该框架基于VLSI芯片设计中使用的方法，经过改造和增强以满足IAS验证的需要，业务涵盖自动驾驶汽车和IAS的全面开发流程。','海外','',0,4,0,'','2019-04-22 13:18:08.378687',1),(31079,'First Stop Health','First Stop Health','31','First Stop Health','First Stop Health是一家远程虚拟护理技术开发商。First Stop Health的线上服务平台提供全年无休的电话或者网络健康咨询服务，旨在解决美国看病难、看病贵的双重挑战，为患者提供快捷、方便、实惠的医疗服务。','海外','',0,4,0,'','2019-04-22 13:18:08.494395',1),(31080,'元生创新','元生创新','23','元生创新','元生创新是一家运动传感器研发商，专注于从事运动传感和定位导航技术的研发与应用，旗下产品YIS10姿态传感器主要应用于虚拟现实、无人机、机器人、智能装备等领域。此外，平台还在进行动作捕捉产品的内部研发。','湖北','',0,4,0,'','2019-04-22 13:18:08.642053',1),(31081,'初心卓越','初心卓越','13','初心卓越','培养未成年练习生，择优成团出道。','吉林','',0,1,0,'','2019-04-22 13:18:08.774937',1),(31082,'Pearl','Pearl','17','Pearl','Pearl是一家德国电竞俱乐部。','海外','',0,2,0,'','2019-04-22 13:18:08.896082',1),(31083,'Trice Medical','Trice Medical','31','Trice Medical','Trice Medical是一家美国运动损伤诊断公司，自主研发了一个配有摄像头的针头，使骨科医生更好地评估与运动相关的关节损伤，并为医师提供临床解决方案。截止2017年6月，100位医生使用了mi-eye设备。','海外','',0,11,0,'','2019-04-22 13:18:09.231878',1),(31084,'沃德生命','沃德生命','31','沃德生命','沃德生命是一家体外诊断设备研发商，旗下拥有凝血与止血、化学发光、临床微生物三条产品线。沃德生命的拳头产品是一款全流程自动化的血栓弹力图仪，从血小板聚集、凝血、纤溶等整个动态过程来监测凝血过程的分析仪，其原理基于血凝块的强度和稳定性等物理特性，诊断其是否具有正常凝血功能。','广东','',0,4,0,'','2019-04-22 13:18:09.348019',1),(31085,'新华制药','新华制药','31','新华制药','新华制药是一家化学原料药、制剂及化工产品研发商，该公司的产品包括解热镇痛抗炎类、镇静催眠类、肾上腺皮质激素类、抗高血压类等系列，同时公司的产品还包括异丁基苯、丙酰氯等化工产品，此外公司为用户提供保健养生相关咨询服务。','山东','',0,26,0,'','2019-04-22 13:18:09.461567',1),(31087,'Vena Solutions','Vena Solutions','6','Vena Solutions','Vena Solutions是一家基于云服务技术的企业绩效管理软件提供商，Vena软件可以支持各种企业绩效管理数据应用，具体包括编制预算、财务封闭管理、数据报告、以及其他流程驱动的电子数据统计等。','海外','',0,13,0,'','2019-04-22 13:18:09.715928',1),(31088,'Scripbox','Scripbox','16','Scripbox','Scripbox是一家印度在线基金投资平台。','海外','',0,10,0,'','2019-04-22 13:18:09.823349',1),(31089,'指令集','指令集','6','指令集','指令集是一家以指令集商业智能操作系统( BI-OS )为核心的商业智能解决方案及相关产品与服务商，聚焦智慧园区、智慧酒店和智慧零售等领域，助力政企客户及合作伙伴提升效率和价值，加速实现智能化转型。','浙江','',0,2,0,'','2019-04-22 13:18:09.971675',1),(31090,'Postmates','Postmates','15','Postmates','Postmates是一家提供全程监控的同城快递服务公司，以配送方便食品、杂货及零售商品为主，用户可以通过客户端查询快递线路、包裹实时位置等信息，收快递的一方也可以提前获知包裹的照片，同时快递员可以通过公司配备的物流软件进行导航及送货。','海外','',0,0,0,'','2019-04-22 13:18:10.092473',1),(31091,'知象','知象','23','知象','知象是一个3D数字化与智能硬件研发高科技企业，现已开发出了针对人体的快速3D扫描仪和针对工业生产的3D传感器，已被广泛的应用于医疗整形、工业生产、科学实验中。','陕西','',0,4,0,'','2019-04-22 13:18:10.235173',1),(31092,'CloudEndure','CloudEndure','6','CloudEndure','CloudEndure是一家云安全服务商，提供复合云迁移和灾备服务，为应对移动和灾备方案提供基于云的 CDP（连续数据保护）技术。','海外','',0,23,0,'','2019-04-22 13:18:10.360228',1),(31093,'泰格威','泰格威','18','泰格威','泰格威是一家机器人焊接技术研发及激光智能制造解决方案开发商，主要服务于五金、家电、家俬、汽车结构等领域焊接及切割，代表性产品有烟机风罩薄板免打磨机器人单模单束激光焊接成套装备。','广东','',0,4,0,'','2019-04-22 13:18:10.490396',1),(31094,'SIGAI','SIGAI','30','SIGAI','SIGAI是一个全流程可视化人工智能框架平台，集云端实验室、基础课程、知识库为一体，专注底层人工智能算法工具与平台研究，建立面向各行业细分需求的通用AI框架。SIGAI平台涵盖行业内的几乎所有主流算法，并可以快速复现和使用最新（论文发布）算法，为需要AI解决方案的客户进行算法匹配，解决AI应用方案的核心算法问题。','北京','',0,2,0,'','2019-04-22 13:18:10.652503',1),(31095,'北极环','北极环','22','北极环','广东北极环环保科技有限公司，利用自动化与人工智能互相结合，解决垃圾处理问题例如分选难、人工高、效率低、污染大等等相关问题制定解决方案，实现无人处理垃圾高效率低污染','广东','',0,0,0,'','2019-04-22 13:18:10.770064',1),(31096,'Tiburio Therapeutics','Tiburio Therapeutics','31','Tiburio Therapeutics','Tiburio是一家临床阶段生物医药研发商，致力于开发罕见的神经内分泌肿瘤和罕见内分泌疾病的治疗方案。','海外','',0,4,0,'','2019-04-22 13:18:10.887554',1),(31097,'swallowAPP','swallowAPP','25','swallowAPP','解决全球人类语言沟通障碍的即时翻译跨国社交应用','北京','',0,2,0,'','2019-04-22 13:18:11.009468',1),(31098,'朗贤轻量化','朗贤轻量化','27','朗贤轻量化','朗贤轻量化是一家汽车轻量化模具生产商，以热成形、液压成形、铝镁压铸等汽车轻量化模具及产品为主营业务，并与上海通用工程（PATAC）、世界材料供应商阿赛洛米塔尔等企业保持业务往来与交流，同时与上海通用、麦格纳、东风汽车、长城汽车等国内外企业保持合作。','江苏','',0,8,0,'','2019-04-22 13:18:11.133962',1),(31099,'Innovid','Innovid','6','Innovid','Innovid是一家互联网广告媒体公司。公司主要有两个产品，互动广告产品 iRoll 和服务器分析平台 Dynamo。iRoll 可以增加视频的互动性。Dynamo 这个分析平台则提供视频广告托管和针对品牌进行更深入的用户分析相关服务。','海外','',0,26,0,'','2019-04-22 13:18:11.326554',1),(31100,'熊猫车服','熊猫车服','27','熊猫车服','熊猫车服是一站式汽车生活服务平台，提供包含车险、OBD盒子、紧急救援装置、汽车维保、洗车、商城等综合服务，旗下有熊猫分期保、支持按天计费缴纳车险，隶属于成都优赞网络科技有限公司。','四川','',0,26,0,'','2019-04-22 13:18:11.458434',1),(31101,'漾一','漾一','32','漾一','漾一是一个服饰制版及定制电商平台，专注于为企业及品牌用户提供制版及样衣制作服务，以及为个人用户提供线上服装定制服务；用户可根据个人喜好组合衣服部件，并根据自己指定面料选择不同等级的工艺进行制作。','北京','',0,2,0,'','2019-04-22 13:18:11.579910',1),(31102,'忆南望','忆南望','2','忆南望','前期以公寓式酒店为主导，更快的能为年轻人所接受，受众群体可以多变','浙江','',0,0,0,'','2019-04-22 13:18:11.698221',1),(31103,'排列科技','排列科技','3','排列科技','杭州排列科技有限公司成立于2016年6月，是一家专注于大数据风险控制与管理的互联网金融科技公司。公司融合金融大数据平台、智能模型服务、精准营销获客、全流程信贷风控等产品，从成本、效率和准确性上帮助企业客户优化风险控制流程。现有的企业客户已经覆盖了消费金融、信贷、保险、银行等多个领域。','浙江','',0,4,0,'','2019-04-22 13:18:11.825281',1),(31104,'Luxstay','Luxstay','2','Luxstay','Luxstay是一个越南短期民宿预订平台，提供公寓、别墅、工作室等非标住宿短期租赁及酒店服务，覆盖河内、芽庄、胡志明、岘港等越南大部分城市，同时提供越南旅游资讯、攻略等信息服务。','海外','',0,26,0,'','2019-04-22 13:18:12.041196',1),(31106,'Kanoda Energy Systems','Kanoda Energy Systems','22','Kanoda Energy Systems','Kanoda Energy Systems是一家印度可再生能源公司，主要业务包括太阳能光伏系统的工程，采购和施工以及运营和维护等。','海外','',0,26,0,'','2019-04-22 13:18:12.283443',1),(31107,'联萌工坊','联萌工坊','20','联萌工坊','联萌工坊是一家宠物营养鲜食研发商，主要经营宠物鲜粮、宠物烘焙类产品的研发、生产及销售业务，拥有200余个配方专利和超过30个SKU，并且结合新零售形式、运用互联网思维进行品牌运营，将健康科学喂养的理念传达到用户。','江苏','',0,1,0,'','2019-04-22 13:18:12.391715',1),(31108,'Bakkt','Bakkt','16','Bakkt','Bakkt是一家密码货币交易所，将提供为期一天的实物结算比特币期货合约。','北京','',0,2,0,'','2019-04-22 13:18:12.532656',1),(31109,'汪喵宠物APP','汪喵宠物APP','32','汪喵宠物APP','和北京京旺一百科技有限公司合作，打造了全世界最先进的宠物智能饮水机和喂食器。并且在国外线上开始上线，转换率百分之10左右。依靠宠物科技和智能的概念，吸引国外客户，为后续的APP跨境业务打造粉丝基础。','山东','',0,1,0,'','2019-04-22 13:18:12.782443',1),(31110,'杉帝网络','杉帝网络','26','杉帝网络','SUNDI，是一家专注于计算机视觉和虚拟现实内容开发的新兴企业。公司业务涉及教育培训，游戏娱乐，文化旅游，工业制造等行业。','广西','',0,0,0,'','2019-04-22 13:18:12.938067',1),(31111,'鲸帮智能投研','鲸帮智能投研','30','鲸帮智能投研','以大数据为基础，机器学习为技术核心，为金融从业者及投资者提供一级（半）市场投研服务','上海','',0,0,0,'','2019-04-22 13:18:13.057728',1),(31112,'小熊U租','小熊U租','6','小熊U租','小熊U租是深圳市凌雄租赁服务有限公司旗下品牌，一家IT设备租赁服务提供商，为客户提供IT设备租赁服务和专业的解决方案，主营业务有长期办公租赁、技术解决方案和回收处置。','广东','',0,5,0,'','2019-04-22 13:18:13.181699',1),(31113,'创品汇集','创品汇集','19','创品汇集','创品汇集-商业模式—“S2B2C”\n其中“S”指的是供应链端的架构，“小B”是项目上的店主，C是消费者用户。之间的串联方式是，S架构赋能给小B，再依托小B的社交能力和信任价值服务于C。\n当下的重点是跑“量”，跑出规模，通过社交讯息的传达赚得是人气和未来的规模效益。这样来看商业模式非常健康。\n后期可以基于项目的商业模式中几个重要组成部分，我们可以再进一步做拆解分析：\n先来说店主，店主是项目的流量入口，是项目的“生命要塞”，是项目征战市场的“兵”；\n店主小B\n项目前期可以通过社交分享资讯等拥有更多的流量（潜在客户），可在短时间内，为客户提供第二职业工作。\n还有就是可定向先扶持“宝妈”群体。这个群体的特点是，社交属性非常强（经常聚集讨论各种母婴产品），这些人有很多很优秀，有很多在细分领域是专家，是小微，是达人，她们往往脱离职场，时间被严重碎片化，个人价值被弱化——也导致不少产后抑郁，项目给她们提供了发挥碎片化时间价值的“机会”，另外她们自己同时也是项目上的C角色，购买项目平台产品能够享受到更优惠的价格。\n可以说未来的市场规模前景还是很大的。\n项目还在筹划当中，目前还没有创办公司及品牌…','上海','',0,1,0,'','2019-04-22 13:18:13.412572',1),(31114,'Woowa Bros','Woowa Bros','6','Woowa Bros','WOOWA BROS是韩国智能手机应用和广告平台开发商。','海外','',0,26,0,'','2019-04-22 13:18:13.711472',1),(31115,'咖趣','咖趣','20','咖趣','咖趣，是一个以兴趣为纽带的、助力偶像与粉丝高效互动的正能量潮人潮品交易社区！\n在这里，可以满足您对大咖的一切想象！\n在这里，您可以肆意拥有成千上万的明星周边、网红闲置及各路大咖的神来之作！','北京','',0,0,0,'','2019-04-22 13:18:13.828155',1),(31116,'Alvotech','Alvotech','31','Alvotech','Alvotech是一家冰岛生物制药公司，专注于开发和制造生物仿制药产品。目前拥有六种生物仿制药单克隆抗体，旨在治疗癌症、自身免疫疾病、炎症和其他疾病。','海外','',0,2,0,'','2019-04-22 13:18:13.976104',1),(31117,'Graphcore','Graphcore','30','Graphcore','Graphcore是一家英国AI芯片生产商，致力于为机器学习开发者制造专用的硬件和软件框架，用以加速AI应用，可应用于无人驾驶卡车、云计算、处理机器学习技术等打造智能处理单元系统。','海外','',0,13,0,'','2019-04-22 13:18:14.091639',1),(31118,'Seer Bio','Seer Bio','31','Seer Bio','Seer Bio是一家美国生命科学和健康数据公司，专注于从蛋白质组中捕获和翻译深层分子见解，以便及早发现癌症和神经疾病，推动早期治疗，并改善患者预后。','海外','',0,4,0,'','2019-04-22 13:18:14.213224',1),(31119,'Immotor','Immotor','27','Immotor','Immotor是一家智能微电动车研发商，目前提供产品Immotor GO是一款解决最后一公里的便携智能个人交通工具；有骑行，收拢和助力三种模式；可零速启动，搭配防盗报警、电子围栏、授权借车等功能，使用Immotor OS操作系统，可搭配APP使用。','广东','',0,7,0,'','2019-04-22 13:18:14.501240',1),(31120,'Moonbug','Moonbug','6','Moonbug','Moonbug是一家儿童媒体业务服务商，主要负责收集和发布为儿童制作的媒体内容。','海外','',0,4,0,'','2019-04-22 13:18:14.616336',1),(31121,'Shop101','Shop101','6','Shop101','Shop101是印度一个针对卖家的移动店面和商业平台，帮助小商家和卖家在流行的社交媒体网络上创建移动店面来在线展示他们的产品并进行销售，同时还通过与第三方物流公司的合作提供最后一英里物流。','海外','',0,26,0,'','2019-04-22 13:18:14.728225',1),(31122,'Avanan','Avanan','6','Avanan','Avanans是一家以色列云安全服务提供商，致力于保障用户的云安装安全服务，包括恶意软件防护、反病毒程序、数据泄露防护、端点安全检查、行为监控、邮件安全、防止网络钓鱼、数据加密以及其他服务。','海外','',0,7,0,'','2019-04-22 13:18:14.835221',1),(31123,'InterVenn','InterVenn','30','InterVenn','InterVenn是一家人工智能驱动质谱平台研发商，公司已经研发出了一个基于血液的卵巢癌诊断产品，目前该产品处于分析和临床验证期间。','海外','',0,4,0,'','2019-04-22 13:18:14.952012',1),(31124,'TransferGo','TransferGo','21','TransferGo','TransferGo是一家英国汇款服务平台，主要为在外国工作的用户提供向英国国内转账的服务，同时推出了加密货币交易服务，支持比特币、以太坊、Ripple、比特币现金和Litecoin。','海外','',0,10,0,'','2019-04-22 13:18:15.266001',1),(31125,'西尼机电','西尼机电','14','西尼机电','西尼机电是一家电梯制造服务商，为用户提供研发设计、制造、销售、安装以及售后客服等全方位服务。主要生产的电梯类型包括乘客电梯、观光电梯、无机房电梯、病床电梯等。','浙江','',0,23,0,'','2019-04-22 13:18:15.402281',1),(31126,'Finalcad','Finalcad','6','Finalcad','Finalcad是一家法国建筑行业服务提供商，平台可以提供移动应用程序和预测分析，帮助建筑利益相关者预测并解决在建筑过程中发现的问题。','海外','',0,10,0,'','2019-04-22 13:18:15.530255',1),(31127,'七号网（商标注册、专利申请、版权登记）','七号网（商标注册、专利申请、版权登记）','6','七号网（商标注册、专利申请、版权登记）','7号网是一站式知识产权交易与运营云平台，核心业务包括专利申请、商标注册、版权登记等。汇集了一批高素质的技术咨询顾问的市场服务人才，用职业的态度和渊博的专业知识为客户提供高质高效的知识产权订制服务。','广东','',0,1,0,'','2019-04-22 13:18:15.677532',1),(31128,'合源生物','合源生物','31','合源生物','合源生物是一家致力于创新型细胞治疗药物研发的生物科技企业。公司第一个免疫细胞治疗产品CNCT19的新药临床试验申请已经获得国家药品监督管理局正式受理。','天津','',0,4,0,'','2019-04-22 13:18:15.788318',1),(31129,'Enzyme Health','Enzyme Health','6','Enzyme Health','Enzyme Health是美国一个临床远程医疗招聘平台，专注于远程医疗行业，将自由职业医生与医疗保健公司相匹配，帮助医生找到工作，并且节省医疗保健雇主的时间和金钱。','海外','',0,1,0,'','2019-04-22 13:18:16.290942',1),(31130,'打住','打住','0','打住','微住科技旗下“打住”时租平台是整合国内中小酒店、公寓、民宿，用户通过手机APP自助入住的计时消费平台，“打住”时租平台的计时消费理念打破住宿业传统的消费模式，使住宿业真正实现了时间等于金钱，让用户自己决定房费。','江西','',0,4,0,'','2019-04-22 13:18:16.427504',1),(31131,'优亿医疗','优亿医疗','31','优亿医疗','优亿医疗是一家可视化喉镜设备研发商，主要从事可视喉镜及系列产品的研发，产品包含重复使用可视喉镜、一次性可视喉镜、可视硬性喉镜、可视软性喉镜等，可应用于麻醉科、重症科(ICU、NICU、呼吸ICU)、急诊科等科室的疾病诊断。','浙江','',0,26,0,'','2019-04-22 13:18:16.545989',1),(31132,'Jaanuu','Jaanuu','29','Jaanuu','Jaanuu是美国一个医疗服饰品牌，主要为医护人员提供时尚且具有功能性的制服，采用高端抗菌面料和具有专利的four-fabric面料混纺制成，适用于医院工作环境，设计风格追求多样化，包括印花、系带领口、拉链装饰及不对称剪裁等样式。','海外','',0,26,0,'','2019-04-22 13:18:16.666015',1),(31133,'魔社','魔社','19','魔社','创新SNS模式社交电商产品','重庆','',0,0,0,'','2019-04-22 13:18:16.782952',1),(31134,'摩鱼智能充电机器人','摩鱼智能充电机器人','20','摩鱼智能充电机器人','摩鱼公司由美国高通、雷军顺为资本、富士康、真格、紫米等机构联合投资，强大的股东和研发背景，可以根据智慧车库、智慧社区、智慧出行、智慧物流等领域，提供高度整合的一体化的解决方案；','浙江','',0,2,0,'','2019-04-22 13:18:17.128258',1),(31135,'Good Money','Good Money','16','Good Money','Good Money是一家数字银行平台，提供基于价值的银行服务，这些功能包括FDIC保险储蓄账户，可以产生2 %的收益，全国AMT机免费提款，并且没有透支费用。','海外','',0,4,0,'','2019-04-22 13:18:17.244505',1),(31136,'Farmstead','Farmstead','7','Farmstead','Farmstead是一家AI农产品销售系统提供商，公司的自我学习AI模型，可以使用历史销售和运营数据来预测每天将销售多少食物，以及购入多少易腐货物可以足够销售，可以有效减少农产品的损耗情况。','海外','',0,4,0,'','2019-04-22 13:18:17.429193',1),(31137,'暖阳医疗','暖阳医疗','31','暖阳医疗','暖阳医疗是一个肿瘤患者咨询服务平台，面向肿瘤患者提供咨询服务，并为其匹配全球范围内合适的医疗方案。目前其服务对象集中在癌症晚期患者，它正逐步扩大服务内容，并希望能覆盖以癌症为主的重大疾病治疗，以及疾病早期筛查等领域。','上海','',0,2,0,'','2019-04-22 13:18:17.578326',1),(31138,'金企点','金企点','6','金企点','专注初创企业资产交易的创新平台','北京','',0,2,0,'','2019-04-22 13:18:17.696845',1),(31139,'Camunda','Camunda','6','Camunda','Camunda是德国一家开源工作流程自动化软件开发商，其技术允许企业通过使用可视化界面自动执行流程设计，建模和分析大型数据集等任务。','海外','',0,4,0,'','2019-04-22 13:18:17.819110',1),(31140,'泽德医药','泽德医药','31','泽德医药','泽德医药是一家创新药物研发商，致力于临床研究和新药研发领域，主要从事生物制药和化学制药技术的研发，并正在开发1.1类化药CN128片项目，已进入临床研究阶段，业务覆盖杭州及周边地区。','浙江','',0,4,0,'','2019-04-22 13:18:17.954289',1),(31141,'3D打印笔','3D打印笔','11','3D打印笔','3D打印笔让人立马联想到神笔马良？似乎有那么一点儿接近。这是一支可以在空气中书写的笔，帮你把想象力从纸张上解放出来。我们都觉得二维的画面不够生动，想让它变成三维的物体，它能帮你做到。','浙江','',0,3,0,'','2019-04-22 13:18:18.089198',1),(31142,'Trusource Labs','Trusource Labs','6','Trusource Labs','Trusource Labs是一家美国物联网技术支持服务提供商，为用户提供具备语音和文字聊天功能的传统24/7服务台，同时还采用了自助服务方式，如教学视频、社交媒体和知识库文章等，终端用户无需打电话就可以解决常见问题。','海外','',0,23,0,'','2019-04-22 13:18:18.241244',1),(31143,'康乃馨生活服务集团','康乃馨生活服务集团','20','康乃馨生活服务集团','深圳市康乃馨家政成立于2017年11月， 经过一年多发展和调查研究，市场对家政服务需求旺盛。我们需要再设立月子中心，早教中心，养老中心，打造康乃馨健康服务品牌，全国连锁，5年上市。','广东','',0,2,0,'','2019-04-22 13:18:18.384592',1),(31144,'Tesaro','Tesaro','31','Tesaro','Tesaro是一家美国生物药物研发商，拥有上市药物Zejula，可作为维持疗法，治疗对铂类化疗有完全或者部分反应的反复性上皮性卵巢癌、输卵管癌或原发性腹膜癌成人患者，并且无需考虑患者是否携带BRCA基因突变。','海外','',0,23,0,'','2019-04-22 13:18:18.518487',1),(31145,'Floom','Floom','6','Floom','Floom是英国一个面向花农的SaaS在线市场，旗下技术平台为花农提供了其所需的软件和工具，从而能够向用户提供花束。','海外','',0,1,0,'','2019-04-22 13:18:18.695477',1),(31146,'找活儿APP','找活儿APP','32','找活儿APP','项目简单描述随着信息化、智能手机的不断发展，越来越多的人抓住市场机遇，利用信息和网络发展带来的好处，整合行业资源，构建行业内的“共享平台”，实现降低企业成本，经济共享的目标。本项目就是利用了信息网络发展带来的好处，整合了特殊工种行业和特种车辆行业数据，将特殊工种（力工、电工、水工、瓦工）和特种行业车辆（油罐车、吊车、叉车、大型平板车）运输和短期租赁，进行了资源整合和数据分析，构建出了一套客户资源、线上线下商户、生产厂家、安装售后人力资源的多元化服务信息平台，解决了供需多方的痛点问题，使需求方、供应方、生产企业、网店、实体店和安装装修师傅、特殊工种公司，特种车辆公司等多方达到了信息共享、信息公开，让“供”和“需”之间方便、快捷、准确的结合在一起，突破制造业成本大、利润低的传统模式。打造了特殊工种和特种车辆行业的“共享平台”，实现把行业做成第二个“滴滴打车”，我们平台的特点就是用户精准定位，接单快，减低企业成本！为满足日益增长的市场发展需求，公司将充分利用信息数据时代带来的好处，并且结合互联网和线下线上广告宣传的方式，让更多的人使用我们的APP平台。同时公司也会本着诚信第一，品质至上的理念','上海','',0,0,0,'','2019-04-22 13:18:18.806650',1),(31147,'不甘包子','不甘包子','20','不甘包子','不甘包子成立项目开始筹划开始于2016年12月，从开始筹划到市场调查，产品研发再到开业花费9个多月时间，现目前已运营一年多时间，我们旨在做一家解决白领早餐市场，传统+西式早餐创新，做专业的早餐服务商，团队成员都为90后，核心成员在互联网公司有过从业经历，且当时主要面对B端餐饮商家，后期则在餐饮公司担任运营，对餐饮行业有较深刻的行业认知。\n1、不甘包子旨在解决白领早餐，从体验和互联网出发，主打堂食+外卖外带+写字楼社群+智能货柜的互联网早餐4.0。\n2、通过1年运营，建立标准化流程与管理制度。\n3、团队核心人员均有互联网行业从业经历，餐饮公司运营经历，研发人员是从专业面点学校毕业，并且服务过五星级酒店的面点师\n4、运营过程中外卖业务做到同商圈同品类第一名，大众点评人气推荐餐厅\n5、拥有自己的粉丝及社群，顾客认可度和粘性高','重庆','',0,0,0,'','2019-04-22 13:18:18.980537',1),(31148,'Morning Cart','Morning Cart','15','Morning Cart','Morning Cart是一家印度日常用品配送平台，用户可以通过平台选择需要的产品，付费后会由平台在相应时间进行配送。','海外','',0,23,0,'','2019-04-22 13:18:19.262333',1),(31149,'Rockwell Collins','Rockwell Collins','18','Rockwell Collins','Rockwell Collins是美国一家飞机零部件制造商，旗下主要产品包括天线系统、网络处理器、收发器、控制器和电源设备、集成电子和信息管理系统等，同时还户提供设备与零部件维修、现场工程培训等。','海外','',0,23,0,'','2019-04-22 13:18:19.388220',1),(31150,'飞毛腿兼职','飞毛腿兼职','0','飞毛腿兼职','项目介绍： 1.“飞毛腿兼职”：有意义，肩负责任而又挣钱的产品。 2.创新的精准服务模式---打破传统兼职模式，颠覆未来兼职市场，成为未来行业的独角兽。 3.做正规、安全、靠谱的大学生兼职平台---出行意外险，平台担保工资，工作打卡，安全确认，人工审核。 4.我们做服务行业：不卖用户信息只卖服务---收服务费。 5.坚决不用收取层层会员费换层层权限模式，让每个用户拥有平等的权限，相同的资源，服务公开透明，先服务后收费。','天津','',0,0,0,'','2019-04-22 13:18:19.601876',1),(31151,'璇林科技','璇林科技','14','璇林科技','璇林科技是一家珠宝照明产品研发商，产品包括LED天花灯、LED灯条、LED灯珠共三大类别，其中每个系列涵盖多个具体品种，LED天花灯、LED灯条主要应用于珠宝照明领域，LED灯珠主要应用于医疗领域。','广东','',0,27,0,'','2019-04-22 13:18:19.731610',1),(31152,'Corvus','Corvus','16','Corvus','Corvus是一家保险科技服务商。公司获得的大部分数据来自于接入物联网的传感器，这些传感器可以用来预测索赔的可能性，例如积雪对于屋顶的压力。但它同时也需要其他各种各样的数据来源，包括视频、手机和社交媒体，并将数据应用于风险管理。','海外','',0,4,0,'','2019-04-22 13:18:19.844851',1),(31153,'浣熊到家','浣熊到家','0','浣熊到家','浣熊到家品牌简介\n \n“浣熊到家”品牌创立于 2015 年 9 月，因浣熊特殊的洁癖特点而得名，寓意把洁净和健康的生活态度带到千家万户！品牌总部位于中国政治文化中心——北京，在国内率先提出“用洁癖的标准做保洁”，以贴心、专业的到家服务为指导思想，为客户提供家庭保洁、汽车美容、精致洗衣、鲜花配送、家居搬迁等家政系列服务，打造家政到家服务生态圈，为中国家庭提供生活环境优化一站式解决方案。\n“浣熊到家”在技术领域内充分借鉴日本Bears Co.的先进服务标准与管理经验，为改变国内家庭对家政服务人员“不专业的阿姨”的印象，在团队构成上大胆全员聘用90后“小鲜肉”，打造出一支“高颜值、高素养、高标准、专业化”的家政服务团队。\n “浣熊”品牌一直致力于中国家庭保洁科学方法及客户满意度提升的研究，经过三年的内外功修炼，团队将保洁工序不断的拆解和优化，把整个保洁服务过程归纳为客户预约、现场考察、现场施工、施工验收、客户回访、跟踪维护六大步骤，将保洁细节划分为四大分区、九大标准、四十项细则的极致保洁标准，做到每次保洁服务均使用全新柔软纯棉毛巾，“六色毛巾”分区专用，避免二次污染。同时，根据不同区域不同材','北京','',0,0,0,'','2019-04-22 13:18:19.974134',1),(31154,'Securitize','Securitize','16','Securitize','Securitize是一家美国投融资服务平台，其中内置了各种了解用户的主机、反洗钱AML以及国际ICO法规等，平台的融资行为完全符合国内和国际法律法规，同时投资者在买入的同时可以清楚地了解到资产完全具有流动性。','海外','',0,4,0,'','2019-04-22 13:18:20.110937',1),(31155,'思朗科技','思朗科技','23','思朗科技','思朗科技是一家微处理器技术IP授权及芯片服务提供商，旗下拥有通用通信代数处理器“UCP”、加速神经网络引擎“NNE”、通用多媒体代数处理器“UMP”等产品，广泛应用于人工智能终端、云平台、大数据中心等领域。','北京','',0,2,0,'','2019-04-22 13:18:20.375555',1),(31156,'Topica Edtech Gorup','Topica Edtech Gorup','11','Topica Edtech Gorup','Topica Edtech Group是一家个性化线上学习服务商，旨在提供一系列在线教育产品，例如由美国、澳大利亚等国的英语母语人士提供的现场英语辅导课程。这些课程增加了人工智能技术，使学生可以获得个性化的学习体验。','海外','',0,13,0,'','2019-04-22 13:18:20.492768',1),(31157,'权查查','权查查','6','权查查','权查查，由全球领先的企业信息查询平台——企查查创始团队倾力打造，依托国内外优质知产大数据资源、一流的数据分析技术、人工智能以及海量商业流量，从知识产权全生命周期中的需求场景出发，以“互联网+大数据+知识产权”的方式，联合国内外第三方专业服务机构，为用户提供便捷、智能的一站式知产综合服务。用户不仅可以通过文字、图片等方式进行快速查询检索，精准获取商标、专利、版权及所属企业的关联信息，还可以进行实时监控和多维分析，从而挖掘知产数据背后的商业价值。隶属于苏州中知联信息科技有限公司。','江苏','',0,2,0,'','2019-04-22 13:18:20.630887',1),(31158,'数字化美妆','数字化美妆','0','数字化美妆','建设数字化美妆，逆袭市场','上海','',0,0,0,'','2019-04-22 13:18:20.802322',1),(31159,'玩因的Genefun','玩因的Genefun','31','玩因的Genefun','玩因的Genefun是一家基因检测服务商，基于用户的体检报告，利用交叉学科的技术手段和智能推荐算法，为用户推荐精准的健康内容与服务。','北京','',0,2,0,'','2019-04-22 13:18:20.913840',1),(31160,'民慧股份','民慧股份','6','民慧股份','江苏民慧供应链科技股份有限公司（简称：民慧钢铁），2009年成立于江苏泰州，是国内成立较早的钢铁板材全供应链服务平台。八年来民慧钢铁以专注于钢铁板材全供应链服务为先导，通过自营电商平台、仓库、剪切、物流配送、金融延伸服务，将线下实体与线上互联网完美结合，为上游钢厂和下游终端客户搭建直接的服务桥梁。不断通过精诚合作，改革与创新，铸就民慧钢铁卓越品牌。   民慧钢铁现有四个仓储配送中心（泰州、莱芜、无锡、杭州）及六个合作仓库，有河北、山东、安徽、江苏、上海、浙江。未来我们还将在全国各个钢材流通密集的市场再建数个仓储配送中心，扩大民慧钢铁专业服务影响力。同时民慧钢铁将在已成熟经营的钢铁薄板类品种外，拓展其它黑色金属经营项目（如：管材、型材、棒材、线材等），并开辟有色金属行业品种，提高本企业经营产品的市场占有率。   民慧钢铁大力发展业务多元化，计划积极融资，增强公司信誉，扩大平台规模，逐步为长期合作的优质企业提供金融延伸服务，在服务中扩大平台价值。同时我们将打造信息公开的智能仓储，建立上下游数据平台，实现全产业链数据共享共存，打造集仓储、配送、金融服务、大数据的智能交易平台，最终形成一个专业、开放、共享的钢铁产品交易服务的智慧平台。   民慧钢铁还将推动”一带一路”项目的建设与发展，线上搭建跨境电商服务平台，形成网上丝绸之路，一方面吸引跨境电商落地布局，另一方面分享国内的优质产能，实现合作双方的互利共赢。线下我们积极筹备海外仓储配送中心的合作建设，将民慧钢铁优质的服务延伸至”一带一路”沿线国家，大力开拓海外市场，发展海外业务，开创出一条以开放促转型的发展新路。','江苏','',0,27,0,'','2019-04-22 13:18:21.205013',1),(31161,'VR自闭症数字化管家系统','VR自闭症数字化管家系统','31','VR自闭症数字化管家系统','我们的项目是“VR⾃自闭症数字化管家系统”，我们想做的一件事情是让7-14岁的ASD孩子能够有效康复训练。在中国，ASD群体的总数已经超过了1000万，而中国的康复师覆盖率仅有1.3%，全国有1500多家自闭症康复机构，其中90%以上都只能为0-6岁的孩⼦进行早期干预。因此我们提出“硬件+内容+数据管理”的解决方案，利用VR技术的3I特性与ASD三大能力障碍的天然匹配性，给出“VR⾃自闭症数字化管家系统”的终端解决⽅案，并以“星球体验中心”和“城市合伙人”模式落地运营，服务周边康复机构和自闭症家庭。目前已合作15家康复机构，其中落地7家。2018.11月份在罗湖成立第一家自营“星球体验中心”，服务孩子 13人。','广东','',0,1,0,'','2019-04-22 13:18:21.340704',1),(31162,'LokaLocal','LokaLocal','2','LokaLocal','LokaLocal是马来西亚一个目的地旅游体验，主要为用户挖掘出马来西亚当地景点并将其串联为旅游活动。','海外','',0,2,0,'','2019-04-22 13:18:21.457903',1),(31163,'Kucoin','Kucoin','21','Kucoin','Kucoin是一家新加坡数字货币交易所，致力于为用户提供安全便捷的数字资产交易和交换服务，并基于大数据分析建立了一个项目库，会自动抓取市场上的项目信息并打分，以帮助平台发现和筛选项目。','海外','',0,4,0,'','2019-04-22 13:18:21.613411',1),(31164,'Signzy','Signzy','21','Signzy','Signzy是一家区块链解决方案提供商，主要利用区块链技术帮助银行文档和业务处理流程数字化，为用户提供数字化身份识别和身份文件取证分析等服务。','海外','',0,4,0,'','2019-04-22 13:18:21.742355',1),(31165,'声网Agora','声网Agora','6','声网Agora','声网Agora是一家专门做移动端音视频实时传输的云服务解决方案的公司，通过接入声网Agora的SDK，开发者可以快速实现实时语音视频传输的功能，并且提供了有QoE保障的网络传输服务。致力于为开发者提供稳定、高可用、有质量保障的实时音视频通话和实时全互动直播技术服务。','上海','',0,10,0,'','2019-04-22 13:18:22.159352',1),(31166,'AGRGO','AGRGO','21','AGRGO','AGRGO是一个企业级区块链协议，由“AERGO Chain”、“AERGO Hub”和“AERGO Marketplace”三个主要功能组成，具有基于SQL的智能合约平台，并提供分布式版本、并发控制等高级功能，旨在缓解公共区块链存在的问题。','海外','',0,26,0,'','2019-04-22 13:18:22.281653',1),(31167,'长生果链网','长生果链网','32','长生果链网','打造专业水果B2B平台整合国内上游果品基地，果品合作社，果农，和产业链下游二三级经销商，大型超市，水果连锁单位等，顺应时代趋势，改变果品传统渠道模式，我们要用新思维，新工具，新理念，为国家建设智慧农业而努力，从互联网时代到物联网时代，科技的发展日新月异，我深信，果品B2B一定能改变传统的模式，更能利用大数据改变传统的果品生产模式和消费模式。','四川','',0,2,0,'','2019-04-22 13:18:22.407672',1),(31168,'莱恩光电','莱恩光电','14','莱恩光电','山东莱恩光电科技股份有限公司创建于2004年，是国家高新技术企业和锻压机械标准化委员会成员单位。公司专注于安全光幕、安全控制产品的研发、生产、销售和技术服务，为机械、电子制造企业提供高效、可靠的安全保护产品和解决方案。历经十余年的发展，公司积累了丰富的研发、生产和管理经验，现已成为安全光幕（安全光栅）、安全控制产品领域具有地位的研发制造企业。可提供两个大类、多个系列、多种规格型号的安全产品及完整解决方案，包括：一、安全光幕（光电保护装置、安全光栅）：      1、SN型安全光幕，含SNA系列、SNB系列、SNC系列、SNQ系列、SND系列、SNE系列；      2、STD系列安全光幕;      3、SQL系列区域安全光栅；      4、S4系列安全光幕；      5、SLA-3系列折弯机专用保护装置；      6、SF系列无盲区安全光幕，含SFA系列、SFB系列      7、MC系列小型安全光幕      8、MC II 系列小型安全光幕      二、测量光栅：MCM系列测量光栅      三、安全控制产品：      1、SM系列安全地垫；      2、SR系列安全继电器；      3、SCMP系列安全控制模块；      4、SC系列误送检测装置、下死点检知器、模具光电检出装置；      5、RM系列冲床动态精度检测装置、下死点检知器、误送检测装置；      6、PVL系列荷重监视系统/吨位仪 公司通过了ISO9001：2008质量体系认证，产品通过了欧盟CE4级安全认证、国家3C认证、国家检测中心认证，产品质量责任由平安保险承保。专业的团队、先进的技术与设备、成熟的工艺、完善的质量保证体系和销售服务网络，确保快速优质服务。我们始终顺应市场需求，不断为客户创造价值、提供更高效可靠的安全产品及解决方案，在新产品研发及市场开拓方面，与国际、国内科研院所及知名企业开展广泛合作，与您共创未来！目前，我们的产品已广泛应用于机床、汽车、家电、五金、橡塑、木工、自动化、非标、仓储、印刷等行业。','山东','',0,27,0,'','2019-04-22 13:18:22.563308',1),(31169,'优移科技','优移科技','27','优移科技','优移科技是一家都市休闲电动车品牌，专注于休闲电动三轮车研发生产，投放市场的产品达8款。','江苏','',0,2,0,'','2019-04-22 13:18:22.704478',1),(31170,'长生果链网','长生果链网','7','长生果链网','我公司是专业做水果批发和配送的公司，从事果品采购销售工作16余年，熟知国内外果品基地的果品收购和市场的销售需求。','四川','',0,0,0,'','2019-04-22 13:18:23.160612',1),(31171,'妈妈购','妈妈购','32','妈妈购','妈妈购是一个家庭生活消费母婴电商平台，专注于母婴育儿亲子领域，产品涵盖亲子母婴、居家生活、美妆服饰等品类，由正规品牌或代理商供货，为用户提供在线购买等服务。','浙江','',0,2,0,'','2019-04-22 13:18:23.305706',1),(31173,'Cognigo','Cognigo','30','Cognigo','Cognigo是以色列一家AI数据服务提供商，专注于利用人工智能和机器学习来帮助企业保护数据以及遵守类似GDPR的条例。','海外','',0,4,0,'','2019-04-22 13:18:23.565255',1),(31174,'电动汽车共享电池','电动汽车共享电池','27','电动汽车共享电池','共享充电桩（谁家装，谁家赚钱），共享电池（0等待，瞬间满电出发），汽车裸车销售（电池租赁，汽车大幅降价，有力促销汽车）。粉丝多了就会开启出行，汽车后市场，维修，保险，广告业务。','北京','',0,0,0,'','2019-04-22 13:18:23.733193',1),(31175,'华东拆车','华东拆车','27','华东拆车','上海华东拆车有限公司是2002年11月经原上海市经委批准成立的专业从事报废汽车回收拆解及相关资源的综合利用的专业企业，目前是中国物资再生协会的常务理事单位和由中国机械工业联合会牵头组织成立的“汽车产品回收利用产业技术创新战略联盟”的理事单位、秘书处挂靠单位。.上海华东拆车有限公司本着“经济规模适度、管理手段先进、符合环保要求、能产业化发展”的原则建立了一个现代化报废汽车拆解基地。公司位于上海市宝山区石太路691号，注册资本1218万元。2013年回收拆解各类报废汽车1.4万辆，实现再生资源回收7.3万吨。多年来，上海华东拆车有限公司与上海交通大学合作共建“产、学、研”示范基地，在企业内建立了“汽车产品回收利用联合研究所”，积极探索不断提高报废汽车资源综合利用水平的新途径。期间作为企业方主持承担了“十一五”***科技支撑计划“绿色制造关键技术与装备”重大项目“报废汽车与绿色拆解处理与利用关键技术及示范应用汽车零部件再制造”课题，并参与了***自然科学基金和上海市科学技术发展基金相关项目研究。上海华东拆车有限公司先后完成了“上海市报废汽车汽车回收拆解示范工程”和“报废汽车退役零部件再制造坯料物流加工中心”的建设。2010年，根据上海市商务委和上海市财政局文件要求，上海华东拆车有限公司进行了报废汽车回收拆解项目的升级改造并通过验收。未来，上海华东拆车有限公司将一如既往地继续完善操作模式，不断创新开拓，为提高我国报废汽车回收拆解综合管理水平作出不懈努力。','上海','',0,27,0,'','2019-04-22 13:18:24.155569',1),(31176,'InXile Entertainment','InXile Entertainment','26','InXile Entertainment','InXile Entertainment是一家美国VR游戏开发商，推出VR游戏《The Mage’s Tale》，支持Oculus Rift与Touch，并开发家庭和便携式的游戏系统，致力于为玩家创造个性化的游戏体验。','海外','',0,23,0,'','2019-04-22 13:18:24.282194',1),(31177,'即时装修管理','即时装修管理','25','即时装修管理','B、C端同时发力，平台化推广，垂直化深耕相结合','北京','',0,0,0,'','2019-04-22 13:18:24.391687',1),(31178,'雪湖科技','雪湖科技','30','雪湖科技','雪湖科技是国内屈指可数的异构计算技术和FPGA应用开发公司，特别擅长于针对各类AI应用提供运算加速解决方案。公司2018年初获得了美图公司的天使轮投资。','上海','',0,3,0,'','2019-04-22 13:18:24.573663',1),(31179,'Appthority','Appthority','6','Appthority','Appthority是一个移动应用防护平台，致力于保护公司数据安全性，防止数据丢失，规避由于员工使用移动应用而带来的隐私泄露风险。Appthority通过提供一个简单、可扩展的方式来管理移动风险，为客户提供前瞻可视性，并提供全面的移动应用分析。','海外','',0,23,0,'','2019-04-22 13:18:24.705309',1),(31180,'房产租赁消费服务网络平台','房产租赁消费服务网络平台','32','房产租赁消费服务网络平台','拥有6年的专业房产及公寓运营管理经验，旗下有专业的室内设计团队及室内装修施工公司，一家现代化家具生产厂，一家房产中介公司，一家保洁维修服务公司为房产物业运营提供着完善的配套服务支持。','陕西','',0,0,0,'','2019-04-22 13:18:25.239754',1),(31181,'Handshake','Handshake','6','Handshake','Handshake是一个大学生招聘服务平台，学生可以使用Handshake平台管理面试、与招聘者沟通以及寻找工作和实习机会。Handshake平台还为很多企业提供了一个可以同时在多所学校发布招聘需求的工具。','海外','',0,10,0,'','2019-04-22 13:18:25.357281',1),(31182,'COCOVEL','COCOVEL','20','COCOVEL','COCOVEL诞生于2013年，为怡宝集团旗下宣扬香氛文化的香氛品牌，旨在用香氛升级生活体验。目前产品涵盖发类香氛、美体香氛、个人香氛、家居香氛等品类。全线产品均采用进口香料，源自世界香水之都——法国格拉斯；秉承专业香氛美学概念，签约当地香料种植园，上乘品质保证；采用高端香水配方，专业香水级调香师精心调配香氛；携手世界知名香氛机构，独创24小时留香微胶囊工艺。','上海','',0,7,0,'','2019-04-22 13:18:25.511251',1),(31183,'MiaWord','MiaWord','5','MiaWord','MiaWord是一个ai人工智能硬件+泛社交信息共享平台.为用户提供和还原更真实的内容获取方式.智能硬件包括智能办公系列和智能穿戴系列.创始团队来自阿里、腾讯、滴滴Uber、特斯拉、蔚来汽车等.创立初期即获得百万人民币种子轮投资.','湖北','',0,1,0,'','2019-04-22 13:18:25.666525',1),(31184,'亿函装饰','亿函装饰','23','亿函装饰','亿函装饰是一家智能家居解决方案提供商，可为智能家居的买卖双方提供资源对接服务，也为商户提供施工材料和智能家居产品资源，同时针对B端商户开设培训课程，为其提供方案设计、施工、产品等一系列培训服务。','浙江','',0,1,0,'','2019-04-22 13:18:25.809789',1),(31185,'硅山技术','硅山技术','27','硅山技术','深圳硅山技术有限公司是在国际著名投资机构支持下,专注于新一代“汽车级”电控系统的研发、制造、销售和服务的高新技术企业。公司为纯电动大巴、物流车、乘用车、A00微型电动车等新能源汽车，以及各类新能源动力系统集成商，提供品类齐全的主电机驱动控制器（MCU）、空压机/油泵/空调等辅助电机驱动控制器（DCAC）、车载充电机模块（OBC）、车载DCDC模块等，以及各类多合一集成电机控制器等集成装置（ICU）。同时，在汽车级电子技术平台的基础上，遵循国际主流的CRPS标准，公司也面向服务器和存储等IT厂家提供通过国际铂金级认证的系列高性能电源模块，推动绿色节能技术的不断发展和进步。公司已经建立起基于客户需求和技术进步的双驱动研发机制，拥有完全自主产权的电力电子变换、电机控制、结构设计、监控、配电等软硬件核心技术，核心研发人员均拥有在新能源汽车行业从事类似产品研发的多年经验，在产品开发中不断丰富和加深对“汽车级”电子产品的理解和实践，在可靠性、安全性、轻量化、小型化、效率、集成度、可维护性等方面拥有自身的特色，对当今国内外汽车电动化的技术发展现状、发展方向有深刻的认识，在产品迭代和技术进步上紧跟行业标杆，为提高整车的竞争力，降低产品生命周期内的总体拥有成本，不断推动产品升级进步。公司基于汽车质量体系的要求，建立了完备的生产制造车间，包括数条流水生产线，以及老化、自动化测试等配套设备，产线已经通过安规审厂认证，建立了端到端的精益生产和质量控制流程，可以为客户提供样机定制、小批量样品和大规模供货的要求。公司拥有完备的研发和测试环境，同时也与外部专业的测试机构和国际认证机构建立了深入的合作关系，为产品提供全方位的验证和评价，公司部分产品已经取得CCC、TUV、UL、CE和EMC等国际认证。公司致力于成为新能源汽车行业各大主机厂和动力集成商值得信赖的电控系统主流供应商，致力于为各大存储和服务器厂家提供一流的铂金级系列高性能电源解决方案。','广东','',0,4,0,'','2019-04-22 13:18:26.331035',1),(31186,'Cell Care Therapeutics','Cell Care Therapeutics','31','Cell Care Therapeutics','Cell Care Therapeutics是一家美国再生免疫疗法研发商，为用户提供来自于成人干细胞的分泌物的生物制剂，可逆转炎症过程，同时刺激组织再生，并利用患者的免疫系统来驱动炎症过程的消退并启动组织重塑，从而导致视网膜神经血管组织的稳定和恢复。','海外','',0,1,0,'','2019-04-22 13:18:26.474294',1),(31187,'爱徒VR','爱徒VR','11','爱徒VR','爱徒VR是一家VR沉浸式教学系统提供商，致力于VR（虚拟现实）和AR（增强现实）教育研发。以全身反应教学法与情境教学法为基础理论。通过场景化、游戏化的教学内容，让学习更具趣味性。','北京','',0,7,0,'','2019-04-22 13:18:26.601463',1),(31188,'苏格妃','苏格妃','20','苏格妃','苏格妃国内高新医药技术企业华仁药业（A股上市公司）大健康分支行业版块——华仁健康旗下子品牌。苏格妃全线产品贯彻0蔗糖添加的核心理念，坚持以尊重生命健康的理念基础，创造满足人们个性、美味需求的产品。','广东','',0,2,0,'','2019-04-22 13:18:26.716069',1),(31189,'Blue Vision Labs','Blue Vision Labs','26','Blue Vision Labs','Blue Vision Labs是一家英国AR技术研发商，专注于研发支持多人同时使用AR的技术，致力于实现一种“联机AR”，即多位智能手机用户可以同时感知相同的增强现实环境，致力于为用户提供多用户场景下的AR游戏。','海外','',0,23,0,'','2019-04-22 13:18:26.848643',1),(31190,'维柯教育','维柯教育','11','维柯教育','维柯教育投资（广州）有限公司创建于2016年，致力推动学前英语基础教育及其他周边衍生服务，是目前国内领先的少儿英语系统服务供应商。\n维柯教育具有三大运营优势：\n\n1 ）幼儿园英语教材系统研发与输出；\n\n2）教育行业人力资源整合系 统（参股人力资源公司）；\n\n3）提 供 学 前英语基础教育及其他周边衍生服 务','广东','',0,3,0,'','2019-04-22 13:18:28.063153',1),(31191,'Chargefox','Chargefox','27','Chargefox','Chargefox是澳大利亚一家电动汽车充电站提供商，致力于在澳大利亚建设全国性充电站网络，驾驶电动汽车进行长途旅行的用户，只需15分钟就可以为电动汽车充满电，并持续行驶400公里。','海外','',0,2,0,'','2019-04-22 13:18:28.179301',1),(31192,'Hiver','Hiver','28','Hiver','Hiver是一个美国企业邮箱应用，具备共享邮箱、共享标签、碰撞警报、电子邮件备注及自动响应等功能，可以帮助您直接通过Gmail管理用户，并与公司同时在共享电子邮件帐户上进行协作。','海外','',0,2,0,'','2019-04-22 13:18:28.295995',1),(31193,'Vertoe','Vertoe','2','Vertoe','美国短时行李寄存服务提供商','海外','',0,1,0,'','2019-04-22 13:18:28.486103',1),(31194,'维港科技','维港科技','21','维港科技','维港科技通过运用区块链技术，致力于为各行各业企业提供区块链+解决方案，通过打造针对企业服务市场的维港小宇宙、维港智子云、维港星环商学院、维港水滴钱包等产品，已经形成了一套完善的区块链生态链条，并从提升认知、技术转化、落地应用、缔造财富及沉淀价值等方面共同发力，助力企业和个人轻松上链。','北京','',0,2,0,'','2019-04-22 13:18:28.607238',1),(31195,'Syncron','Syncron','6','Syncron','Syncron是一家瑞典SaaS服务提供商，主要提供SaaS服务以帮助设备和其他产品制造商转向服务模式。其技术可以读取设备和零件上的物联网传感器数据，以分析其使用寿命，并适时建议更换零件、库存补充，并调整所更换的零件的价格。旨在解决设备制造商针对各个重工业的售后支持问题。','海外','',0,4,0,'','2019-04-22 13:18:28.775371',1),(31196,'火聘online','火聘online','6','火聘online','火聘，区块链行业人才第一站，专注于区块链行业人才招聘。','北京','',0,26,0,'','2019-04-22 13:18:28.917170',1),(31197,'NuYu Fitness AlWaha','NuYu Fitness AlWaha','13','NuYu Fitness AlWaha','NuYu Fitness AlWaha是沙特一家女性连锁健身中心运营商，致力于为女性提供健身服务，公司以现代、时尚的环境为特色，抛弃传统的健身俱乐部形式来创造新的健身体验，主张关注会员的身体健康的同时还要为她们带来积极的生活方式。目前公司已开设7家健身中心。','海外','',0,2,0,'','2019-04-22 13:18:29.029717',1),(31198,'AnChain.ai','AnChain.ai','30','AnChain.ai','AnChain.ai是美国一家人工智能区块链安全服务商，专注于研发面向DAPP项目方和交易所的区块链交易安全产品，旗下拥有态势感知SaaS平台SAP、智能合约审计SaaS平台CAP等产品。','海外','',0,1,0,'','2019-04-22 13:18:29.154136',1),(31199,'魔T高尔夫','魔T高尔夫','6','魔T高尔夫','魔T高尔夫是一个高尔夫球场SaaS管理平台，球员下场打球时，球童通过平台来计分，数据自动上传至云端管理平台，球员通过公众号，可随时查看打球成绩或赛事直播。','北京','',0,2,0,'','2019-04-22 13:18:29.267524',1),(31200,'统益生技','统益生技','31','统益生技','统益生技是一家女性生理健康产品研发商，专注于从事稳定弱酸性次氯酸及其衍生产品的研发、生产和销售，面向女性和儿童健康卫生领域。旗下主要产品包括针对女性的Bclear毕可丽私密净菌凝胶和针对儿童的全日净免洗净菌露。','浙江','',0,1,0,'','2019-04-22 13:18:29.386062',1),(31201,'未徕科技学堂','未徕科技学堂','11','未徕科技学堂','未徕科技学堂是一家少儿科技教育平台，以编程教育为核心、Steam教育为主旨，专注于人工智能领域内的实践培训教育。该平台以录播课程为引流聚拢用户、直播为最终收费项目的模式对外开放，后续还会延伸线下业务，搭建线下创客俱乐部等一系列线下实体机构。','上海','',0,1,0,'','2019-04-22 13:18:29.569337',1),(31202,'LetsTransport','LetsTransport','15','LetsTransport','LetsTransport是印度一家最后一公里物流服务商，旨在为大企业和中小企业提供同城往来物流服务。该公司旗下司机均获得了专业认证，每辆配送车辆都通过了交通部门审核，同时其服务价格也十分透明，还支持点对点计费功能。','海外','',0,8,0,'','2019-04-22 13:18:29.721229',1),(31203,'颂元茗清','颂元茗清','13','颂元茗清','通过对人们最为普遍的生活方式与习惯（如吃，喝，玩，乐，衣，食，住，行等）全面整合中国传统文化资源！开创首个中国传统文化全资源整合电商平台！','北京','',0,2,0,'','2019-04-22 13:18:29.850895',1),(31204,'黑泡科技','黑泡科技','5','黑泡科技','专注于智能家居后端的设计、安装、调试及售后服务。\n将智能家居看做一个整体，主推定制性智能家居业务，一站式服务。\n建立共享智能家居性样板间，现已与17家家装企业签订合作合同，智能家居样板间将对合作企业开放并共享。\n将智能家居技术成分单独从家装企业分割并外包出来。\n会员制客户服务。\n便利店式的开店形式，互联网销售式的开店模式。将线下交易引至线上。\n线下负责讲解、设计、安装和调试及售后，线上负责销售。','河南','',0,0,0,'','2019-04-22 13:18:29.978261',1),(31205,'末那工作室','末那工作室','13','末那工作室','末那工作室是一家原创高端GK模型及雕像开发生产的专业工作室，业务范围涵盖游戏、影视、动漫周边高端衍生品制作；电影特效化妆、电影级雕像、道具模型等制作以及相关技能培训。隶属于北京华彩光影传媒文化有限责任公司。','北京','',0,26,0,'','2019-04-22 13:18:30.130724',1),(31206,'海垦林产','海垦林产','7','海垦林产','2007年12月27日,海南农垦林产集团股份有限公司领取核发的营业执照\n    2018年1月25日,海南省工商行政管理局向林产集团核发统一社会信用代码为9146000079874477XH的《营业执照》,林产有限正式变更为股份有限公司。','海南','',0,27,0,'','2019-04-22 13:18:30.346531',1),(31207,'SIMTrip																			/ 优行旅游','SIMTrip																			/ 优行旅游','6','SIMTrip																			/ 优行旅游','SIMTrip是一家跨境移动通信数据服务商，主要从事跨境移动互联通信数据技术的研发，利用物联网设备，为商旅人士提供高速、安全、低价的跨境移动互联数据服务，解决其境外实时移动上网的需求。','江苏','',0,2,0,'','2019-04-22 13:18:30.456487',1),(31208,'苏州优行网络技术有限公司','苏州优行网络技术有限公司','6','苏州优行网络技术有限公司','计算机网络技术领域内的技术开发、技术转让、技术咨询、技术服务；计算机网络技术服务、会务服务；商务信息咨询；票务代理；旅游信息咨询；计算机软件研发；自有设备租赁服务；销售：网络设备、计算机软硬件、日用百货、电子产品、通讯设备；设计、代理、制作、发布：国内各类广告；增值电信业务；并提供上述商品进出口业务。（依法须经批准的项目，经相关部门批准后方可开展经营活动）','江苏','',0,2,0,'','2019-04-22 13:18:30.578776',1),(31209,'步古科技','步古科技','32,27','步古科技','步古科技是一个二手车B2B交易平台，致力于提高二手车交易领域的运作效率。用户可以通过平台浏览二手车车型信息、报价、保险等，并可在线进行买卖沟通。此外，平台还为用户提供技术保障服务。','上海','',0,4,0,'','2019-04-22 13:18:30.781208',1),(31210,'鼎科医疗','鼎科医疗','31','鼎科医疗','专门从事血管介入医疗治疗产品研发和生产','江苏','',0,7,0,'','2019-04-22 13:18:30.908189',1),(31211,'Arvinas','Arvinas','31','Arvinas','Arvinas是一家美国蛋白质降解药物研发商，集科研、开发、临床实验及成果推广于一体，核心产品为小分子PROTAC（蛋白水解靶向嵌合体），通过蛋白水解降解导致疾病的细胞蛋白，来治疗癌症和其他疾病。','海外','',0,0,0,'','2019-04-22 13:18:31.202347',1),(31212,'秣珥高定','秣珥高定','32','秣珥高定','秣珥高定是一个高端产品定制电商平台，以门店为核心，结合定制车及定制系统，为用户提供永生花、口红、茶饮、3D打印、时装定西装等定制服务，普通定制2小时内即可送达，高级定制12日内送达；采用年费会员模式，会员可享受30%折扣、包邮、形象课程等服务，同时搭建了设计师、买手、用户的互动平台，可对设计作品进行分享、交流与交易；旗下拥有中高端服装定制服务平台“以爱之名YAZM”，提供婚纱礼服、男女正装等高档服饰产品定制服务。','北京','',0,1,0,'','2019-04-22 13:18:31.314243',1),(31213,'iCare健康之家','iCare健康之家','31','iCare健康之家','iCare健康之家项目，是以社区为单元、 以智能化无人药店为载体，集成众多大健康物联网产品及生态伙伴。 通过大数据及居民健康画像技术，及自主研发的无人药品售取设备，为广大居民提供健康新零售整体解决方案','辽宁','',0,1,0,'','2019-04-22 13:18:31.482689',1),(31214,'Follow','Follow','19','Follow','Follow — 才华社交，玩到一起才是对的人！\n\n\n我们是一款声音UGC社交应用，用户通过声音独立生产作品、合作创造作品，用户不仅可以玩的尽兴，还可以围观各种大咖，更可以在玩的同时遇到志趣相投的人，在以后的日子里，互相陪伴，一起玩转声音。\n\n\n\n我们解决的问题：\n\n大部分社交软件是通过看脸匹配或者性格测试等方式建立，却缺乏认识后的场景，Follow通过1V1互动场景，通过声音、才华等方式的传递，充分展示个人魅力，趣味性和持续性高，但比游戏社交性更强，自然而然的解决了留存和活跃问题。','北京','',0,2,0,'','2019-04-22 13:18:31.627542',1),(31215,'云瓣未来校园','云瓣未来校园','6','云瓣未来校园','云瓣未来校园是一家智慧校园集成服务提供商，致力于为K12学校、中职大专类学校、高等院校在校师生提供一站式智慧校园解决方案。云瓣科技有限公司是支付宝、微信支付、银联支付和翼支付的授权合作伙伴。','上海','',0,4,0,'','2019-04-22 13:18:31.889343',1),(31216,'蚂蚁特工','蚂蚁特工','26','蚂蚁特工','蚂蚁特工：总部坐落于中国·厦门。面向全国知名品牌，提供亿级的AR营销解决全案。 蚂蚁特工，凭借技术实力及运营能力，已为可口可乐等百家知名品牌提供AR营销全案，并为万达等几百个购物商圈提供AR营销服务。','福建','',0,3,0,'','2019-04-22 13:18:32.285177',1),(31217,'珊口智能SanKoBot','珊口智能SanKoBot','6','珊口智能SanKoBot','珊口智能是一家专注于计算机视觉的自主创新技术的企业，拥有包括VSLAM、物体识别、图像处理、人脸识别等多种创新技术，除了提供人工智能算法，也提供整体方案和配套硬件，力图打造通用计算机视觉平台和AI大脑。','上海','',0,26,0,'','2019-04-22 13:18:32.425909',1),(31218,'锦欣生殖','锦欣生殖','31','锦欣生殖','锦欣生殖是一家辅助生殖技术服务提供商，旗下包括成都西囡、深圳中山、美国HRC三大辅助生殖技术中心。专注于在中国提供不孕不育的完整解决方案，包含生育力评估、生殖外科、生殖男科、中医生殖、复发流产、辅助生殖等不孕不育诊疗相关服务。','四川','',0,26,0,'','2019-04-22 13:18:32.549811',1),(31219,'猿盟','猿盟','6','猿盟','猿盟,源于始创于2003年的飞创公司, 获得的飞创十多年的企业服务资源,并顺应时代变革2017年诞生，一个基于云服务的软件外包生态服务平台。改变传统软件外包模式，将为700多万程序员提供云端软件开发协作、沟通及开发管理工具，通过平台智能化系统快速匹配对接开发者与需求方，并提供专业的项目咨询分析管理服务。我们秉承“让软件服务更简单”的理念，提高软件交付的效率及品质，从而帮助传统行业及软件行业实现多方共赢。','北京','',0,2,0,'','2019-04-22 13:18:32.666501',1),(31220,'物联网水电表','物联网水电表','5','物联网水电表','本公司原来生产水表和阀门，经营多年，精通行业的各个环节，现通过自已研发多年的软件及硬件，置入到人们生活的刚需水表和电表中。除了完成本身计量功能。还可以远程充值交费。及大数据采集与应用。','广东','',0,0,0,'','2019-04-22 13:18:32.784337',1),(31221,'大健康监测应急反应服务系统','大健康监测应急反应服务系统','31','大健康监测应急反应服务系统','智能辅助呼吸器、大数据处理','江苏','',0,2,0,'','2019-04-22 13:18:33.074369',1),(31222,'数控编客网','数控编客网','6','数控编客网','数控编客网是一个针对CNC行业的威客平台。企业通过平台可以节省招聘人工成本，编程威客则可以通过平台接单提高收入。','福建','',0,0,0,'','2019-04-22 13:18:33.218452',1),(31223,'易友通','易友通','15','易友通','易友通是一家家居物流配送服务平台，可为家居电商消费者提供从卖家到买家的干线运输、仓储服务、同城配送、上楼安装以及售后服务等一体化服务，同时针对装配服务不可控、货物易损等痛点提供相应的解决方案，上海居嘉物流发展有限公司旗下。','上海','',0,4,0,'','2019-04-22 13:18:33.375103',1),(31224,'合稻园智能新鲜零售','合稻园智能新鲜零售','30','合稻园智能新鲜零售','北京蓝雨天下农业科技发展有限公司致力于为消费者提供放心好吃的粮食。2017年公司开始采用智能碾米售米机将现磨鲜胚芽米提供给社区居民。我们社区碾米售米机提供的现磨胚芽鲜米比超市好吃，比粮店放心。','北京','',0,3,0,'','2019-04-22 13:18:33.504435',1),(31225,'Cocos-BCX','Cocos-BCX','21','Cocos-BCX','区块链游戏资产交易技术服务平台','北京','',0,26,0,'','2019-04-22 13:18:33.637256',1),(31226,'孩事儿','孩事儿','11','孩事儿','孩事儿作为亲子教育新媒体，打造全国唯一制作情感类原创亲子短视频的自媒体账号，获取精准母婴用户及点播量，赋能品牌及教培机构定制短视频及微综艺+全网宣发整合营销+互联网运营+线下活动赛事承办等服务实现快速变现。后期依托于前期的核心资源及能力与线下教培机构、母婴品牌商等亲子相关产业发生强关联的付费合作模式，利用平台机制达到资源整合目的，再通过活动，利益刺激等方式，吸引C端粉丝使用，实现平台化良性运转，发展成亲子教育综合服务平台。','浙江','',0,2,0,'','2019-04-22 13:18:33.938158',1),(31227,'装小蜜/ 蜜蜂兄弟','装小蜜/ 蜜蜂兄弟','20','装小蜜/ 蜜蜂兄弟','装小蜜是一家第三方家装监理平台，核心业务是互联网家装监理服务，帮助装修业主处理装修事宜。除了监理工程质量之外，还会协助业主筛选施工方，审核图纸预算，跟踪工程进度等。','北京','',0,8,0,'','2019-04-22 13:18:34.076405',1),(31228,'XONE运动空间','XONE运动空间','31,13','XONE运动空间','XONE运动空间定位于团操健身房与运动时尚消费空间，目前主要通过开展团操课程和运营精准用户，来实现运动主题旅行、时尚消费、线下社交等增值服务。公共空间集社交、活动分享、潮流文化、商品体验、轻饮等功能于一体，为用户提供团课+X的服务体验。','北京','',0,2,0,'','2019-04-22 13:18:34.186806',1),(31229,'健客','健客','31','健客','健客是一家医药网上电商平台。通过B2C网上交易平台为用户提供药品、保健品、减肥护肤品、母婴用品、家庭护理等多类产品；平台提供货到付款服务，同时也为用户提供一对一健康咨询和用药指导服务。','广东','',0,7,0,'','2019-04-22 13:18:34.327967',1),(31230,'六度智囊','六度智囊','6','六度智囊','中国领先的“互联网+”智囊机构，融合了来自各行各业的全球专家和研究人员40多万人，为金融机构、咨询公司、全球各类企业提供快速、精准、高效的专家知识共享服务，以便客户做出正确的投资及商业决策。','浙江','',0,3,0,'','2019-04-22 13:18:34.450112',1),(31231,'课观教育','课观教育','11','课观教育','课观教育通过互联网技术为金融求职者提供职业规划、求职申请、笔试测评、面试指导、技能提升等全方位服务，打造终身制职业学习平台。隶属于北京课观教育科技有限责任公司。','北京','',0,4,0,'','2019-04-22 13:18:34.779338',1),(31232,'神之系列葡萄酒','神之系列葡萄酒','20','神之系列葡萄酒','神之系列是一个法国葡萄酒品牌，集研发、设计、酿造和销售为一体的生态，业务遍布中法两国，巴黎设有品牌体验餐厅，品牌共累计获得35个国际奖项，法国ins网红追追捧的葡萄酒品牌。法国渠道为酒类专卖店、中高级餐厅、高铁。中国多个省市均有渠道商销售，同时用户也可通过小程序、淘宝、京东等渠道购买。','海外','',0,2,0,'','2019-04-22 13:18:34.915968',1),(31233,'菁齿荟共享口腔医院','菁齿荟共享口腔医院','31','菁齿荟共享口腔医院','菁齿荟由口腔预防中心，互联网➕口腔平台“牙约我”和共享口腔医院组成.口腔预防中心通过与社会各界合作，通过预防方案实施，降低客户牙病发病率，建立客户档案，并配备线上家庭医生.通过预防中心实现“少花钱，多健康”的客户管理.预防中心也是共享口腔医院流量入口.“牙约我”是线上口腔医院，也是连接预防中心与共享口腔医院的桥梁.“牙约我”平台负责客户管理，预防和治疗数据统计，预防远程宣教，牙病患者线上诊断，预约治疗，诊后管理反馈.“牙约我”提高口腔医疗透明度，提高客户粘性和转化率.共享口腔医院由三甲医院专业医生多点执业及正规门诊部或诊所闲置医疗资源整合而成.共享经济模式很大程度上消除了信息不对等，让诊疗过程更透明，医患矛盾减轻.共享口腔医院减少客户选择医院和医生成本，医疗环节更少，诊所资源闲置率降低，医生效率提高，大大降低口腔医疗整体成本.菁齿荟有能力提供给客户“又好又实惠”的牙科诊疗服务.希望通过菁齿荟的努力，解决“牙病多，看牙贵，看牙难，医患矛盾突出”的社会问题.希望让菁齿荟业务覆盖区域成为口腔最健康的地区.','浙江','',0,1,0,'','2019-04-22 13:18:35.090927',1),(31234,'来米生活','来米生活','20','来米生活','来米生活是基于新中产崛起所带动消费升级大潮，通过京东模式所打造的区域电商新零售，专注于新中产的生活服务市场。来米生活通过密集的门店铺设和产供销一体的生产流通模式，构建精选全品类的直营区域电商新零售模式，为用户提供全天候的一小时必达生活服务，满足新中产丰富、高质、低价、便捷的用户需求，在用户体量、消费信息流和现金流的基础上，通过生活服务消费、衍生消费、广告费和现金流变现。','广东','',0,1,0,'','2019-04-22 13:18:35.210349',1),(31235,'黑卡','黑卡','6','黑卡','项目的主旨是通过互联网工具，帮助商家沉淀大数据，通过商家的数据整合实现工具平台化，然后让流量变现，通过市场走访调查，商户认可率可以达到70%以上','陕西','',0,1,0,'','2019-04-22 13:18:35.325373',1),(31236,'创轲科技碳纤维材料','创轲科技碳纤维材料','18','创轲科技碳纤维材料','创轲科技将先进复合材料与智能制造充分融合，整合国内外资源打造低成本高效高智能化碳纤维复合材料制件解决方案，帮助汽车，航空，智能科技，消费电子，高端消费品，运动器材等领域实现轻质高强材料替换，实现消费升级。目前已落户上海临港国家智能制造产业园，并将向轻量化需求领域逐步拓展。','上海','',0,2,0,'','2019-04-22 13:18:35.678057',1),(31237,'five','five','21','five','通过做正文学知识付费，撬动声优配音市场。\n1.版权上链，解决正文学作品版权保护成本高，举证困难的问题，再通过泛娱乐形态，用专业的声优团队开发成有声读物，进行知识付费\n2.核销进行真实溯源，正文学作品，反之成为声优的简历，根据题材，热敷，粉丝交互情况，广告主高效进行雇佣前的决策\n3.用token制度映射积分，1:1空投糖果引导广告主注册充值，支持混合支付，降低一半成本，加速决策\n\n百亿市场，等着我们去颠覆','浙江','',0,2,0,'','2019-04-22 13:18:35.805047',1),(31238,'XX客栈创业计划','XX客栈创业计划','2','XX客栈创业计划','本客栈可以算作中国青年旅舍之一，但是相对于青年旅舍，它既有青年旅舍应有的特点，也与青年旅舍存在一定的差异，主要在于目标市场的不同。其旨在为热爱旅行的人提供安全经济，舒适温馨的旅行住所和餐饮娱乐场所。\n目前中国的青年旅舍正处于蓬勃发展的阶段，客栈初期将选址在旅游资源丰富的川藏线（国道318沿线）这里历史文化悠久（茶马古道），风景独特，旅游人数日渐增多，利于客栈的发展。而服务对象广泛（包括在校大学生及其他背包客、文艺青年、自行车骑行爱好者、摩旅、自驾游爱好者和旅游团等）在这里不断增长的住宿文化需求则有利于客栈的经营与推广。\n客栈树立正确的经营理念，通过采取有效的营销战略来实现客栈的可持续发展。','西藏','',0,1,0,'','2019-04-22 13:18:35.943866',1),(31239,'物联网移动通信项目','物联网移动通信项目','5','物联网移动通信项目','随着科技应用的不断革新，物联网方向的无线网络设备已成为市场网络设备的主导，未来将逐步取代有线网络设备。                华沃以工业级无线网络设备研发和搭建网络通信平台为核心，主要应用于政府、金融及其它对安全性稳定性要求较高的领域，基于物联网通信的工业领域和新兴市场。                   公司2017年5月份启动项目研发，2018年3月完成4G产品测试，2018年4月完成天使轮融资，2018年6月完成产品上市，2018年5月先后与多家银行、电厂建立联系，进入测试阶段，6月与国内大型运营商、电网和政府建立联系，展开合作定制产品，2018年7月启动A轮融资，启动国内国外全面市场推广。','河北','',0,3,0,'','2019-04-22 13:18:36.106786',1),(31240,'井巷','井巷','20','井巷','一款专注于为喜欢逛街的购物人群提供线下一站式商场购物，吃玩耍，社圈交友，商品共享的新零售实体电商平台。核心场景包括：一、商场购物指南及商场信息。二、购物（包括打折，当季，新品，提供线上下单送货上门）。三、吃玩耍（指南，团购，新品，提供外卖）。四、我型我秀（商家用户拍摄的视频照片，相互分享交流）。五、商品共享租赁（主要为高端商品）。','四川','',0,1,0,'','2019-04-22 13:18:36.348303',1),(31241,'同城趣','同城趣','20','同城趣','同城趣成人用品同城一站式服务平台，为客户提供最优质的成人用品O2O服务，同城30分钟内闪电般的送货效率，严密的包装，保护客户隐私。线上专业两性老师指导，结合线下高效的配送，及优质的售后客服，让中国人的性福感不再被传统思想所限制。','浙江','',0,1,0,'','2019-04-22 13:18:36.816238',1),(31242,'邀客app','邀客app','19','邀客app','用户可发布需求(赏金类和非赏金类)、完成其他用户需求或满足共同需求。客户进行一对一，一对多，多对多邀约，用户发布需求，通过平台匹配，应求者可接受邀约。发布者和接受者均可根据服务的质量对平台进行小费奖励(金额随意)。','浙江','',0,1,0,'','2019-04-22 13:18:36.980298',1),(31243,'川行物流服务','川行物流服务','15','川行物流服务','通过平台的搭建，整合物流公司，船公司等第三方服务给外贸公司提供一站式的跨国物流服务','上海','',0,1,0,'','2019-04-22 13:18:37.131645',1),(31244,'一站式数字化营销平台','一站式数字化营销平台','25','一站式数字化营销平台','通过大数据分析和互动活动场景，为线下传统企业构建线上“用户池”，\n以及为各类APP、公众号等流量媒体，提供高效率的拉新、留存、变现方案，\n同时让用户获得更好的体验和权益。','北京','',0,3,0,'','2019-04-22 13:18:37.241311',1),(31245,'游戏化线上幼儿英语课程项目','游戏化线上幼儿英语课程项目','11','游戏化线上幼儿英语课程项目','孩子的需求就是好玩：\n1．孩子普遍都喜欢游戏化的产品， 玩是所有孩子的天性\n2．孩子的天性是对各种事物抱有好奇心，喜欢探索事物\n3．孩子喜欢有即时反馈的产品，希望有成就感\n父母的需求主要是应试：\n1．中国的父母普遍处于长期的焦虑，担心孩子眼前的竞争能力-升学\n2．健康有趣的游戏\n3．越来越多的父母开始关注：如何将素质教育与应试教育相结合\n4．越来越多的父母开始关注：孩子将来的竞争力-创造性思维\n市场：\n1.新东方、学而思等头十个机构收入占比也仅为中国市场的6%\n2.市场空间：全球6.5 亿适龄儿童 \n一个解决方案:\n1.面向中小英语培训机构，针对4-10 岁孩子和家长\n2.游戏为内核驱动\n3.融入课程作业和测试评估\n4.提供给培训机构来获取客户，教材，测试，评估和运营\n特别的竞争力:\n3.激发孩子的好奇心和想象力，好奇做动力，快乐是催化剂，再插上想象力的翅膀\n4.发挥孩子的主动性和探索求知欲望（知之者不如好之者，好之者不如乐之者），	\n兴趣是最好的老师。市场主流还是：老师教，孩子是被动地去学\n5.20年欧美儿童教育游戏经验和积累','广东','',0,2,0,'','2019-04-22 13:18:37.376790',1),(31246,'车载智能破窗装置','车载智能破窗装置','23','车载智能破窗装置','团队以军工领域技术背景以及长三角先进的的电子加工技术为牵引，完成了先进车载智能破窗装置的设计和试生产并申请专利。产品的主要功能是当车俩发生事故时自动击碎车窗玻璃，为驾驶员和乘客开辟逃生通道，具有快速、高效、安全的主要特点。\n\n      2018年4月参加苏州张家港领军人才创业大赛获得重点扶持项目\n———一个社会价值与经济价值并存的优质产品','江苏','',0,1,0,'','2019-04-22 13:18:37.530432',1),(31247,'贝瑞英语','贝瑞英语','11','贝瑞英语','把欧洲的小学课堂用AR技术还原到中国，双国双师联合授课，全球同一；\n线下运用3D投影技术，真正做到学生身临其境，让学习变成快乐的体验；\n打造免费的中外儿童社交平台，变学习为日常，迅速增加线上平台用户量。','江苏','',0,2,0,'','2019-04-22 13:18:37.719853',1),(31248,'装修生态链解决方案','装修生态链解决方案','18','装修生态链解决方案','1、为用户带来方便快捷的装修解决方案，在享受高品质产品的同时，还能节约至少15%的支出。\n2、完全释放设计师的时间和空间，模式从现有的设计师作品变成版权商品在平台进行预销售。\n3、模块化装配中心从原材料入库、分拣、创建、打包、分发、安装、废料回收形成环保装修生态链。','江苏','',0,1,0,'','2019-04-22 13:18:37.908345',1),(31249,'汽车压力传感器','汽车压力传感器','23','汽车压力传感器','上海胜脉成立于2015年5月，创始团队从事MEMS压力传感器研发及技术应用多年。多年来坚持自主研发设计，并将产品在国内领先的代工厂量产。生产出低成本、高可靠、可大批量制造的MEMS压力传感器，在汽车等领域有大量应用。 胜脉为国内超过30家汽车厂提供多种压力传感器，包括常柴、莱动、东风商用车、陕汽、五菱、济南重汽、比亚迪电动车、众泰电动车、福田电动车等。2017年出货120万只压力传感器。','上海','',0,3,0,'','2019-04-22 13:18:38.045646',1),(31250,'超融合数据防泄露产品','超融合数据防泄露产品','6','超融合数据防泄露产品','云易天成全球首家从产品设计阶段全面研发和融合DSM（国内文档加密管理技术）以及DLP（国外数据泄漏防护技术），攻克了融合的难题，并结合机器学习 & 自然语言分析和入侵防护技术，研发了目前功能最全面的数据防泄漏产品。全方位的保护企业的数据资产，真正做到对数据泄露事件的事前预防，事中保护，事后取证','北京','',0,3,0,'','2019-04-22 13:18:38.163539',1),(31251,'智慧家政','智慧家政','20','智慧家政','打造中国大规模的健康家政服务连锁机构，全国万家连锁店长引流用户进智慧家政App，用户刷脸实名登记大数据存储，根据用户需求自动匹配相对应的需求信息，一键下单，工资全程安全委托，云计算自动扣款，并且提供服务应配套的商品，支持在线商品下单交易，由连锁门店店长负责售后服务以及送货上门。\n总部盈利：\n加盟费：加盟开店收取的加盟费\n会员费：升级会员获取私聊权限\n保证金：上岗服务的诚信保证金\n管理费：工资委托扣款的平台管理费\n商品利润：用户购买商品获得利润','江苏','',0,1,0,'','2019-04-22 13:18:38.279789',1),(31252,'微酒代','微酒代','32','微酒代','酒水作为五千亿级行业，目前还不存在适合厂家和经销商的B2B服务平台。酒企竞争激烈，产品层出不穷；经销商选产品也耗费精力，且效率不高。除了糖酒会，双方再无更好的选择。微酒代的出现可以弥补酒企与经销商之间的空白，经销商足不出户通过手机APP和厂家一对一洽谈，节省时间，提高效率。\n\n微酒代为酒企，运营商与经销商提供对接平台，解决招商难，找产品难。微酒代提供商家入住平台，给酒企，运营商（开发商）全国独家代理的优质产品提供良好的展示空间，公平竞争。为经销商选择产品打开新的窗口。\n\n很多酒企与开发商的产品只做线下，原因是线上价格透明与线下冲突。但是B2B平台通过设置规则可以满足酒企的需要。虽然有阿里巴巴，易酒批，酒仙团，挖酒网等B2B电商企业，但白酒B2B仍然有巨大操作空间。','河南','',0,1,0,'','2019-04-22 13:18:38.541989',1),(31253,'莱福','莱福','20','莱福','先生女士们大家好，\n我是林其，来自广东梅州\n如对100亿计划感兴趣，请仔细阅读以下提案。\n随着时代的发展，消费能力和基数的上升，能消费500～1000元的不在少数，尤其在中国东部与全球沟通频繁更关注健康和生活品质的消费。\n根据合理推测：广州，深圳，珠海，上海，浙江，西安六大城市合计每两天就有1亿消费者\n假设在酒水消费占1╱10那么每个月至少有1千万消费数量，如果我们每个月只要占到25%的份额，每年就有3千万消费数量，平均每年每瓶赚10元，35年后那时我们除了每年支付大量税金给国家外，支付有60%的大量现金给我们供应商，合作伙伴外，我们还拥有价值100亿的公司\n这仅是六大城市给我们合起消费能力。','广东','',0,1,0,'','2019-04-22 13:18:38.662088',1),(31254,'盛太卤物','盛太卤物','20','盛太卤物','将休闲食品中增长最快的细分领域，休闲卤味制品，进行“产品+模式”双创新升级，依托门店、互联网、无人售，打通居住区、办公区、购物区三大消费场景，以更快更优更便捷的服务，打造卤味新零售的新商业模式。','浙江','',0,2,0,'','2019-04-22 13:18:38.800091',1),(31255,'菜谱端','菜谱端','20','菜谱端','未来的菜谱端用户不但可以享受到便捷的本地生活服务，也不用考虑自己或家人的每天饮食问题，平台可以通过用户的长期稳定的日常饮食（生鲜食材）用品消费的综合数据分析和科学导购，随时随地都能找到合适自己的食材和餐厅。\n       商家店铺也可直接从平台获取科学消费数据来引导调整经营策略，从而推动实现人们的饮食现代化。','广东','',0,2,0,'','2019-04-22 13:18:38.999559',1),(31256,'高回报特种养殖','高回报特种养殖','7','高回报特种养殖','本项目为竹鼠养殖。 竹鼠是一种竹子为食小动物。因其味鲜香肥美而成为人们的桌上佳肴，在都市的中高档餐饮中大受欢迎。 随着我国经济的发展，中产阶级迅速扩大，消费能力不断提升，消费水平不断提高，餐饮消费领域多样化、层次化已成为不可阻挡的趋势，鸡鸭鱼肉等常规肉类早已无法满足现代餐饮需求。就连普通菜市场，动辄几十上百元1斤的鳝鱼、娃娃鱼、海鲜等肉类早已司空见惯，批发市场更是供不应求，价格居高不下；中高端酒楼、会所比比皆是，竹鼠等高端肉类的需求持续增长。鉴于以上原因，本项目计划在本地投资兴建一座大型的竹鼠养殖基地。利用先进、科学的养殖管理技术与理念进行饲养管理，以期取得良好的经济与社会效益。在不久的将来，以第一个养殖基地为模型，在多地复制多个竹鼠养殖基地、多渠道营销，开创中国高端肉类第一品牌。','湖南','',0,3,0,'','2019-04-22 13:18:39.116651',1),(31257,'智能化垃圾收集系统','智能化垃圾收集系统','5','智能化垃圾收集系统','初创，环保类，自主研发垃圾自动收集技术，现资金瓶颈，寻求天使投资。蓝海，资深行业经验，大学科研支持，有项目落地且有项目储备，尚无现金流。','上海','',0,2,0,'','2019-04-22 13:18:39.369697',1),(31259,'大麦在线','大麦在线','32','大麦在线','随着联网的发展，B2B、B2C等模式的地位日益突出。而相对的是线下实体运营商家，运营成本居高不下。因订货量少，导致货物订购无法直接对接厂商，致使货物被多层经销商、代理商扣利，所以进货成本高。由于各厂家都有自己的地区代理商、经销商，实体运营商家订货因品种多，就需要联系多品牌代理商、经销商，订货比较繁琐。由于单一订货量少的原因，也会导致经销商、代理商不愿意配送。\n我公司专注于商超批发，深知零售行业痛点。以B2B模式实现一站式服务锁链。\n线上采购、线下配送到门店。 帮助商超解决了订货难，高额进货，货少无人配送难题，时间等......','北京','',0,1,0,'','2019-04-22 13:18:39.597744',1),(31260,'触梦-人格化智能助理','触梦-人格化智能助理','30','触梦-人格化智能助理','触梦（True Magic）文化科技成立于2018年3月，致力于精耕人格化人工智能助理领域产品与市场，应用于智能化教育培训（幼儿教育、外语培训、K12教育）、虚拟演艺（全息舞台剧、虚拟偶像互动）、虚拟陪伴等领域。公司前身主要生产VR娱乐与教育内容，有深厚的技术/艺术积淀/行业资源，拥有服务一线品牌的国际化团队。','北京','',0,1,0,'','2019-04-22 13:18:39.717445',1),(31261,'京东农乡市场整合','京东农乡市场整合','32','京东农乡市场整合','已经有一家成功盈利县城店，正在建设第二家，期待您的加入让我们可以扩张更多家。','湖北','',0,2,0,'','2019-04-22 13:18:39.833986',1),(31262,'找你家谱人文传承平台','找你家谱人文传承平台','28','找你家谱人文传承平台','“找你家谱”是网络家谱领导品牌，将传统家谱文化和互联网技术有机结合，解决了传统家谱编修时间长、专业要求高、人力成本大等诸多困难，降低了修谱门槛，创新了家谱应用场景，以全新的方式传承家族人文、维系血脉亲情，有效解决“一代亲、二代表、三代四代不认识”的现象，提供免费修谱、智慧寻根等家文化传承服务，实现人人可修、家家有谱，更致力于改善“富贵传冢不过三代”的问题，帮助家长、族长等家族精英修身齐家治国平天下。\n找你科技以家谱文化为切入点，拥有高质量的精英用户和真实有效的结构化人文数据，致力于人类从出生到去世的全产业链生态布局，涉及母婴教育、文化产业、健康养老、殡葬服务、大数据等商业版块。','重庆','',0,2,0,'','2019-04-22 13:18:40.146516',1),(31263,'无人便利店','无人便利店','20','无人便利店','全自动 360℃智能拣结算系统  顾客只需将商品放在机器上（多件也可，随意堆放任意角度方向）。结算机单件商品2秒内100件40秒左右自动完成所有动作。（防堆叠机构、体积测量、自动识别、漏扫重扫、未结算自动回收、EAS防盗解码）','江西','',0,1,0,'','2019-04-22 13:18:40.277513',1),(31264,'帮忙购网络平台','帮忙购网络平台','20','帮忙购网络平台','我们要做的是一款简单的网络平台，我们的用户可以在平台上发出自己的需求，看到订单的用户可以接受订单完成需求来获得相应的酬劳。','云南','',0,1,0,'','2019-04-22 13:18:40.417073',1),(31265,'谷柏特汽车美容快修','谷柏特汽车美容快修','20','谷柏特汽车美容快修','谷柏特七大系统\n人车生活\n公司54年专注于汽车快修，有深厚的技术素养，同行望尘莫及的综合实力，本公司为河南洛阳分公司\n1、美容系统：美容镀晶、镀膜、霹雳火纳瓷封釉，纳米陶瓷隔热防爆膜/贴膜\n2、纳米清洁系统：精致洗车、内饰清洗，系统发动机清洗\n3、轮毂系统：轮毂修复、轮毂改色系统、轮穀拉丝\n4、车漆系统：16分钟数码快速速补漆\n5、大灯系统：大灯修复、大灯改色、破碎修复、透镜改装\n6、炫绘系统：内饰炫绘、轮毂炫绘、拆装件炫绘\n7、特色系统：铁布衫”纳米复合特色，免喷漆凹陷快速修复，真皮修复翻新改色，纳米新型补胎，玻璃修复/顶棚织绒，全车隔音，360°全景影像系统。','河南','',0,1,0,'','2019-04-22 13:18:40.565668',1),(31266,'校园自助收售机系统','校园自助收售机系统','25','校园自助收售机系统','基于网络协同与数据赋能的自助收售书机平台，利用人工智能、物联网、大数据、云计算等技术赋能自助收售书机，打造集硬件控制、零售业务管理、互联网对接、大数据集成功能为一体的智能联网终端，实现收售书机终端运行状态、销售、库存的实时监控，实现用户端销售数据及消费行为的有效分析。通过加强点位投放力度，拓展销售品类和增值业务，提升供应链整体运营效率，降低控制成本，实现异地复制的良性循环，最终形成规模经济。通过线下引流、线上互通，打通线下线上购买渠道，实现人机互动和全员参与，并最终建立图书市场的校园社群化、智慧化、精准化运营的人机互动生态体系，打造基于自助收售书机平台的智慧校园生活圈。','浙江','',0,1,0,'','2019-04-22 13:18:40.707808',1),(31267,'重新定义PC艺术之美','重新定义PC艺术之美','23','重新定义PC艺术之美','澎湃科技是一个具有文化、艺术魅力的互联网硬件创业公司。我们给传统PC领域注入全新的理念，将消费者带入一个美轮美奂的“一体式DIY”PC世界，领略一种超乎想象的产品体验。\n        PC作为目前最大的计算平台，已经渗透到我们生活的每一个角落，无论你愿意不愿意，你的一举一动都已经成为了计算平台上的点。\n        消费者到底需要一台什么样的PC产品？有没有一款将优质品牌、硬件配置合理、外形美观多变、移动便携、升级更新无障碍、外设完美整合、使用便利等一系列特点都集于一身的PC产品呢答案是肯定的“有”\n\n澎湃科技具备以下创新\n1.产品核心结构创新（已获专利7项）\n2.产品文化艺术内涵提升与创新\n3.通用硬件选择组\n4.产品使用功能性组合创新\n5.外形设计“独特一体化”创新（已获外观专利1项）。\n6.“移动端”设备功能延伸创新\n7.“线上”4种消费导向型营销模式的创新\n攒机体验、价格、使用、技术4种导向型\n8.“线下体验店”营销模式的创新，其重点有:\n“共享”租赁模式创新\n维修服务“免费”消费者引流模式创新\n“电竞”周边外设拓展创新\n\n\n10.“线下”营销模式的创新','浙江','',0,1,0,'','2019-04-22 13:18:41.076139',1),(31269,'未来超市','未来超市','20','未来超市','医政需观\n书一政,君云游民层,国城一物为通病,皆由钱之需而起,则贪而最,贪字由钱生,钱可通万物,生而万物起,万病则起.如,治其病,可得万物之财,壮其国城,民已其衣食住行为本, 可划病则起医社保.五险一金.增之国壮及民强 .\n\n钱自起贪字生,钱之流动可其控,换其为数据归, 以待查.已其手模瞳孔身份证为绝 ,废除纸币之政, 得其个人数据.可查之一切流向.待其功成 ,观之其据, 可得其治病之策.其数据可发于公司让其自治其心 .\n\n其数据也可得多种,如钱(由己人数据)物(则二维码)住(则地址)行(证)等一系,类分数据, 可自成数据之比而观之则生对策矣在心.后得万物之才归于民 ,增之医保,公积金(可增之用于赁租)因其部分人少之首付等其房, 车易可为共享车多.民则强国城最 .\n可观之策\n立一政为民财政,系统专赛选比例失衡的系统,从而调民之政策,选之贪污而查之, 治之.全部数据化即可 ,由各些地区先试运行,而后扩散.\n\n治之政,治之需治心,心何错,心无错,生旁物多因,本不足而生旁,为治其心,改之其本,本有之,其而又生旁物者,为犯民心者,需治之.\n\n以何治本,本为民生,民生亦有,医食住行,','福建','',0,1,0,'','2019-04-22 13:18:41.348450',1),(31270,'爱维邦青年学习平台','爱维邦青年学习平台','11','爱维邦青年学习平台','打造模拟学校自媒体学习平台社区。\n         1.降低开课标准，只要有技能，人人可开课。\n         2.降低学习成本，随时随地学习。\n         3.丰富学习技能，任何一个行业均可开课。\n         3.降低教学成本，无论是专业学科还是民间技能，都可以在平台展示。\n         3.丰富学习业态，学以致用，打造学习.社交一体化平台。\n         4.公平教育资源，进学堂无门槛，教师无标准，全凭个人能力。','湖北','',0,1,0,'','2019-04-22 13:18:41.480211',1),(31271,'童画秀秀','童画秀秀','11','童画秀秀','童画秀秀是专业的儿童绘画存储、分享和交流平台，致力于为渴望兴趣社交的儿童，注重子女教育的父母和实现自我价值的老师，提供闭环的个性化一站式服务的移动垂直社区。','福建','',0,2,0,'','2019-04-22 13:18:41.618353',1),(31272,'智易AI平台','智易AI平台','30','智易AI平台','智易科技是一家具有海归背景的AI技术与服务提供商，团队来自于Google、Apple、微软、阿里巴巴、百度等国内外顶级IT公司，在云计算和AI领域深耕多年，具备国际顶尖的机器学习技术。智易通过打造一款独创式的一站式AI研发与应用云服务平台，帮助企业更加简单便捷地进行AI应用的开发与部署，低成本拥有人工智能，从而获得更大的商业价值。目前公司已获得国内数家顶级基金的数百万美元天使投资。','广东','',0,2,0,'','2019-04-22 13:18:42.057150',1),(31273,'宠物生活服务自营平台','宠物生活服务自营平台','32','宠物生活服务自营平台','发展宠物电商社交，自营平台，未来还会有宠物智能科技和云数据','上海','',0,1,0,'','2019-04-22 13:18:42.164879',1),(31274,'威校速到','威校速到','32','威校速到','以o2o模式为基础，拓展o2o2o模式，完成线上线下商品速递','山东','',0,1,0,'','2019-04-22 13:18:42.271957',1),(31275,'室内设备养殖小龙虾','室内设备养殖小龙虾','7','室内设备养殖小龙虾','室内设备养殖小龙虾，一年四季都可以养。山泉水养殖天然无污染。1创建养殖基地（已有基地），2建设旅游山庄，亲子垂钓小龙虾，名宿。（已有基地）3筹建小龙虾直营连锁餐厅。','浙江','',0,1,0,'','2019-04-22 13:18:42.378767',1),(31276,'YOU友','YOU友','25','YOU友','YOU友是一款基于互联网思维，以用户信用行为为基础，兴趣化社交为需求，精准连接人与信用的社交平台。','浙江','',0,1,0,'','2019-04-22 13:18:42.483493',1),(31277,'智农互联','智农互联','25','智农互联','智农互联是互联网+农业结合，实现用户与农机服务者之间线上下单与线下服务。智农互联主要服务于中国9亿的农民种植户，为了打破“无机可用” “无好机用” “有机难用” 这个僵局。中国农业生产前期投入每年需要2万亿，农机占据1/3的份额，然而农业机械发展的不平衡现在问题太多，国家呼吁向智慧农业转型，智农由此诞生。农村4G网络2017年底全覆盖为智农提供了硬件基础，团队耕耘农机市场十余年，互联网+农业的质变从此将改变目前农业机械服务的格局。在做好o2o订单的同时，智农互联致力于打造一个高效，实惠的农机后服务市场，以此作为农业机械的现代化、智能化保障。','山东','',0,2,0,'','2019-04-22 13:18:42.941320',1),(31278,'冷藏联盟','冷藏联盟','32','冷藏联盟','互联网＋生鲜B2B＋冷链＋冷库。国内最大的跨城冷链物流平台。','北京','',0,3,0,'','2019-04-22 13:18:43.077347',1),(31279,'智慧书法系统','智慧书法系统','11','智慧书法系统','我们要做的是通过硬件、算法和内容，让想学习书法及其文化的人通过这个智慧书法屏达到与专业老师教学同样的效果。\n    产品分为3个阶段：硬件的设计研发、底层系统开发、内容的创作以及呈现的效果。                              \n    参照教育部的《基础教育信息化建设标准》、《教育管理信息化建设标准》、《教育部关于中小学开展书法教育的意见》和《中小学书法教育指导纲要》等为依据，以国家教育信息化总体框架为指导，为中小学校建立书法数字化教学而设计，目标是建立一个系统、完善的全数字化智能化的书法系统学习，集合了各类多媒体设备，整合了丰富多彩的教学资源，实现了中小学书法课堂多媒体授课，培训机构数字化书法培训，海外书法爱好者学习中国传统书法等不同场景下的书法数字化教学模式。        \n    要求可以达到市面上90％毛笔都能在屏上书写、屏上临摹、智能判断、软件自动更新升级、可以外接设备达到一定的扩展、可以结合软件内容完成教学任务。','北京','',0,2,0,'','2019-04-22 13:18:43.200031',1),(31280,'武汉众赢海纳','武汉众赢海纳','20','武汉众赢海纳','近两年各大物业公司开始涉及业主生活所需配套服务，我司专职做物业增值服务。行业:传统物业受困于主营迈不开增值服务的步子，无专业团队负责，总部每年给各区域各项目下达多种经营任务指标，往往一个大社区配一个管家乱挖“金矿”，我司依靠圈内人脉接手各物业公司多种经营任务，组建专业团队做专业的事，做资源整合再分解，目前五个线条:乐享荟小程序；二手房租售；装修；园区广告；活动策划。\n优势:专业团队做专业的事，快速分解整盘。1、二手房租售，不同于常规二手房公司开店用多人守盘，通过合作的物业粘性拿到二手房业务员进小区看房的业主详细信息，低过户佣金“截胡”。2、业主收楼前即装修好居家使用的样板间(不同于售楼部小轻奢、简美样板间)，收楼现场签约装修，收楼前业主推介会，非整装及软装商户导入。3、广告资源挑肥拣瘦优先使用，倒卖，武汉市场框架广告投放每周每框约200-300，物业公司框架广告场地使用费每梯四框一年总价800-1600，以上费用仅住宅(不含商业)调研。4、活动策划与乐享荟深入藕合粘合，“衣食住行深挖金矿”，导入有机果蔬养殖商户，业主可虚拟种菜、实际收菜赠菜，车辆保险及过户…待续。5、乐享荟可导入……','湖北','',0,2,0,'','2019-04-22 13:18:43.346237',1),(31281,'互联网+珠宝+金融','互联网+珠宝+金融','6','互联网+珠宝+金融','我们是联赢网络科技（深圳）有限公司，我是创始人徐来，有过两次成功创业经历。我们做SaaS管理系统+珠宝+金融，在深圳罗湖区水贝片区，主要用户群体是珠宝原料供应商，工厂，成品（品牌）批发商和零售商，     我们的产品是通过SaaS系统获取/分析珠宝行业数据，打造另一个“阿里式”珠宝全功能商城和智能制造工厂，利用珠宝行业供应链金融平台促进行业闭环交易，市场规模千亿级！     我们会给珠宝行业带来生产效率的提升（人工生产比例下降）、内部管理效率的提升（更精细系统化数据化的管理）、流转效率的提升（行业SAAS）以及营销效率的提升（精准获客与库存共享）。     我们的团队来自周六福及知名品牌珠宝企业高管，研发团队来自华为，IBM等具备多年技术经验的项目管理人才；','广东','',0,2,0,'','2019-04-22 13:18:43.513886',1),(31282,'分布式数据库及区块链','分布式数据库及区块链','6','分布式数据库及区块链','数据库是所有IT系统中处于最核心的地位，而在金融、电信、电力等IT系统安全和性能等级要求最高的行业，一直受制于国际IT厂商oracle、DB2等垄断，而且其产品也越来越无法适应目前新形势下的需求。同时国家最近对于核心系统软件提倡自主可控和信息安全战略也有利于自主研发软件。我们自主研发新型OLTP关系型分布式数据库产品，已经很好的解决传统单点数据库ORACLE 、DB2等痛点，已实现在国有五大行和股份制银行多个核心交易系统替换Oracle、DB2上线使用，此外我们是唯一具有替换大型机能力的数据库产品，受到人民银行和银监会高度肯定，双十一已有贷记卡授权系统从大型机迁移至基于PC SERVER的分布式数据库上，实现了去大型机的成功案例。而且在电力、物流、电信等领域逐步推进。未来在也会在大数据和区块链进行布局和推进。','上海','',0,3,0,'','2019-04-22 13:18:44.046814',1),(31283,'百宝柜','百宝柜','20','百宝柜','具有发明专利的无人零售、自助共享任意物品给他人、收发物品的展示柜及线下展示柜硬件及线上平台，非三者简单组合而是全新解决方案。是网点、体验、费用的最佳平衡方案，是线上线下结合的基础设施。','四川','',0,1,0,'','2019-04-22 13:18:44.187738',1),(31284,'旅游休闲开发','旅游休闲开发','2','旅游休闲开发','本旅游开发项目初步计划有：1.农家乐，露天烧烤；2.游泳池，休闲垂钓池；3.山庄酒店；4.丛林探险；5.观音庙，观音像；6.真人CS区.7.农场（百香果，草莓，柚子，茶园，念子园）畜牧园；8.农田体验区；9.漂流；10.各景点亭院，铁索桥，革命烈士陵园！11.客家古围楼！本旅游开发点与红色革命旧址紧密联系在一起，如朱德领导的茂芝会议，永子良18烈士纪念馆，麒麟岭红军栈道！','广东','',0,1,0,'','2019-04-22 13:18:44.339114',1),(31285,'智慧幼儿园运营管理平台','智慧幼儿园运营管理平台','25','智慧幼儿园运营管理平台','打造通用运营平台，线上线下结合让科技的管理具体化实用化，个性特色解决不同幼儿园的需求，集合大数据运营解决落地执行，打通科技与幼儿园结合的最后一公里。\n1，提高幼儿园管理水平和效率：,建立幼儿园管理的标准SOP，让工作流程精简，从而提高幼儿园管理效率。\n2，提升幼儿园专业形象：让幼儿园管理更加科学，让招生很好的园所提升品质，同时可以有效的帮助需要招生的园所得偿所愿。帮助幼儿园免费开通宣微幼儿园平台，更好的宣传展示园所风采。\n3，建立幼师成长联盟：打破幼师成长的天花板，让幼师付出和回报成正比。\n4，清晰幼儿园运营成本：,利用解决方案，低成本、高效率、职能化的特点，快速建立起完善的运营体系，使得运营者清晰投入产出。\n5，提高家长满意度：帮助家长及时了解每日孩子在园的各项活动情况，月末汇总报表帮助家长准确掌握孩子的个性、社会性发展，良好的用户体验就是终极的竞争力。\n6，优化、减轻老师的工作：极大地减轻了教师的工作量，让老师从繁杂的观察记录和家园沟通上解放出来，投入到幼儿教育活动中。\n7，打破幼师高流动性壁垒：培养幼儿园特色课程老师，继而降低幼师流动性。稳定的教职工团队是幼儿园核心竞争力的基石','北京','',0,2,0,'','2019-04-22 13:18:44.507202',1),(31286,'千岛湖慈孝山庄养老院','千岛湖慈孝山庄养老院','31','千岛湖慈孝山庄养老院','千岛湖慈孝山庄目前已经进入综合验收阶段。现在由于股东资金紧张，寻求融资或整体股权转让。目前规划，政府补贴每年900万以上。','浙江','',0,1,0,'','2019-04-22 13:18:44.773434',1),(31288,'村镇智慧连锁药房','村镇智慧连锁药房','31','村镇智慧连锁药房','即将登陆新三板，通过并购快递成长的连锁药房','广东','',0,7,0,'','2019-04-22 13:18:45.480684',1),(31289,'预逍','预逍','20','预逍','预逍App，是移动互联网+兴趣社交的共享闲置平台！致力于搭建一个介于社交与商业的消费商模式。早期，平台以“新玩具置换闲置玩具”的地推策略快速获取同城社区的家长用户，通过社区圈的信任基础及兴趣社交完成用户之间对家庭更多闲置物品的共享与置换。让用户借助（预借）平台的虚拟货币“不花钱”即可相互置换自己感兴趣的闲置物品，并将其引流至线下商家消费。','北京','',0,2,0,'','2019-04-22 13:18:45.602239',1),(31290,'少儿体适能运动馆','少儿体适能运动馆','11','少儿体适能运动馆','本项目将儿童心理学与少儿体能训练有机结合，主要针对现阶段儿童普遍存在的感统失调，体质体能下降的问题所做的普遍与个性的恢复方案。采取有氧，律动，延展，体能游戏等运动形式，通过个体或集体运动，提高少儿的大脑处理感觉和资讯速度，促进体格器官发育，提升个体耐力，平衡感及协调性，实现增强其自信，锻炼其意志，从而提高对环境和社会的适应能力，为其终身发展奠定良好的生理和心理基础！','北京','',0,1,0,'','2019-04-22 13:18:45.715615',1),(31291,'“安智家”智慧家庭','“安智家”智慧家庭','5','“安智家”智慧家庭','我们与运营商合作，用很低的成本将用户家庭现有的机顶盒（有线、iptv）升级为智能家庭控制中心，实现家居安防、视频监控、家居自动化控制等功能。另外我们还针对家庭用户普遍关注的安全需求开发了联网报警系统，可将家里的安防报警跟小区物业和24小时后台管理中心进行联网，结合保险为用户提供更完善和更有保障的家居安全服务。本项目包括软件和硬件，软件包括app、服务端、机顶盒端；硬件包括各种智能安防、智能控制设备、摄像头等。更多的详细信息请大家阅读我们的商业计划书，谢谢！','广东','',0,2,0,'','2019-04-22 13:18:45.837983',1),(31292,'互联网钢琴教育平台','互联网钢琴教育平台','11','互联网钢琴教育平台','我们是做互联网钢琴教育平台，解决家长陪练，老师备课，教学标准，琴行管理混乱等痛点！我们APP入住国内琴行，帮助琴行管理老师、学生、教学质量！帮助家长了解小孩学习情况，老师教学质量，琴行管理水平等问题！帮助老师解决备考难，教学标准难，监督学习难等问题！','广东','',0,3,0,'','2019-04-22 13:18:46.429811',1),(31293,'TrixMatch智能新零售服务平台','TrixMatch智能新零售服务平台','30','TrixMatch智能新零售服务平台','为新零售店或者传统门店，提供智能的导购与销售系统，从而可以提高线下店的传统导购员（或者销售员）的用户分析能力、用户画像能力、商品零售分析能力、用户商品推荐能力等。简而言之，可以用智能系统（未来可以是智能机器人）增强（或者替代）传统导购员（或者销售员）导购能力与销售能力，从而带来线下销售的精准性，从而提高零售的零售额','上海','',0,1,0,'','2019-04-22 13:18:46.549091',1),(31294,'智能移动健康手表','智能移动健康手表','31','智能移动健康手表','医生：很好的确认病情，知道自己的病人在哪里；\n民众：小病足不出户，大病专业指导与推荐；看病不难，看病不贵；随时随地健康体检，家人于家人之间的私密社交。','河南','',0,2,0,'','2019-04-22 13:18:46.707925',1),(31295,'Solocal','Solocal','2','Solocal','現今，旅行已經不只是娛樂，而是一種生活方式，一個讓自己成長的渠道，越來越多的女性選擇獨立出行。全球現在有超過1億的女性單獨旅行，這個市場是全球旅遊業增長最快的市場，每年增長率平均為10%。Solocal是一個致力於服務女性的互聯旅行平台，通過實時實地的連結女性出遊者，提供她們旅行所需的服務和豐富的當地活動，使她們的行程更安全，簡單，愉快。\n\nSolocal希望通過獨立自主的旅行，能帶給全球的女性更多的自信和自由。我們的遠景是建立專為女性服務的整合性平台。\n\n我們現階段在進行APP的內部測試，11月在倫敦投入公開測試。現已有超過1000人註冊測試。\n\n起步在英國，早期的主要市場在歐洲，美國，澳洲。中期在東南亞，南美，中國。\n\n我們的團隊很成熟，三個聯合創始人都擁有成功創建公司的經驗，也在相關領域有很強的經驗及廣泛的人脈。\n\n我們在英國是註冊公司，也通過了英國政府認證的SEIS（種子公司投資計畫）。透過投資我公司，可以申請英國企業家移民。','海外','',0,1,0,'','2019-04-22 13:18:46.871201',1),(31296,'电动汽车电池更换服务','电动汽车电池更换服务','27','电动汽车电池更换服务','组建换电池的平台公司;  建立覆盖每个电池更换. 车辆使用. 更换站点等的大数据管理服务系统;  建设换电站，提供换电池服务;  协助电池回收处理及再利用;','上海','',0,1,0,'','2019-04-22 13:18:47.015977',1),(31297,'爱简历','爱简历','25','爱简历','EverCV将打造在线简历编辑分享给HR及猎头，由HR转向用人部门进入面试安排及反馈。如果面试候选人到达面试地点区域，将会自动签到在HR APP的面试候选人清单中，代替了原有的前台面试登记表，同时推送到达提醒给HR和用人部门。提供在线沟通及随时随地的第一时间面试反馈。从用户角度一定程度上让简历标准化，不用担心简历不知道怎么写。从HR和猎头角度采用To do list方式进行高效的候选人跟进。LBS推送附近候选人给用人公司，同时也将附近公司推送给候选人用户。用心每一份简历，做认真的招聘。','北京','',0,1,0,'','2019-04-22 13:18:47.134511',1),(31298,'莫克西(Moxie)','莫克西(Moxie)','20','莫克西(Moxie)','“莫克西”最早的品牌历史可以追溯到1876年，比1886年诞生的可口可乐还要早，它也是目前美国市场上历史最悠久的碳酸饮料品牌之一。莫克西诞生于美国东北部的缅因州，2006年它曾被指定为缅因州的官方软饮料。','上海','',0,23,0,'','2019-04-22 13:18:47.419206',1),(31299,'探奇星球','探奇星球','11','探奇星球','北京探奇星球是一个幼儿科技启蒙教育服务提供商，拥有3-18岁完整体系的STEAM课程，包括机器人课程、少儿编程课程和创客课程，培养儿童用户科学、艺术、数学等多学科素养。','北京','',0,2,0,'','2019-04-22 13:18:47.538961',1),(31300,'国汽智联','国汽智联','27','国汽智联','国汽智联是一家国家级智能网联汽车创新中心，聚焦国家战略需求和引领行业发展的基础、共性问题，为我国智能网联汽车建设新型产业生态创新体系提供基础模块和共性平台，使现有企业能够在此基础上更好的发挥自身特长，抢占未来技术竞争制高点，提升我国智能网联产业的核心竞争力，加速中国从汽车消费大国向汽车工业强国的转变。','北京','',0,2,0,'','2019-04-22 13:18:47.665023',1),(31301,'爱卓IJOY','爱卓IJOY','18','爱卓IJOY','IJOY（爱卓）作为全球电子蒸汽烟时尚品牌领导者，一直将高端品质，设计美学和创新的理念贯穿到所有产品线中,彻底颠覆了香烟的传统形象，给大众带来全新的时尚外观，感官享受和功能用途，将电子蒸汽烟上升到一个时尚的新高度!','广东','',0,4,0,'','2019-04-22 13:18:47.810459',1),(31302,'格物生物','格物生物','20','格物生物','格物生物是一家经营大健康项目的科技公司，总部位于广州天河区，着力于产业链的研发和营销两大核心环节，致力于新零售模式下打造中国益生菌知名品牌。目前，主要产品为21DAYS益生菌（固体饮料）。','广东','',0,2,0,'','2019-04-22 13:18:47.961548',1),(31303,'速效通','速效通','25','速效通','三明振扬信息有限公司于2018年04月17日成立。法定代表人温振铣,公司经营范围包括：信息处理和储存支持服务，信息技术咨询服务，信息系统集成服务，软件开发等。','福建','',0,1,0,'','2019-04-22 13:18:48.180809',1),(31304,'厂多多','厂多多','28','厂多多','厂多多是一家工业地产运营服务商 主要整合线上线下企业需求资源，提供工业数据，企业客户 产业园区，政府招商等信息，通过大数据进行智能分析 筛选 自动匹配需求，厂多多平台通过手机APP+门户网站+微信公众号+ERP系统 整合线下线下资源，突破了传统单一线下服务模式，从B2C---B2B将个人和企业有机结合起来，实现企业和企业的无缝对接。 为企业提供从前期的企业孵化→项目落地→企业选址→企业后续服务→企业融资租赁→企业金融贷款→企业债务清算→破产收购以及重组→重新包装上市，解决市场信息不对称问题，实现各方信息互通，资源共享。','江苏','',0,0,0,'','2019-04-22 13:18:48.313817',1),(31305,'轻聪电商','轻聪电商','32','轻聪电商','轻聪电商是一家微信小程序精品电商平台，隶属于北京轻聪电子商务有限公司。','北京','',0,2,0,'','2019-04-22 13:18:48.486550',1),(31306,'ofo小黄车','ofo小黄车','27','ofo小黄车','ofo小黄车首创“单车共享”模式是全球第一个无桩共享平台。ofo 萌起校园，目前已成为中国规模最大的校园交通代步解决方案，为广大高校师生提供便捷经济、绿色低碳、更高效率的校园共享单车服务。ofo 共享单车怀揣“随时随地有车骑”的朴素愿景来到城市，试图满足人们短途代步的需求，更用这辆单车，重新丈量人们经过的每一条路线，找寻与城市的全新连接方式。','北京','',0,23,0,'','2019-04-22 13:18:48.605659',1),(31307,'掌柜-共享存包柜','掌柜-共享存包柜','20','掌柜-共享存包柜','十多年以来，一直专业从事公共场所智能寄存柜的销售和服务工作，现从事共享存包柜的运营。','广东','',0,2,0,'','2019-04-22 13:18:48.744758',1),(31308,'烟客','烟客','20','烟客','烟客是由北京中渡生态科技有限公司发起的 “共享吸烟室”公益项目 ，提供内置空气净化系统、向成年吸烟者免费开放的吸烟空间 。','北京','',0,3,0,'','2019-04-22 13:18:49.004536',1),(31309,'曼顿科技','曼顿科技','18','曼顿科技','曼顿科技是中国能源行业物联网空开的标准编制单位。曼顿物联网空开，利用人工智能分析，对传统空开的过负荷用电、漏电保护等做了安全升级，并额外提供了过欠压、温度过高以及打火现象的安全保护与报警。','广东','',0,3,0,'','2019-04-22 13:18:49.119189',1),(31310,'鲸界','鲸界','6','鲸界','鲸界是一家科技服务公司，依托“SaaS模式”为创业者提供技术与营销服务，专注于创业工具平台建设，借助创业社区提供广泛的社交和资源整合渠道，帮助创业者实现用户整体生命周期联动与管理。','北京','',0,1,0,'','2019-04-22 13:18:49.235241',1),(31311,'工团网','工团网','32','工团网','工团网作为紧固件在线交易平台，远期目标是做全工 业品智能交易平台，目前是以工业用途最广泛的关键 零部件“工业之米-紧固件”作为切入口，通过创新 制造商与经销商交易模式，推出工业品紧固件垂直在 线交易平台，大幅提高行业交易效率，提升行业发展 水平，帮助优秀的紧固件企业做大做强。','上海','',0,2,0,'','2019-04-22 13:18:49.355589',1),(31312,'壹加壹文化','壹加壹文化','13','壹加壹文化','壹加壹文化是一家演出经纪代理服务商，中国首家提供定制化服务的演艺集团，隶属于海宁壹加壹文化经纪有限公司。','浙江','',0,2,0,'','2019-04-22 13:18:49.516488',1),(31313,'新冻网','新冻网','32','新冻网','新冻网，是国内唯一服务冻品原料信息的互联网平台，解决用户（屠宰场/食品加工厂/中间商）冻品原料采销过程中不对称、不及时、不精准等问题，提升行业交易效率。','上海','',0,4,0,'','2019-04-22 13:18:49.800176',1),(31314,'象扑','象扑','20','象扑','象扑是一家餐饮一体化服务商，以外卖代运营为切入点，面向中长尾商家，共享能力输出标准运营和服务，做产业链整合，实现上下游价值交换，打造品质外卖矩阵。','浙江','',0,2,0,'','2019-04-22 13:18:49.921879',1),(31315,'日月新半导体','日月新半导体','18','日月新半导体','日月新半导体是半导体一元化解决方案提供商，主要经营范围：制造集成电路和半导体器件，主要产品有倒装芯片、基板、托盘等，为用户提供包括前段测试、晶圆针测、封装设计、基板设计与制造、封装服务、成品测试及系统组装整合的整体服务。','江苏','',0,24,0,'','2019-04-22 13:18:50.076586',1),(31316,'地球港','地球港','20','地球港','地球港是以多业态互动体验为核心，集精品食饮超市、高端体验餐厅、优质IP内容为一体，混搭的新零售商业品牌。通过线上线下渠道，以健康、精致、创意、匠心为理念，为用户提供高品质的体验感受，倡导不负美好人生的生活方式，不断创新与匠心，满足用户对美食与精致生活的所有想象，隶属于北京地球港卓越商业管理有限公司。','北京','',0,3,0,'','2019-04-22 13:18:50.258558',1),(31317,'国投尚科','国投尚科','14','国投尚科','国投尚科是一家商业楼宇综合服务商，主营产业园、写字楼开发建设与运营、文化与科技孵化平台管理与运营、文化与科技产业投资、房地产开发、楼宇自动化、楼宇宽带、物业管理等业务于一体的综合型集团公司。','北京','',0,2,0,'','2019-04-22 13:18:50.420521',1),(31318,'一枝花松露','一枝花松露','31','一枝花松露','深圳深深爱健康科技有限公司是一家秉持“科技为人民健康服务”为宗旨，致力于推广“一枝花松露”；让松露“世界三大珍肴”和“免疫力之王”的盛名为世人所接受。让“一枝花松露”丰富的营养为我们的健康服务，为我们的家庭生活服务；也致力于通过松露全产业链的开发，为“松露猎人”和我国松露产地带来“绿色”的经济效益。形成我国特色的松露产业链，也寄希望中国松露早日屹立于竞争激烈的国际松露市场。','广东','',0,0,0,'','2019-04-22 13:18:50.716992',1),(31319,'加动健康','加动健康','23','加动健康','加动健康科技（getwell）专注于体医融合，针对前沿健康指标——有氧能力在医学健身、慢病康复、癌症康复以及专业训练领域的商业应用不断进行创新研发，致力于通过智能监测系统与精准运动解决方案促进全民健康与社会福祉。','广东','',0,4,0,'','2019-04-22 13:18:50.840893',1),(31320,'骞云科技','骞云科技','6','骞云科技','CloudChef混合云应用管理平台致力于解决企业混合云应用管理问题。为应用提供可视化建模，实现一次建模，一键多平台自动部署和应用的全生命周期管理。让企业能够轻松部署和管理跨公有云、私有云的重要商业应用，帮助企业更好地使用云来加速业务创新。','上海','',0,5,0,'','2019-04-22 13:18:50.971301',1),(31321,'唯思科技','唯思科技','30','唯思科技','唯思科技（北京）有限公司，是一家专注于计算机视觉和机器学习核心技术的研究，提供业界领先的图像识别产品和解决方案的人工智能公司。致力于人脸识别和图像识别技术的研究创新和应用推广，将最前沿的人工智能、深度学习研究成果应用到金融、安防、政府、酒店、安检和医疗等行业。','北京','',0,2,0,'','2019-04-22 13:18:51.208250',1),(31322,'技德系统','技德系统','32','技德系统','北京技德终端技术有限公司（简称：技德）是一家致力于国产操作系统术和产品研究的高科技企业，公司目前有核心技术人员200多人，大多来自于华为、谷歌、微软等国内外一流公司。技德团队专注于移动与桌面融合体验操作系统的研发和商业化工作，技德的核心产品是一款跨平台国产操作系统（Jide OS），该产品具备跨芯片平台和应用兼容能力，同时具备移动和桌面的融合体验的特征。在国家网络信息安全战略规划下，技德系统作为国际领先的融合体验操作系统的领导厂商，积极参与到中国自主可控操作系统的建设工作中，肩负加速国产操作系统商业化进程的重要使命，致力于将国产操作系统打造成为鼎立于世界的信息产业新生态。','北京','',0,6,0,'','2019-04-22 13:18:51.370082',1),(31323,'国药西藏','国药西藏','31','国药西藏','国药西藏是一家西藏自治区内医药贸易企业，服务于西藏地区医院、零售药店、医药及商业公司，隶属于国药西藏医药有限公司。','西藏','',0,26,0,'','2019-04-22 13:18:51.727979',1),(31324,'拓普医疗','拓普医疗','31','拓普医疗','广州拓普医疗科技有限公司以“基因+转诊”整体化服务、“科研+临床”应用相结合，以及“基因+细胞” 双引擎驱动模式，致力于肿瘤及基因检测，推动精准医疗临床应用，从而带动基因、细胞领域科技的飞速发展。','广东','',0,6,0,'','2019-04-22 13:18:51.888185',1),(31325,'MOJO魔宙','MOJO魔宙','13','MOJO魔宙','魔宙是一家以原创故事为主营业务的公司，专注生产都市传说类型读物，定期推送半虚构的社会新闻，文章包括夜行实录、北洋夜行等版块。魔宙基于城市地标创造故事、事件，打通现实与传说间的联系，致力于将都市传说IP化和视频化。','北京','',0,5,0,'','2019-04-22 13:18:52.023690',1),(31326,'超粮网','超粮网','7','超粮网','超粮是一个小宗农产品交易平台，专注于为用户提供农产品B2B电子商务服务,致力于帮助农产品买卖双方促成交易，主要交易农产品包括芝麻、花生、油脂油料、杂粮杂豆等小宗农产品。','北京','',0,3,0,'','2019-04-22 13:18:52.145299',1),(31327,'海鲜盒子','海鲜盒子','32','海鲜盒子','海鲜盒子是一个即食海鲜品牌。自2018年1月启动至今，海鲜盒子目前共有意式腌章鱼、麻辣香虾等10个SKU，在北京投放十余个智能货柜点位，主要分布在商场，单点位平均日销量约50盒（客单价约35元），单台海鲜盒子货柜的销售额每天保持在1500-2000元左右，并正在进行商场、高校、交通枢纽等多类场景的布局。','北京','',0,2,0,'','2019-04-22 13:18:52.294604',1),(31328,'云联智能商务','云联智能商务','6','云联智能商务','云联贯通农业、农批、餐饮全产业链资源信息，提供智能移动管理平台、商务服务、网店运维、行业方案于一体的集成服务，让食链企业做生意管企业，更方便简单、更高效智能。\n2013年成立以来，云联先后从事订餐网、食材B2B、外卖配送业务，涉足北京、深圳、上海、西安、成都等城市，服务商家千余家，一直凭自身盈利发展。 云联正利用丰厚的行业经验和资源，以及管理咨询、数据分析、软件开发等专业优势，为食链企业创造全面的升级改变。','广东','',0,1,0,'','2019-04-22 13:18:52.652224',1),(31329,'郑州诺言餐饮管理有限公司','郑州诺言餐饮管理有限公司','20','郑州诺言餐饮管理有限公司','公司集饮品研发、技术培训，品牌策划、开店指导、运营服务为一体，专业为创业者量身打造属于自己的创业模式。之前一直是做饮品培训，现在要做自己的加盟品牌。以对饮品行业的了解，及对普通大众对于加盟饮品品牌的认知与心理，总结出了一套贴合实际，又能立即见效的商业模式。也有很好的案例可以供参考。最迟3个月见收益。详情私下聊，恕不能在这里讲出来。','河南','',0,1,0,'','2019-04-22 13:18:52.800842',1),(31330,'灿星制作','灿星制作','13','灿星制作','灿星制作是一家专业娱乐节目制作公司，旗下节目包括《中国达人秀》《舞林大会》《中国好声音》《中国好歌曲》《出彩中国人》《中国好舞蹈》等，隶属于上海灿星文化传播有限公司。','上海','',0,26,0,'','2019-04-22 13:18:53.033412',1),(31331,'有数内容电商','有数内容电商','32','有数内容电商','有数内容电商是一家内容电商初创公司，有数依靠内容电商来获取客户及建立影响力。目前，有数以内容电商全案服务为切入点，通过为特色卖家提供“品牌部+市场部+电商部”的托管式服务。','北京','',0,2,0,'','2019-04-22 13:18:53.442004',1),(31332,'盒动力','盒动力','20','盒动力','盒动力成立于2017年，专注于无人零售设备线下场景点位运营服务，整合独家写字楼、园区等传统渠道点位，为无人零售运营商和品牌提供精准的点位。','上海','',0,3,0,'','2019-04-22 13:18:53.750107',1),(31333,'倍声','倍声','18','倍声','倍声声学是一家声学器件研发商，产品包括受话器、扬声器、麦克风、蜂鸣器及相关配件，此外还提供声学器件领域的定制化解决方案，产品广泛应用于消费电子、医疗助听设备、军警隐蔽设备等领域。','广东','',0,7,0,'','2019-04-22 13:18:54.291700',1),(31334,'豆盐家','豆盐家','32','豆盐家','豆盐家是一个基于菜谱的半成品生鲜平台，用户可在上面订购菜谱，一周3次，可选择单人计划／双人计划／三口之家计划，菜系自选，下单完成后，豆盐家会在指定日期，将三顿饭所需的所有原材料、辅料、调味料按量打包好冷链配送到家。','上海','',0,1,0,'','2019-04-22 13:18:54.550213',1),(31335,'温暖食光','温暖食光','6','温暖食光','广州温暖食光健康餐饮管理服务有限公司是一家员工餐服务平台，专业膳食+美食研发，营养方案，饮食服务。致力为都市上班族提供安全、营养、健康、美味合适自己的一日三餐营养餐，并开创多元化产品服务，满足每位员工个性化需求服务。公司不断引进最有优秀的餐饮品牌来一起共同服务最有实力的企业员工，改变办公就餐场景，实现办公餐科学饮食、营养均衡。','广东','',0,2,0,'','2019-04-22 13:18:54.868307',1),(31336,'丫马鹿','丫马鹿','20','丫马鹿','西安丫马鹿信息科技有限公司，发力服饰新零售。项目最初筹备于2017年6月，经过长时间、一系列详实的调研与摸索，最终形成“服饰新零售”上的核心价值模型。公司筹备成立于2018年6月19日。所谓“新零售”，即是采用现有的技术和商业模式来解决传统行业的零售问题。即是采用：互联网、移动互联、大数据、物联网、智能硬件等的现有技术及模式，来打通服饰零售行业的线上、线下。通过线上：电商平台，给品牌厂家、消费者、终端智能门店提供数据等；线下：智能门店、智能硬件的体验、及数据获得等，来使得线上线下更紧密的结合，将更好的购物体验带给消费者。我们脚踏实地，一步一个脚印矢志切入新零售的服饰市场中！休闲，散步，丫马鹿！','陕西','',0,0,0,'','2019-04-22 13:18:55.278180',1),(31337,'智慧视通','智慧视通','6','智慧视通','智慧视通是一家致力于打造完整智慧安防、智慧城市生态系统的高新技术企业。公司横跨AI和VR领域进行技术研究，专注于视频快速检索分析和三维大数据可视化驱动平台技术研发与行业应用，并获得多项科研成果。 AI领域主要致力于计算机视觉和深度学习技术研发，打造人工智能AI超级引擎，输出视频分析、图像识别、体态识别、三维空间视频融合等技术，广泛应用于平安城市、智慧交通、金融安全等多个领域。产品专注于AI+安防领域，利用自主研发的核心技术“以视频搜视频”“行人体态识别”“模糊人脸重构”“跨相机视频检索”等核心技术，研发出“警用视频侦查分析系统”以及“在线视频侦查分析系统”，产品检索速度快、目标检测率高，能处理密集人群、稀疏人群等各种情况，为公安人员侦破案件以及应急指挥、预警研判提供便捷、实用、高效的工具。','天津','',0,2,0,'','2019-04-22 13:18:55.623398',1),(31338,'掌单','掌单','6','掌单','掌单是一个为餐饮品牌提供互联网全渠道业务拓展策划和运营托管服务的平台，隶属于上海哇咕信息科技有限公司。','上海','',0,4,0,'','2019-04-22 13:18:56.236516',1),(31339,'百泽惠科技','百泽惠科技','6','百泽惠科技','百泽惠科技是一家软件开发商。','香港','',0,23,0,'','2019-04-22 13:18:56.504810',1),(31340,'涂鸦智能','涂鸦智能','5','涂鸦智能','涂鸦智能定位全球化“物联网+云平台”，致力于为客户提供联网模块、云端、控制端融合的一站式智能化解决方案，帮助客户解决智能产品开发成本高、周期长、难度大的难题。涂鸦智能服务产品品类广泛，以生活电器、五金电器、厨房电器、健康电器、个护电器五大类为主，囊括市面绝大多数家电类目。至今已累计服务全球企业2000+，产品遍布除南极洲以外全球六大洲。','浙江','',0,10,0,'','2019-04-22 13:18:56.768537',1),(31341,'金玛硼业','金玛硼业','18','金玛硼业','金玛硼业主要从事硼镁矿石、硼酸、硼酐、硼肥、硼铁、碳化硼粉体、碳化硼制品系列产品的生产、研发与销售业务。','辽宁','',0,23,0,'','2019-04-22 13:18:57.136323',1),(31342,'美途环球','美途环球','2','美途环球','美途环球是中国首家健康环球旅行会员平台，美途环球于2017年2月在北京正式成立','北京','',0,3,0,'','2019-04-22 13:18:57.539659',1),(31343,'停开心停车','停开心停车','27','停开心停车','北京停开心科技有限公司是一家合法注册组建的互联网+停车的科技有限公司，专业从事通过大数据和个性化推荐，提高停车位使用效率，解决车主停车难的问题，同时为停车场经营方打造一体化互联网智能运营管理方案，帮助经营方提升科技化管理手段，提高停车场资源利用率。','北京','',0,2,0,'','2019-04-22 13:18:58.166403',1),(31344,'智造餐饮','智造餐饮','23','智造餐饮','公司致力于智能制造领域的技术开发和项目落地。目前自主研发了针对商业餐饮的餐饮智能制造系统，系统由烹饪机器人、机器人智能学习系统、云服务网络三部分组成。机器人已达国际领先水平，并且是该水平中体积最小、价格最低的（同级别竞品30-70万，折合使用成本高于人工数倍；我们3-5万，折合成本不到人工的一半），首次实现了以低于人工的成本，接近达到人类厨师的烹饪水平，使得餐饮业大规模使用机器人成为可能。智能学习系统运用了物理传感、机器视觉等，让机器人可以自动学习并模仿人类烹饪，不再需要依靠人工编程，烹饪程序的更新效率大幅提升，千里之外吃到妈妈做的菜不是奢望。','上海','',0,2,0,'','2019-04-22 13:18:58.518403',1),(31345,'浪花鲜酿','浪花鲜酿','20','浪花鲜酿','01）业务是什么？ 答：精酿啤酒现打外卖，100%手工现打鲜啤+小程序30分钟到家。请在微信搜索：“浪花鲜酿”。 02）商业模型是什么？ 答：现有产品下，正常售出毛利率均在50%以上； 03）业务是满足什么需要或解决什么问题？ 答：中国精酿啤酒占啤酒市场比例1%，我们希望用我们的模式推动整个精酿市场的爆发； 04）目标客户是哪些? 答：对生活品质有要求、喝腻了工业啤酒的所有用户；','北京','',0,2,0,'','2019-04-22 13:18:58.868997',1),(31346,'采拍-线上化妆品采购平台','采拍-线上化妆品采购平台','32','采拍-线上化妆品采购平台','“采拍”的诞生在这其中创立全新的采购平台方式，让经销商足不出户就能采购到世界各地的商品，经销商也多了一个选择。另外随着近两年电商和微商渠道的发展，消费者在分流，不少实体店只能通过打折，恶性价格竞争来吸引客流。而怎么降低采购成本成了目前化妆品经销商的首要问题。 为了解决这个问题，在经销商和供应商之间形成货量等于货价的传统采购模式，让每一家店为了能拿到低价的货品产生大批量的库存积压，采拍平台将打破过往恶性价格竞争的模式，同时百变创新制造新鲜感吸引经销商入驻。采拍已经和中国，日本，韩国，泰国，马来西亚，欧美等全球多个国家品牌商建立广泛的合作关系。让经销商体验不出家门轻松采购的同时，也希望将全球多元化美妆与时尚第一时间带回店内，更好地造福消费者。','广东','',0,0,0,'','2019-04-22 13:18:59.228535',1),(31347,'优艾维智能科技','优艾维智能科技','18','优艾维智能科技','成都优艾维智能科技有限责任公司，是以工业无人机、智能机器人的自主研发、销售及应用解决方案提供为核心业务的国家高新技术企业。','四川','',0,4,0,'','2019-04-22 13:18:59.758391',1),(31348,'奇智睿思CuriosityChina','奇智睿思CuriosityChina','6','奇智睿思CuriosityChina','奇智睿思利用社交媒体，尤其是微信，帮助海外高端和奢侈品牌打造和管理数字平台，为品牌方提供客户关系管理、数字营销等服务，吸引潜在中国顾客。','北京','',0,23,0,'','2019-04-22 13:19:00.104429',1),(31350,'山东华信制药','山东华信制药','31','山东华信制药','山东华信制药集团创建于2002年3月，总部位于菏泽市高新技术产业园，拥有胶剂、大容量注射剂、片剂、颗粒剂、胶囊剂、口服溶液剂等10个剂型，均一次性顺利通过新版GMP认证。','山东','',0,23,0,'','2019-04-22 13:19:00.858755',1),(31352,'艾瑞迈迪','艾瑞迈迪','26','艾瑞迈迪','Ariemedi主要将术前获取的3D影像数据（MRI或CT）与术中实时采集的2D影像数据（超声、X光或内窥镜）进行实时融合导航，通过术中实时空间配准技术将规划的手术路径和组织器官三维结构提供给医生，同时，通过运动分析技术在术中实时对器官的三维运动信息进行估计和预测。依托混合现实技术（MR），将3D和2D信息实时融合显示在医生的视野中。Ariemedi应用混合现实技术将医生能够感知到的术野信息量提高10倍以上，使手术区域的组织器官结构对医生完全可见，避免手术失误。Ariemedi致力于研发和生产内镜、超声和X光引导手术导航的系统和设备，研发的新型导航产品可应用于各类微创手术过程，包括：肿瘤（颅底肿瘤、肝肾肿瘤、肺癌等）、血管类疾病（冠心病、主动脉夹层、血管瘤等）、骨骼类疾病（髋膝关节假体置换、脊柱修复等）的精准诊疗过程。','北京','',0,3,0,'','2019-04-22 13:19:01.788349',1),(31354,'隐瑜伽','隐瑜伽','13','隐瑜伽','隐瑜伽是瑜伽连锁品牌，于2015年7月1日正式开始运营，目前已形成健康会所投资管理、健康信息科技平台运营及健康运动时尚三大业务板块。从创立之初，隐瑜伽就定位高端瑜伽品牌，全力进军高端商场和社区渠道，部分场馆开设在城市核心地段的五星级酒店里，主要面向精英阶层提供专业的瑜伽指导，以及私人训练服务。','湖南','',0,4,0,'','2019-04-22 13:19:02.899728',1),(31355,'Plair','Plair','21','Plair','Plair是一个区块链游戏平台，在Plair平台上，玩家可以进行互动，共同参与游戏、观影或者开展讨论，Plair将量化参与者的价值，为平台作出贡献的人将会获得相应激励，帮助参与者将在电竞中创造的价值延续到现实中。','北京','',0,26,0,'','2019-04-22 13:19:03.368288',1),(31356,'龙帆传媒','龙帆传媒','6','龙帆传媒','龙帆传媒成立于1997年，是目前国内大型户外传媒集团之一，在全国20多个大中城市投资建设户外广告媒体资源并设立分支机构开展广告业务。历经十七年的发展，龙帆传媒集团以传统公交候车亭媒体为基础，优化组合公交车身、自行车亭、电话亭等多种媒体形式，单位媒体总量近5万个。龙帆传媒集团以网络化、互动化为特征的多门类、多形式、覆盖广的优势媒体资源，成为国内领先的全国性街道网络媒体运营商。','海南','',0,23,0,'','2019-04-22 13:19:03.830701',1),(31358,'HashIncubator','HashIncubator','21','HashIncubator','HashIncubator是一个专注于帮助早期区块链技术公司发展的投资者与促进者，提供专业的一站式技术支持与生态合作资源。Hash致力于将各行业的企业与区块链技术进行深度结合，完成区块链技术场景的落地化运用，推进在金融科技、食品安全溯源、物联网、供应链、知识产权、共享经济等场景的项目落地。Hash孵化器将以“技术研发+专业孵化”为路径，加快与地方政府、高等院校、企业合作，推进区块链科技成果转移转化，孵化一批极具发展潜力的优质企业。','上海','',0,2,0,'','2019-04-22 13:19:04.725589',1),(31359,'安博克斯','安博克斯','6','安博克斯','安博克斯是一家专注于为初创期及成长期的中、小企业提供一揽子财务解决方案供应商。有别于传统的代理记账公司，安博克斯在企业成长过程中扮演CFO的角色，不仅为客户提供基础会计服务，同时通过专业的金融团队、资本团队为客户整合商业银行、风险投资等外部金融资源，让“小”企业在早期就能及时享受“大”企业的专业化财务、金融、资本服务。','江苏','',0,4,0,'','2019-04-22 13:19:05.266387',1),(31361,'TSINGLINK','TSINGLINK','6','TSINGLINK','安徽清新互联信息科技有限公司是卓越的4G无线高清安全产品及行业解决方案提供商，致力于不断提升视频处理和智能分析技术，面向全球提供高品质、差异化的4G安防产品、专业的行业解决方案与优质的安全运营服务，为客户持续创造更大价值。','安徽','',0,26,0,'','2019-04-22 13:19:06.186106',1),(31362,'首映国际影城','首映国际影城','20','首映国际影城','首映国际影城(西安通化门店）位于西安市新城区西北国际茶城4楼，是陕西首映影业有限公司在西安投资建设的一家五星级国际化影院，全影厅采用激光放映技术的影院。','陕西','',0,23,0,'','2019-04-22 13:19:06.750193',1),(31363,'太古冷链物流','太古冷链物流','15','太古冷链物流','太古冷藏业务以仓储量计算，为全球第三大冷链物流运营商。在全球各地（美国、澳大利亚、中国大陆、越南及斯里兰卡等）拥有超过五十座冷库，致力为客户提供先进的冷藏设施及服务。','上海','',0,23,0,'','2019-04-22 13:19:07.156902',1),(31365,'新共响','新共响','18','新共响','新共响是一个服务于国内材料工程师的共享实验平台，该平台一端连接国内材料工程师，另一端连接B端制造业企业。材料工程师通过“新共响”实验室完成创意想法实验验证，平台筛选优质项目对接B端企业。','广东','',0,2,0,'','2019-04-22 13:19:08.342870',1),(31366,'神中e首营','神中e首营','6','神中e首营','神中科技成立于 2016 年，母公司为杭州天猪科技有限公司，是中国领先的医药数字化云服务商，产品和服务涵盖神中云、MED++、医药新零售、神中物联等多个领域。神中e首营是神中科技旗下国内原创的首营资料电子交换平台。在 GSP 规范的要求下、药品批发与零售企业的内部信息化程度是很高的，都建有自己的 ERP 系统，只是他们是相互独立的信息孤岛，该“平台”在各个信息孤岛上架起了一座沟通的桥梁，实现了行业内协同、数据驱动，这是医药行业走向“智能化”的必由之路。神中e首营为全国的首营交换业务解决了无纸化办公问题。','浙江','',0,2,0,'','2019-04-22 13:19:08.744194',1),(31367,'疆域医创','疆域医创','31','疆域医创','杭州疆域创新医疗科技有限公司于2016年09月19日成立，为富士康科技集团IDSBG事业群创建的医疗领域创新型公司，主要经营范围有：医疗器械、医疗机器人、医疗检测设备、健康检测设备、智能健康穿戴装置等产品。','浙江','',0,2,0,'','2019-04-22 13:19:09.225601',1),(31368,'PopulStay(潮箱)','PopulStay(潮箱)','2','PopulStay(潮箱)','PopulStay是一个去中介化的房源预订和旅游服务管理社区，用户可以跳过中心化的OTA、airlba平台更低成本、高效、准确地预定房间及查询周边旅游信息。','广东','',0,2,0,'','2019-04-22 13:19:09.555723',1),(31369,'卓劲科技','卓劲科技','20','卓劲科技','云南卓劲科技有限公司成立于 2016 年，坐落于云南省昆明市西山区文化空间 D 栋 1901， 注册资金为 100 万。是一家以 App、网站、公众号、小程序、物联网系统外包项目定制 开发为主的公司。成立至今公司开发的项目包含:赢销宝、云南省防灾减灾系统、铭车 邦汽车服务平台、车牌扫?识别系统、智慧 i 家智能安防系统、光影童年商城、物业互 联网系统等。','云南','',0,1,0,'','2019-04-22 13:19:10.081540',1),(31370,'布络客区块链','布络客区块链','21','布络客区块链','布络客区块链是具有智库特征的区块链行业垂直媒体，是行业领先的区块链资讯专业提供者和综合服务平台。成立以来，布络客区块链坚持密切关注行业最新动态，促进产业健康发展。','北京','',0,2,0,'','2019-04-22 13:19:10.585132',1),(31371,'致欧','致欧','32','致欧','致欧网络科技是一个跨境电商服务平台，主营家居、户外、体育、办公、宠物用品等五大品类，先后进驻英国、法国、意大利、西班牙、美国、加拿大、日本等国家，并在Amazon、eBay、Alibaba等第三方电子商务交易平台上持有自主家居品牌SONGMICS。','河南','',0,26,0,'','2019-04-22 13:19:10.971855',1),(31372,'叮咚加轻奢软装平台','叮咚加轻奢软装平台','20','叮咚加轻奢软装平台','运用F2B2C运营系统及独创的“5DIS”软装设计系统，客户终身价值数据库系统及叮咚加SAAS平台软件，依托团队在家居软装、AR等方面的专业优势及跨境贸易方面的地理优势，解决制造商（F端）、经销商（B端）在软装产品销售方面的痛点，解决中国亿万家庭（C端）软装设计搭配、选购、安装、摆场及后期维护保养方面的痛点，引领80后、90后轻奢的居家生活!','浙江','',0,1,0,'','2019-04-22 13:19:11.408943',1),(31373,'代码星球','代码星球','11','代码星球','代码星球/蟹壳教育专为4-15岁少年儿童提供机器人和编程等前沿科技素质培训。致力于提高学生对人工智能的理解，锻炼学生的设计人工智能规则能力、思维能力和问题创造力。结合PPBL项目式教学和STEM教育理念。是教育巨头卓越教育的战略伙伴，公司正处快速发展阶段，已建立与多家知名教育机构和名校的长期合作。','广东','',0,2,0,'','2019-04-22 13:19:11.980488',1),(31374,'物灵科技','物灵科技','30','物灵科技','物灵科技于2016年9月在北京成立，是面向全球的人工智能科技公司。物灵瞄准下一个AI智联网时代，专注于设计、研发、生产、销售及运营一系列AI消费品，致力发展成为国内外面向消费者市场及家庭场景的人工智能产品领域的一线品牌。','北京','',0,3,0,'','2019-04-22 13:19:12.557363',1),(31375,'氧星运动','氧星运动','6','氧星运动','氧星运动于 2018 年 3 月中旬正式上线，基于微信小程序做 S2B2C 型健身电商。健身房和健身从业者成为小的 B 端，由平台给这些小 B 提供货源、物流以及售后服务，小 B 在则在健身场景中把健身商品卖给消费者。这套模式的优势在于充分利用场景，在既有关系链的基础上获取用户，C 端消费者本身是教练的学员、或是健身房的会员，与这些小 B 在健身这件事情上有天然的信赖关系，因而获客成本更低。','北京','',0,3,0,'','2019-04-22 13:19:12.950481',1),(31376,'NOAT','NOAT','21','NOAT','挪亚(NOAT)的价值，在于从技术层面，价值流通层面和生态建设层面来解决区块链应用方面的根本性问题。并且不同于Ethereum、EOS等专注与底层协议的公链，挪亚着重于底层技术与大数据的结合，以数据传导价值、数据产生价值出发，通过更多的DAPP和数据，打造更加符合商业逻辑的公链，从而形成全新公链的定义。','上海','',0,26,0,'','2019-04-22 13:19:13.345686',1),(31377,'传播鱼','传播鱼','6','传播鱼','传播鱼提供一站式网络营销服务，自成立以来，已整合了百余家合作伙伴近十万余种媒体优质资源与服务，业务涵盖搜索营销、口碑营销等，覆盖10亿目标人群，创意智造、精准投放，敢于承诺效果。已为互联网、金融、医疗、教育、机械制造等几十个行业企业提供了营销资源和服务，并与BAT、谷歌、等互联网企业建立战略合作关系。与微信，百度等成为战略合作伙伴。','浙江','',0,2,0,'','2019-04-22 13:19:13.890177',1),(31378,'安络科技','安络科技','6','安络科技','安络科技是一家网络信息安全解决方案提供商，旗下拥有可实现自动化渗透测试的安全检测平台“长矛”、漏洞管理系统“X盾”，构建了集网络安全技术、安全产品和资深安全专家为一体的防御网络，同时提供安全咨询、安全策略制定、渗透入侵测试、专业风险评估、紧急事件响应等解决方案。','广东','',0,4,0,'','2019-04-22 13:19:14.732428',1),(31379,'ChaiNext','ChaiNext','21','ChaiNext','ChaiNext专业指数团队是国内证券行业顶级专家、工程师和国内外名校博士组成的团队，依托自身在金融产品设计、底层系统架构方面的优势，致力于打造区块链和数字代币领域的全产业链基础服务设施。','广州','',0,26,0,'','2019-04-22 13:19:15.347367',1),(31380,'锐信博通','锐信博通','6','锐信博通','锐信博通是一家以应用系统科研开发、高性能运算、存储管理、移动信息应用平台、系统集成和硬件销售等的信息化基础平台建设为主体的科技型企业。多年来，一直专注于为教育、政府、企业、金融等各行业用户提供基于应用的整体解决方案和高效、全面的增值服务。','北京','',0,23,0,'','2019-04-22 13:19:15.780906',1),(31381,'QttAudio','QttAudio','25','QttAudio','成都擎天树科技有限公司，是业界领先的音视频通信解决方案提供商，公司专注于音视频通信技术研发。','四川','',0,2,0,'','2019-04-22 13:19:16.161910',1),(31382,'UCloud','UCloud','6','UCloud','UCloud（上海优刻得信息科技有限公司），是国内领先的云计算服务平台，自主研发并提供计算资源、存储资源、网络资源等企业必需的基础IT架构服务，并深入了解互联网、移动互联网、传统企业不同场景下的业务需求，提供全局解决方案。','上海','',0,16,0,'','2019-04-22 13:19:16.528815',1),(31383,'宣泰医药','宣泰医药','31','宣泰医药','宣泰医药是一家主要从事高端药物制剂技术及其产品的研发、创新、工业化生产、销售的高科技型企业。公司研发中心为上海高等研究院内的新药创制实验室，生产基地位于全资子公司-上海宣泰海门药业有限公司。另外一个全资子公司——上海宣泰生物科技有限公司是高端营养品及膳食补充剂等的研发销售中心。与浙江海正药业股份有限公司成立合资公司-浙江海正宣泰医药有限公司，建立高端制剂创新中试基地，实现原料药到成品药转型，完成研发及技术到工业化身材的产品转化。','上海','',0,26,0,'','2019-04-22 13:19:16.935380',1),(31384,'好食期','好食期','32','好食期','好食期是一个专门做食品特卖的电商平台,致力于为买家提供价格优惠、安全健康的食品，上海多维度网络科技股份有限公司旗下产品。','上海','',0,10,0,'','2019-04-22 13:19:17.644169',1),(31385,'活力一叮（氢水杯)','活力一叮（氢水杯)','20','活力一叮（氢水杯)','公司成立于2018年6月份，目前公司注册地是广东省佛山市南海区德鸿文汇创意园内的孵化中心内，我们的团队来自有知名度的公司，有创新整合管理的经验，目前已经拥有关于产品的两项专利，我们的产品都是以健康为主题的产品，也是市场有竞争力的产品，我们已经成为国家高新企业的培育，希望在不久的将来，通过我们的努力，让公司再上一个全新的台阶。','广东','',0,2,0,'','2019-04-22 13:19:18.040925',1),(31386,'三头六臂','三头六臂','27','三头六臂','三头六臂是一家汽车易损件综合服务平台，拥有自主平台研发中心和生产制造中心，目前主要主营25个品类17000个SKU，其中，自主产品销售占比85%和国际合作品牌代理销售占比15%；在仓储方面，分别在山东、广州分别设置了6000余平和20000余平米的大型仓库，9个区域仓库、5个工厂仓集中在西南、华南和华东地区。干线物流和SaaS系统方面都完全自主建设用于服务终端门店，截止目前，三头六臂设了 800多家门店（前置仓）。','广东','',0,4,0,'','2019-04-22 13:19:18.373721',1),(31387,'越疆科技','越疆科技','23','越疆科技','越疆科技是一家桌面机械臂研发商。以每个家庭的开源机器人为主旨，提供桌面机器人产品。主要面向消费级市场和轻量工业级市场用户，致力于促进机械臂的智能化升级。','广东','',0,5,0,'','2019-04-22 13:19:18.728701',1),(31388,'博瑞集信','博瑞集信','23','博瑞集信','博瑞集信是一家军民融合电子信息产品供应商，公司专注于通信、雷达、航空电子等领域的整机设备及核心芯片的研发与生产业务，产品具体包括单片驱动放大器、并行数控衰减器、薄膜功分器等。','陕西','',0,7,0,'','2019-04-22 13:19:19.113958',1),(31389,'聚欢营welcamp','聚欢营welcamp','2','聚欢营welcamp','聚欢营，中国首家连锁精品房车营地品牌，针对多人户外聚会、亲子、团建等目标客群，提供集“住宿、美食、游玩”一体的聚会场景和行程定制服务。 聚欢营在城市周边90分钟交通圈内布局，提供房车合作和营地整体解决方案，与基础条件和内容有优势的景区、民宿、观光农场、田园综合体等机构合作共建“景区+”精品房车营地。','广东','',0,3,0,'','2019-04-22 13:19:19.789437',1),(31390,'投肯科技','投肯科技','21','投肯科技','投肯科技依托互联网产品技术经验，结合区块链的特性挖掘场景应用。目前主要在比较熟悉的内容与社群经济方向进行探索，研发实用工具为场景提供支持，构建轻社交的用户数字资产平台。公司的第一个产品是TokenTM，采用内容AI和区块链技术打造的区块链化社群服务工具集（Toolkit）。','北京','',0,2,0,'','2019-04-22 13:19:20.249104',1),(31391,'筋斗智能','筋斗智能','15','筋斗智能','筋斗云无人快递是一家无人自动配送机器人研发商，基于双芯片定位、超声波探测器、防盗警报器等技术，自主研发了无人配送机器人，能自动行驶在人行道上，在一小时内把商品从商店配送到用户手中，致力于为无人便利店、超市生鲜、餐饮企业提供无人快递解决方案。','北京','',0,1,0,'','2019-04-22 13:19:20.592893',1),(31392,'花沐医疗','花沐医疗','31','花沐医疗','花沐医疗是一家用全球创新技术治疗颈椎疾病的医疗器械公司，主要研发生产新型自锁定可吸收颈椎融合器产品。这款产品由复旦大学附属中山医院骨科主任董健教授团队开发而成，由花沐医疗对专利技术进行产业化，推进产品临床试验以及后续注册，并将产品推向国内外市场，用真正的中国创新技术与产品造福于广大患者。','浙江','',0,4,0,'','2019-04-22 13:19:21.082406',1),(31393,'小可企业服务','小可企业服务','32','小可企业服务','1.小可企业服务平台，定位于为互联网公司行政打造的企业活动和员⼯工福利利的一站式服务与管理平台； 2.服务内容包含企业文化活动（如：儿童节活动，圣诞节活动，1024程序员节等）策划，采购，执行的一站式服务，企业员工日常福利（如下午茶，加班夜宵，水果零食等）的管理，规划与采购。 3.目的是大幅减轻行政采购等消耗的时间，解决缺乏优质供应商等问题； 4.核心是通过平台，更加高效的提高员工忠诚度，提升工作效率； 5.公司成立至今已为阿里集团（菜鸟、钉钉、飞猪，阿里云，支付宝，喵街，湖畔大学，蚂蚁金服等10+分部门）；杭州银行、万科物业、兑吧、婚礼节，优粉吧，51公积金等杭州众多互联网企业提供员工福利；','浙江','',0,3,0,'','2019-04-22 13:19:21.806592',1),(31394,'天娱传媒','天娱传媒','13','天娱传媒','天娱传媒是一个艺人经纪及影视制作投资服务提供商。公司通过选秀节目海选青年偶像并为其提供艺人经纪服务，同时公司提供影视综艺制作、投资以及出品等服务。公司曾先后制作了《快乐男声》、《超级女声》以及《燃烧吧少年！》等节目。','上海','',0,23,0,'','2019-04-22 13:19:22.500688',1),(31395,'Soya Garden','Soya Garden','20','Soya Garden','Soya Garden，有机大豆连锁店。','海外','',0,1,0,'','2019-04-22 13:19:22.920380',1),(31396,'CardioFocus','CardioFocus','31','CardioFocus','CardioFocus是一家生物技术公司，专注于消融治疗心脏疾病的进展。','海外','',0,26,0,'','2019-04-22 13:19:23.335325',1),(31397,'脑海链KnowHowChain','脑海链KnowHowChain','21','脑海链KnowHowChain','脑海链做为全球首家知识经济行业公链，将会为在线教育、音视频分享、直播、自媒体、问答等知识服务平台提供区块链解决方案，创造全球领先的知识经济内生价值闭环生态，开启大众投资知本时代。','广州','',0,26,0,'','2019-04-22 13:19:23.910369',1),(31398,'Feed','Feed','32','Feed','Feed主要在欧洲销售餐饮替代品，Feed的产品有多种，最初它主要出售一种粉末状的产品，一份能代替一顿饭。只要我们加入一些水，摇一摇喝下就行。Feed的产品基本都是纯素食、无麸质、无乳糖、非转基因的，并且在法国本地生产的。除了产品本身，Feed也是一个强大的线上品牌。这家公司打造的线上社区拥有数十万关注者。如今Feed将会在新的国家推出产品，并和欧洲其他超市签订新协议。','海外','',0,4,0,'','2019-04-22 13:19:24.313387',1),(31399,'Agari','Agari','6','Agari','Agari电子邮件信任平台™是业内唯一能够“理解”电子邮件发件人的唯一解决方案，利用该公司专有的全球电子邮件遥测网络和正在申请专利的预测性Agari Trust Analytics识别和阻止网络钓鱼攻击。','海外','',0,16,0,'','2019-04-22 13:19:26.448948',1),(31400,'Delta College - University','Delta College - University','11','Delta College - University','密歇根州大学中心的三角洲学院是该州和国家领先的社区学院之一。三角洲学院拥有各种两年制学术课程，丰富的大学生活机会，并致力于在该地区不断发展的行业雇用学生，对于想要开始职业生涯的学生来说，三角洲学院是一个绝佳的选择。达美学院的教师为所有学生提供个性化的关注，以便他们更好地引导他们达到自己的职业目标。无论您选择哪一门课程，您的老师都会帮助您培养未来职业所需的技能。','海外','',0,26,0,'','2019-04-22 13:19:26.858563',1),(31401,'Simility','Simility','3','Simility','SImility提供了一个高度可扩展的防欺诈云平台，利用机器学习和人工干预相结合，保护中小企业免受复杂欺诈交易侵害。不仅如此，该平台还能帮助防欺诈分析师应对不断演变的欺诈手段，无需重新编写代码就能灵活调整防欺诈策略。','海外','',0,23,0,'','2019-04-22 13:19:27.397363',1),(31402,'Complete Revenue Solutions','Complete Revenue Solutions','31','Complete Revenue Solutions','Complete Revenue Solutions已被组织为有限责任公司。CRS由其创始人Carter Smith拥有和经营。完整的收入解决方案是医疗保健业务流程外包提供商，旨在通过技术创新改变医疗保健。','海外','',0,1,0,'','2019-04-22 13:19:27.977910',1),(31403,'一维弦','一维弦','18','一维弦','一维弦机器人是一家机器人研发商，产品包括MORO机器人助手、Actuatic机器人关节伺服电机等，MoRo是一维弦的第一款产品。','北京','',0,4,0,'','2019-04-22 13:19:28.369109',1),(31406,'健身者联盟','健身者联盟','20','健身者联盟','健身者联盟是一家24小时共享健身房，用户可购买健身会员年卡进行健身锻炼，同时健身房内利用quiXmart人工智能系统，通过掌纹识别，实现24小时无人值守，并提供24小时智能化健身空间。此外，该公司根据行业特点，基于Uber模式创建了以大带小的裂变式教练创业模式，用户可通过APP预约教练，学员上课后可在APP上对教练进行评论评分，当教练在平台达到一定等级后，公司会通过扶持系统帮助教练在健身房附近开设工作室。','上海','',0,2,0,'','2019-04-22 13:19:30.112689',1),(31407,'新辣道','新辣道','20','新辣道','北京新辣道餐饮管理有限公司是一家以连锁餐饮为主业的大型食品企业年营业额超10亿元。旗下拥有“新辣道鱼火锅”、“锦府盐帮酒楼”、“辣倒兔”、“良记”、“米芝莲”、 “坛老徐”、“聪少”、“幸世”、“馋乎”等餐饮连锁品牌，门店数量200多家 。新辣道集团依托于餐饮为主业，建立北京工厂、四川工厂、山东工厂及合资工厂四家大型食品加工工厂，并在北京、上海、西安拥有三大物流配送基地。同时，围绕餐饮业相关的上、下游领域，新辣道集团亦有多家以资本股权为纽带的企业投资。[1]','北京','',0,23,0,'','2019-04-22 13:19:30.791733',1),(31408,'全视界','全视界','11','全视界','全视界技术是一家移动VR／AR教育技术及运营服务商，专注于将VR/AR/MR/AI的最新和最实用的技术输出到高等教育领域，公司主导研发的VR高校教育实验实训系统，跨平台SDK体系、VR 应用开发工具360QSJ Eud、标准化输入技术等核心技术建立起了贯穿软件、硬件、外设的上下游生态体系，服务全球VR合作伙伴。 全视界全景，是一站式解决360度全景、视频、航拍摄影、3D虚拟现实制作，全景上传、分享、漫游，及创作者互动交流、供需交易的综合性社区平台。','广东','',0,0,0,'','2019-04-22 13:19:31.250027',1),(31409,'包车圈','包车圈','27','包车圈','包车圈--中国领先的B2B包车平台为商旅同业提供包车交易服务。这里没有中间商，不抽佣金。车队和司机可以直接用车单位交易。包车圈的来自从事旅游和包车行业十余年经验从业者和上市互联网公司的团队组成。','浙江','',0,2,0,'','2019-04-22 13:19:31.819872',1),(31410,'Ankr','Ankr','21','Ankr','Ankr是一个云计算公链，Ankr团队首创有用功计算共识，独家研发并实现了有用工作量证明（PoUW）算法，可释放全世界闲置计算资源，形成分布式超级CPU。PoUW既大幅提升POW的效率，又可保证网络的高度安全。','上海','',0,2,0,'','2019-04-22 13:19:32.417187',1),(31411,'可盈科技','可盈科技','21','可盈科技','可盈科技是一家数字货币量化交易服务商，于2017年年底开始筹建并测试量化策略。近2个月来，可盈科技已基本完成3套量化交易策略的实盘测试，量化投资平台（App）预计下个月上线，目前团队已在新加坡、中国香港、日本和韩国运营数百台策略服务器。','浙江','',0,3,0,'','2019-04-22 13:19:32.837870',1),(31412,'天际友盟','天际友盟','6','天际友盟','作为国内安全威胁情报服务的先行者，天际友盟专注于威胁情报的聚合、分析、交换，推动和建设覆盖全球的威胁情报生态系统，为企业用户提供全方位的威胁情报服务和信息安全整体解决方案。','北京','',0,4,0,'','2019-04-22 13:19:33.327363',1),(31413,'MISSZERO','MISSZERO','20','MISSZERO','零小姐MissZero是一个天然代糖零食品牌，通过天然的代糖来取代传统的蔗糖，例如甜菊叶糖和罗汉果苷，主要为用户提供Meal和Snack两条产品线，Meal主要是代餐类产品，包含防弹咖啡、防弹奶茶和防弹代餐饼等；Snap零食则包含曲奇、巧克力和即将上线的冰淇淋等。MISSZERO通过提取天然代糖比如甜菊叶糖和罗汉果苷，来取代传统蔗糖。传统的棕榈油主要成份是长链脂肪酸，不易被肝脏吸收，食用过多容易囤积在肝脏。','北京','',0,2,0,'','2019-04-22 13:19:33.914776',1),(31414,'教渠邦','教渠邦','11','教渠邦','教渠邦是教育企业一站式招商共享众包平台，连接教育企业与百万教育销客，用销客们的精准资源帮助教育企业完成招商众包服务，企业按效果向销客们支付酬金。教育企业降低费用，提升业绩；销客们将自身资源、智慧及时变现。','上海','',0,2,0,'','2019-04-22 13:19:34.369372',1),(31415,'金盛网聚','金盛网聚','6','金盛网聚','金盛网聚是中国领先的大数据处理与信息服务商。公司拥有自主核心技术与信息咨询服务团队。WJFabric-互联网大数据信息咨询平台，拥有国内最大的信息咨询数据库，日处理数据上亿条，通过媒体资源管理系统、信息采集系统、自然语言处理系统、智能数据服务平台四大模块，进行数据的采集、过滤、存储、挖掘、展现和统计分析处理过程，对数据的加工过程包括数据清洗、文本信息字段抽取、文本内容摘要提取、内容相关度计算、敏感度计算、情感倾向性计算、相似文本排重等过程，最终实现从信息到数据再到知识的转变，为企业达到决策协助目的。','北京','',0,26,0,'','2019-04-22 13:19:35.068574',1),(31416,'穆特科技','穆特科技','18','穆特科技','穆特科技是一家专业从事仿真模拟器、六自由度并联机器人、电动伺服控制系统的研究、设计、生产、销售、服务的高新技术企业。 拥有一批掌握现代高科技理论与技术的管理人员，在自动控制技术、仿真技术、计算机通讯技术、机械设计技术等方面有着完整的理论基础和实际工程经验。','湖北','',0,4,0,'','2019-04-22 13:19:35.626403',1),(31418,'蚂蚁精选','蚂蚁精选','32','蚂蚁精选','深圳蚂蚁精选电子商务有限公司创立于2018年，致力于成为社交电商的引领者。在国家大力促进分享经济的号召下，打造“会员制+社交电商”的全新商业模式，实现综合电商平台+分享经济新零售，让消费者、供应商与平台一同实现事业共创、业绩共赢、成果共享！  我们核心创业团队成员拥有丰富的成功创业经历，均来自于知名互联网企业及知名跨国公司；对电子商务产业有深刻的理解与认知，立志于打造让员工自豪、用户满意的一流电子商务企业，成为电子商务产业发展的重要力量之一。','广东','',0,2,0,'','2019-04-22 13:19:36.757018',1),(31419,'X射线数字平板探测器','X射线数字平板探测器','31','X射线数字平板探测器','愿景： 为人类健康打造更安全、更可靠的影像探测器 技术： 合伙人团队对年的技术积累，不同产品可以设计统一的硬件平台，减少开发周期的同时降低研发费用，管理费用，同时基于经验采用降成本方案（机械加工，芯片选型）降 低硬件成本，提高价格竞争力 --中高端产品方面，采用领先的技术（CT高速数据传输方案），提供更快更可靠的产品','上海','',0,0,0,'','2019-04-22 13:19:37.221494',1),(31420,'乐徽科技','乐徽科技','13','乐徽科技','乐徽科技是一个休闲娱乐项目服务商，与腾讯合作，成为“全民K歌自助店”的线下体验店。全民K歌自助店是一个结合唱歌、休闲、娱乐的综合体店面。整个店面不仅仅是简单的摆放几台K歌亭，而是由唱歌机区域和休闲娱乐区域组成，五颜六色的K歌亭、自助咖啡机、自助贩卖机、自助弹珠机、供用户休息和交流的吧台桌椅等结合在一起，给顾客提供一个以音乐为主题的综合娱乐空间，顾客的整个体验过程全部由顾客通过微信支付自助完成。','广东','',0,3,0,'','2019-04-22 13:19:37.936510',1),(31421,'二咖传媒','二咖传媒','13','二咖传媒','二咖传媒文化有限公司成立于2016年12月，总部设立在北京，在洛杉矶设有全资子公司，是一家专注于将海外优质自媒体与原创视频向中国输送的跨境传媒公司。与美国最大MCN公司Music.ly签订独家合作协议，并与新浪微博、腾讯视频、爱奇艺等多家视频平台建立合作。公司专注于优质自媒体内容产出与分发，为上亿粉丝和用户提供优质原创视频内容。 目前，已经初步形成互联网内容生产、发行、变现的完整生态链，将打造海外IP矩阵，构建以“海外文化“为主题的内容生态圈。','北京','',0,4,0,'','2019-04-22 13:19:38.432665',1),(31422,'安福星健康管理平台','安福星健康管理平台','31','安福星健康管理平台','安福星慢病健康管理平台，通过光纤智能床垫、光纤智能手环、无创血糖仪能够采集老年人的心率、呼吸、睡眠、血压、血糖等健康数据，并由此推测出老年人健康情况。平台入驻大量家庭医生及三甲医院专家教授，落实家庭医生签约制和双向转诊服；与医药公司、保险公司、家政公司等合作，开展用户、医生、医院、保险、医药等多位一体的综合服务平台','湖北','',0,2,0,'','2019-04-22 13:19:38.954748',1),(31424,'迅翼卫通','迅翼卫通','18','迅翼卫通','成都迅翼卫通科技有限公司是一家集研发、生产、销售、服务为一体的高新技术企业，主要研发车载、船载、机载卫星通信天线、卫星电视天线系统以及惯导、伺服系统。公司有11个软件制作权和9个专利，生产的卫星电视天线可以收到59个频道，其目标是成为一家移动卫星通信设备供应商。','四川','',0,2,0,'','2019-04-22 13:19:40.052393',1),(31425,'塔米智能','塔米智能','23','塔米智能','塔米智能是一家专业的服务机器人公司，塔米智能基于多年在网络化服务机器人、大数据服务及移动互联网等领域的核心技术积累，致力于为客户创造具有持续智能服务能力、并能够与应用场景不断迭代的产品与应用方案；作为科技部中国生产力促进中心-服务机器人专委会会长单位，塔米智能积极参与多个专业服务机器人的行业标准及技术规范制定工作。','北京','',0,4,0,'','2019-04-22 13:19:40.750172',1),(31428,'知识圈','知识圈','19','知识圈','知识圈是一家基于微信的知识分享平台，知识圈为用户提供技术和方法，让用户能在微信上快速有效组织内容和受众，同时进行变现。主要功能为帮助受众进行学习内容管理，可以进行多元化粉丝互动，同时可以帮助受众进行内容沉淀，看到自己的成长，还可以帮助运营者分析用户数据，快速获取稳定受众。','广东','',0,3,0,'','2019-04-22 13:19:42.222647',1),(31429,'智绘AI','智绘AI','6','智绘AI','智绘AI视觉SaaS系统可以智能识别图片中的内容，帮助淘宝、天猫、京东等平台上的大中型店铺，对图片智能管理、文案商标预审，在线制作商品详情页，2分钟左右就可以完成商品详情页的制作并上货到电商平台','浙江','',0,2,0,'','2019-04-22 13:19:42.807761',1),(31430,'栖雲社区','栖雲社区','20','栖雲社区','秉承“你守护爱，我守护家”品牌理念，围绕用户的社区生活需求， “栖雲社区APP” 2017年11月正式上线发布，用户只需一个栖雲社区APP就可畅享社区生活服务。我们是一家快速成长的互联网公司，总部位于广西南宁市高新区中盟科技园，拥有完善的产品研发、市场运营、售后服务、品牌推广团队。公司核心团队成员来自滴滴出行、今日头条、平安科技、深信服科技等知名企业，有丰富的互联网、物联网、云计算等行业市场运营经验。公司重视研发投入，分别在深圳、南宁设立两大研发中心，研发人员占公司总人数50%。','广西','',0,4,0,'','2019-04-22 13:19:43.450447',1),(31431,'忆球','忆球','20','忆球','忆球以互联网技术和人工智能为切入点，研发了一套录制、剪辑相结合的运动影像系统。不同于一般的单机位拍摄，忆球可以提供5机位、10机位、20机位甚至更多机位的拍摄。剪辑工作可在一个半到两个小时左右完成并实现交付。忆球与足球俱乐部、体育协会、社会赛事、中大型企业等都有过合作，通过为用户提供多机位录制、做后期剪辑两种方式盈利。目前，忆球累计服务约2000场赛事，峰值月流水约30万元，复购率在80%左右。','北京','',0,2,0,'','2019-04-22 13:19:43.884329',1),(31432,'奶糖视频','奶糖视频','19','奶糖视频','奶糖是一款基于音乐的高颜值短视频社区。聚集了潮流音乐达人、网络红人、校园全能王，用音乐传递情绪，镜头捕捉尖叫瞬间，创作有趣的内容结识有趣的伙伴，是当下年轻人喜爱的音乐短视频社交软件。','北京','',0,2,0,'','2019-04-22 13:19:44.348747',1),(31433,'西格数据','西格数据','3','西格数据','西格数据专注于工业大数据智能分析，为制造型企业提供数字化工厂及智能分析整体解决方案。公司提供设备联网、数据采集、数据存储、数据分析等服务；使用先进的自主研发系统打造刀具寿命管理、刀具异常监测、生产管理、质量管理、设备维护管理等模块；通过导入数据采集、大数据架构、数据挖掘、深度学习等技术，提供数字化工厂一体化分析解决方案，帮助企业从传统管理跨入到智能化管理时代，从而帮助企业降低制造成本，提高产品质量，最终获得持续的市场竞争力。','江苏','',0,3,0,'','2019-04-22 13:19:44.972270',1),(31434,'浦易生物','浦易生物','31','浦易生物','浦易是一家五官微创伤高端植入介入医疗器械研发商，集研发、生产、销售为一体，产品被组织完全吸收，无残留，对组织无任何毒副作用，可在同一病变处多次介入干预，显著减少病人痛苦，降低药物副作用。','上海','',0,4,0,'','2019-04-22 13:19:45.431052',1),(31435,'心声医疗','心声医疗','31','心声医疗','心声医疗是一家利用AI进行心电图分析的公司，它定位于AI心电医师技术服务商，核心业务是通过技术手段分析心电图并生成诊断报告，帮助临床医师提高工作效率和降低误漏诊率。','安徽','',0,2,0,'','2019-04-22 13:19:46.195863',1),(31436,'众股网','众股网','21','众股网','是一家专注于区块链产业的综合服务商，旗下拥有三大区块链业务品牌：众股网：链资产交易平台；众创园：区块链产业众筹孵化平台；区块达客：区块链技术解决方案提供平台。','海外','',0,23,0,'','2019-04-22 13:19:46.709427',1),(31437,'九域文学','九域文学','13','九域文学','九域文学是北京幻想工场文化传媒有限公司旗下大型泛悬疑IP平台，成立于2016年10月。九域文学专注于：悬疑、灵异、罪案与科幻类型的优质IP孵化与开发，扎根泛悬疑类型IP的孵化和运营，为这个行业输出精品IP。无论是畅销图书还是热门类型影视剧，九域希望他们中越来越多的一部分都是九域出品。九域文学专注于悬疑、灵异、罪案与科幻类型的优质原创小说,系中国最大的类型作品原创基地.','北京','',0,2,0,'','2019-04-22 13:19:47.231536',1),(31438,'幻尔科技','幻尔科技','18','幻尔科技','幻尔科技已经形成以仿生教育机器人为主，以智能小车机器人、电子积木类为辅的10余款套件产品，同时配备机械结构件、开源控制器、传感器等多款配件产品的产品线，其中，仿生教育机器人系列产品在淘宝上占此细分品类的70%以上的市场份额。','广东','',0,2,0,'','2019-04-22 13:19:47.741284',1),(31439,'米订网','米订网','2','米订网','米订网是一家以移动互联网为核心的酒店技术服务商，旗下米订MSS（GMSS）移动互联网营销系统为酒店提供微营销预订、会员管理、营销管理等系统开发。除此之外，旗下“米订商学院”为酒店提供全方位互联网运营指导（包括重塑管理模式、会员忠诚计划咨询、酒店转型移动互联网营销等）。致力于解决酒店在互联网时代中运营、服务、工具等一系列痛点，目前已经帮助全国3000多家酒店构建了属于自己的移动互联网平台。','浙江','',0,26,0,'','2019-04-22 13:19:48.115936',1),(31440,'闪盒lightningbox','闪盒lightningbox','20','闪盒lightningbox','闪盒lightningbox是一家新零售行业SAAS系统服务提供商，致力于服务大型连锁商户及政府事业单位，为其提供专业稳定的解决方案，经过三年的不断深入拓展与研发，已经累计服务上万家商户。','海外','',0,1,0,'','2019-04-22 13:19:49.070540',1),(31441,'创新奇智','创新奇智','30','创新奇智','创新奇智正式成立于2018年3月，主要针对零售、制造、保险三个领域开展“AI赋能” 的企业服务，提升企业商业效率，助力行业客户提升在AI+时代的竞争力，引领实体行业智能化转型。创新奇智瞄准企业智能化的需求和巨大市场潜力，提供完整的人工智能(AI)商业解决方案。','广东','',0,2,0,'','2019-04-22 13:19:49.538203',1),(31442,'青铜剑科技','青铜剑科技','18','青铜剑科技','深圳青铜剑科技股份有限公司是由剑桥大学和清华大学博士团队创立的国家高新技术企业，专业从事大功率电力电子器件和系统解决方案的开发。','广东','',0,26,0,'','2019-04-22 13:19:50.036689',1),(31444,'易评审','易评审','6','易评审','易评审是一个一款评审互动工具。从收集资料、互动、评委打分，到评委互动沟通，能够帮助企业和评审成员做出高效的选择，从而实现多方评审的评审服务工作。易评审支持灵活自定义的评审模版，包括职位招聘、职位晋升、奖项评选、投标评审、项目投资和自定义模版等，能够满足用户的常用需求。','北京','',0,1,0,'','2019-04-22 13:19:51.130750',1),(31445,'科匠中国','科匠中国','28','科匠中国','蓝色互动是一家移动应用开发商和配套服务提供商，致力于为电子商务、在线教育、互联网金融、酒店旅游、餐饮娱乐等不同行业客户提供基于移动应用的整体解决方案。','上海','',0,23,0,'','2019-04-22 13:19:52.111975',1),(31447,'爱特康','爱特康','31','爱特康','爱特康专注高端止血材料的研发工作，2014年，爱特康医疗入驻北京市大兴区中关村科技园区大兴生物医药产业基地，着手打造了万级标准净化车间，成为国家高新级技术企业。2017年，爱特康医疗自主研发的和尔迅（healsoon）外科术中止血装置，是在国家最新最严格的审批政策下第一个，也是目前唯一一个通过审批的三类纯植物可吸收止血医疗器械。','北京','',0,7,0,'','2019-04-22 13:19:53.172321',1),(31448,'IT管家','IT管家','6','IT管家','IT管家派单系统，是面向全国企业客户提供”IT服务“的微信及PC端在线下单，工程师自助接单并提供上门服务的系统。 　 IT上门服务包括： 电脑硬件维修，电脑操作系统及软件维护,办公设备（打印机，电话等）维修维护，网络设备调试维护，弱电布线，服务器（Windows+Linux）维护等服务。 公司成立之初就得到Dell等厂商，神州数码等渠道商的1000+官方PC服务站的授权的支持；目前拥有慧算账，社保通等近几十家大型客户；依托于全国服务站，芯片级维修工厂，运用银行+保险的保驾护航模式，面向企业客户提供一站式企业IT设备Help-Desk服务，IT设备回收，笔记本租赁等服务。','上海','',0,2,0,'','2019-04-22 13:19:53.735466',1),(31449,'纵腾网络','纵腾网络','32','纵腾网络','纵腾是国内最早一批开展跨境电商的企业之一，目前已经发展成为一家以跨境电商业务为主，集商品开发、采购、销售、仓储、物流、客户服务、系统研发为 一体，以第三方电商平台与自建B2C商城并重，加大进口发展步伐，同步发展物流仓储专业服务的多元化、集团化的经营格局。','福建','',0,26,0,'','2019-04-22 13:19:54.231351',1),(31450,'鎏信科技','鎏信科技','6','鎏信科技','鎏信科技是一家物联网智慧连接技术服务提供商，鎏信科技主要以云服务的方式给设备提供连接管理服务，为设备提供通信、设备、数据、安全等方面的基础管理服务。','广东','',0,4,0,'','2019-04-22 13:19:55.109327',1),(31452,'卡露伽','卡露伽','20','卡露伽','杭州千岛湖鲟龙科技股份有限公司是一家集繁育、养殖、加工、营销及文化推广于一体的中外合资股份企业，借助于千岛湖优质水资源，养鱼水中\"活化石\"——鲟鱼，加工奢华盛宴美食——鱼子酱，推动鱼子酱美食文化，创造优雅、高贵、品位的时尚生活体验。公司创立之初，就成功吸引了国外股东的加盟，为公司发展提供了有利的资金保障，并为传承欧洲传统加工工艺，拓展鱼子酱国际市场奠定了良好的基础。以中国水产科学研究院为技术依托，拥有强大的研发生产团队。解决了鲟鱼产业开发中的关键技术壁垒。公司在\"钱塘江的源头\"——衢州建立了具有全球出口资质的鱼子酱加工厂，纯手工加工工艺打造的高端品质，受到全球美食家的赞誉。','浙江','',0,26,0,'','2019-04-22 13:19:55.979942',1),(31453,'微构大数据VigorData','微构大数据VigorData','6','微构大数据VigorData','深圳市微构科技有限公司是国内行业领先的企业大数据一体化服务提供商，致力于帮助企业实现大数据价值释放，业务增长以及创新转化，运用Vigor体系化产品，为企业提供大数据项目咨询规划、建设开发、运维优化、培训等全流程服务。迄今为止已经为房地产、金融、电信、互联网、农业、能源、智慧城市、物流、制造等不同领域不同行业超过30+知名品牌企业提供行业定制的大数据行业场景化解决方案及服务。 微构聚焦数据、聚焦客户，为更多企业的大数据商业应用增添无限可能！','广东','',0,1,0,'','2019-04-22 13:19:56.427636',1),(31454,'中云智车','中云智车','27','中云智车','中云智车是一个智能汽车底盘提供商。以推动特定场景无人驾驶车辆大范围落地为目标，致力于无人驾驶车辆车规级“通用线控底盘”研发，为特定场景无人驾驶车辆用户提供通用的智能底盘平台。','北京','',0,1,0,'','2019-04-22 13:19:57.005854',1),(31456,'Diginex','Diginex','21','Diginex','Diginex Limited是香港的一家跨境加密资产投资公司，Diginex公司现阶段在香港、瑞士、德国和日本设有办事处，并且在亚洲、瑞士和瑞典拥有采矿业务。','香港','',0,23,0,'','2019-04-22 13:19:58.102616',1),(31457,'神雾科技','神雾科技','22','神雾科技','神雾集团是一家针对全球化石能源（煤炭、石油、天然气及衍生燃料）节能环保与大气雾霾治理技术解决方案的提供商，是目前我国专业从事化石能源、矿产资源及可再生资源高效清洁利用、新技术研发及产业化实施的行业领军企业。','北京','',0,26,0,'','2019-04-22 13:19:58.780076',1),(31458,'大艺数','大艺数','30','大艺数','大艺数致力于大数据技术来做艺术品投顾平台，要解决的痛点是用户在投资前需搜集并分析大量的相关信息。大艺数App端有如下功能：以图搜图——识别艺术品品类、出处；艺术品货架——大艺数通过对全网的数据爬取，聚合了全网在售的艺术品供投资者查阅；智能推荐——大艺数将根据用户多维度的数据来对展示页面和搜索结果进行筛选、排序；投顾建议——大艺数会通过算法确定用户所询价的艺术品的相近标的物，参考其交易价格来为投资者提供建议。','上海','',0,2,0,'','2019-04-22 13:19:59.260217',1),(31459,'大然科技','大然科技','18','大然科技','大然科技是一家变胞爬行机器人研发商，旗下机器人采用变胞原理，能够根据环境变化及任务需求进行自我重组与重构，达到“一机多能”的功能，例如抢险救灾、管道检修、反恐作战等特种任务，现产品可应用于教育、娱乐、航空航天、地质勘探以及抢险救灾等领域。','天津','',0,2,0,'','2019-04-22 13:19:59.839289',1),(31460,'小逻辑科技','小逻辑科技','13','小逻辑科技','小逻辑科技是一家基于Bayesian Program Synthesis算法技术，捕捉精神状态，并提供个性化的智能教练，提高专注力的人工智能公司。公司即将推出的产品是一款可穿戴设备FOCI。通过夹在腰间，该设备可根据用户呼吸时腹部的细微波动，来收集用户的呼吸数据，进而分析其精神状态，如专注、放松、紧张、疲劳等。','广东','',0,2,0,'','2019-04-22 13:20:00.217718',1),(31463,'量点科技','量点科技','31','量点科技','江苏量点科技有限公司是专业从事医用体外诊断行业的研产销的生物科技公司。以高荧光效率生物兼容性量子点材料为核心专利技术，同时开发了多项星子点免疫荧光体外诊断试剂(POCT)和检测设备的专有技术平台。其产品具有检测灵敏度更高、 精准度更高、范围更宽等特点，是真正媲美化学发光的POCT产品。','江苏','',0,3,0,'','2019-04-22 13:20:02.040273',1),(31464,'格微基因','格微基因','31','格微基因','格微基因以Toehold Probe为基础的技术是在哈佛大学维斯生物工程研究所和莱斯大学进行的初始研究和开发，并得到其专利授权。这是一项突破性的分子技术，可用于检测包括癌症在内的多种疾病。格微基因的技术可以非常灵敏地识别早期阶段的突变体，提高疾病检出率，并帮助指导可增加患者生存机会的治疗决策。','广东','',0,4,0,'','2019-04-22 13:20:02.769267',1),(31465,'i先生','i先生','32','i先生','通过【专业服装管家】+【数据分析算法】 帮助男人挑选个性化精品服饰 先试后买，将试衣间搬到家中 区别于传统网购和线下逛街的另一种生活方式','北京','',0,1,0,'','2019-04-22 13:20:03.228726',1),(31467,'泊链联盟','泊链联盟','27','泊链联盟','泊链联盟是一个开放互联的平台，角色如同“银联”，拥有完整的基于路内、外停车的APP、公众号，SAAS云服务对接过PDA、车位检测器、诱导、视频桩、车牌识别软件，并无任何附加条件、全免费地向设备厂家开源了30个城市生产应用系统的源代码，将联盟企业的平台联接到一起。','广东','',0,3,0,'','2019-04-22 13:20:04.342109',1),(31468,'MEMS压力传感器','MEMS压力传感器','23','MEMS压力传感器','上海胜脉成立于2015年5月，创始团队从事MEMS压力传感器研发及技术应用多年。多年来坚持自主研发设计，并将产品在国内领先的代工厂量产。生产出低成本、高可靠、可大批量制造的MEMS压力传感器，在汽车等领域有大量应用。 胜脉为国内超过30家汽车厂提供多种压力传感器，包括常柴、莱动、东风商用车、陕汽、五菱、济南重汽、比亚迪电动车、众泰电动车、福田电动车等。2017年出货120万只压力传感器。','上海','',0,3,0,'','2019-04-22 13:20:04.835429',1),(31472,'快洁洗衣','快洁洗衣','20','快洁洗衣','产品开发了安卓，iOS系统。目前已经完善了太原市的布局，同时也拥有了1万个消费用户。通过招商5月份启动了石家庄市场。','山西','',0,2,0,'','2019-04-22 13:20:07.011145',1),(31473,'瑞海科技','瑞海科技','30','瑞海科技','瑞海科技的产品有带电作业车智能管控机器人、AI无人值守变电站智能管控系统、综合管廊智能运行系统。三级预警平台系统正处于研发中。瑞海科技是国内第一家将人工智能技术应用到传统工程安全自动监管中的企业。','陕西','',0,2,0,'','2019-04-22 13:20:07.517913',1),(31477,'Workingdom','Workingdom','6','Workingdom','Workingdom是一个办公场景服务生态品牌商，致力于重塑中国新生代工作方式、崇尚打破工作与生活边界的日常状态，从而构建全新的办公场景服务生态的联合办公企业。已推出一系列的空间产品： Workingdom TUBE感知体验共享工作空间｜Workingdom CUBE智能体验共享工作空间｜Workingdom HUB共享生态社区。还将陆续推出企业SaaS服务平台等基于办公场景衍生的各种功能性产品。为中国新生代用户提供一套全面的工作方式解决方案。','上海','',0,26,0,'','2019-04-22 13:20:09.421738',1),(31478,'天马便利','天马便利','32','天马便利','天马便利是一个小程序生鲜电商平台，主要实行代理模式，采取直接与水果原产地订货的方式，为用户提供应季水果订购服务，专注于水果品类、客单价控制在几十元，合作的代理已达200多个，并和国内10多个种植基地建立了战略合作关系。','山东','',0,2,0,'','2019-04-22 13:20:09.861692',1),(31480,'昭阳医生','昭阳医生','31','昭阳医生','昭阳医生APP是一款专注于心理/精神健康的辅助诊疗平台，主要提供健康咨询与医患交流服务。患者通过昭阳医生与医院的专科医生进行一对一的多渠道沟通，为精神病患者创造安全私密、省时高效的就医方式。对于精神科医生，昭阳医生提供预约咨询、专业的标准化诊前问卷、诊后随访系统等功能，是医患沟通工具的同时又是很好的辅助诊疗平台，医生既能开展轻松高效的咨询服务，也帮助医生更方便地对患者进行随访管理。','广东','',0,4,0,'','2019-04-22 13:20:10.341694',1),(31481,'千屿Islands','千屿Islands','2','千屿Islands','北京贝壳友家科技有限公司成立于2017年8月，公司旗下拥有千屿S、千屿精选及千屿联盟三个品牌。其中千屿S为公司旗下轻奢品牌，专注于中端酒店、公寓的运营管理，千屿联盟则致力于用模式创新与科技解决方案为中小型酒店、民宿物业赋能，帮助业主实现品牌化、标准化、智能化。 目前千屿已进驻北京、上海、杭州、南京、西安、武汉、成都等数十个城市。成立一年，共获得获高榕资本、真格基金、元璟资本及王刚等顶级机构及个人多轮融资。 用“滴滴”模式改造传统酒店业，千屿已成为【共享住宿空间】变革的引领者。','北京','',0,6,0,'','2019-04-22 13:20:10.780778',1),(31482,'威努特','威努特','6','威努特','北京威努特技术有限公司是一家专注于工业控制系统网络安全（工控安全）产品与解决方案研究开发的创新型高科技公司。公司致力于为企业客户提供工控安全整体解决方案与服务，帮助企业客户识别工控系统安全风险，掌控工控安全现状与趋势，提高工控安全防护与事件响应能力。','北京','',0,10,0,'','2019-04-22 13:20:11.071331',1),(31483,'斐素FSJUICE','斐素FSJUICE','32','斐素FSJUICE','斐素FSJUICE是一个独立品牌非浓缩还原果汁电商平台，其果汁产品分为经典轻断食系列和果蔬营养系列，与潮流时尚品牌(Adidas, 野兽派，魅力惠，MLGB等) 跨界合作，致力于成为一个多产品线多渠道的消费品公司。隶属于斐素餐饮管理（上海）有限公司。','上海','',0,5,0,'','2019-04-22 13:20:11.439183',1),(31484,'中科禾一','中科禾一','7','中科禾一','中科禾一（大连）农业科技有限公司是一家基于中国科学院大连化学物理研究所寡糖植物疫苗技术转化的科技型企业。中科禾一自成立以来一直致力于糖链植物疫苗为核心的绿色集成防控技术推广和农业全产业链模式探索，研发推广“糖链植物疫苗”为核心的农作物病虫害绿色防治技术，深度开发和利用海洋生物萃取制剂，以多功能海洋制物剂为核心主导完善绿色防控产品和绿色农产品供应链。近期，公司成功推出了以虾蟹壳为原料，经生物技术方法制备的富含海洋糖链活性因子的有机水溶肥料产品（禾一海之星）。','辽宁','',0,2,0,'','2019-04-22 13:20:11.745307',1),(31485,'逗号科技','逗号科技','23','逗号科技','逗号科技是一家专业从事工业可穿戴设备研发应用及工业物联网整体解决方案的科技创新企业。 公司创始团队在工业物联网、智慧工厂等领域有着十余年的产学研应用经验。 团队开创性地提出“工业可穿戴”的理念，将可穿戴设备引入工业环境，为工业现场操作人员提供更加安全、高效、便捷的数据处理方案。','广东','',0,2,0,'','2019-04-22 13:20:12.050826',1),(31486,'德适生物','德适生物','31','德适生物','德适生物是由海外留学归国人才、省千人计划特聘专家、知名高校教授等创立的一家拥有核心自主知识产权的医疗诊断高科技企业。拥有万级、十万级、PCR实验室等GMP生产厂房设备，占地近3000平米。德适生物研发团队成员拥有20年以上人工智能、生殖医学、干细胞等领域的基础研发及产品转化开发经历，先后获得多项国家、省、市级相关奖项。研发团队通过自主研发及合作开发，拥有多项核心专利技术。目前，围绕生殖健康细分领域的创新产品，覆盖人工智能、临床诊断、医疗器械等领域。','浙江','',0,4,0,'','2019-04-22 13:20:12.598363',1),(31491,'积云教育','积云教育','11','积云教育','积云教育成立于2016年3月，致力于打造中国IT职业教育领导品牌，为广大学生提供一流的学习平台和广阔的发展平台。目前在北京拥有两所校区，分别为吉利大学校内的高中部、昌平区生命科学园的大学部，主要面向中职和高中毕业生及部分大学生，提供IT职业教育培训课程。积云教育产品包含新媒体视觉设计、全栈开发、大数据开发、物联网开发、PHP开发等专业方向。','北京','',0,4,0,'','2019-04-22 13:20:14.435127',1),(31494,'今创科技','今创科技','6','今创科技','今创科技是一家医疗病案管理软件提供商。主要从事计算机软件、硬件开发、应用系统集成。主要产品包括：CMIS病案管理系统、CDMS数字化病案管理系统、CMRT病案示踪管理系统、HQMS数据上报系统、医院等级评审系统、DSS决策支持系统、HFU数字化随访系统、不良事件管理系统、公共卫生平台等。 企业具有一支高素质、跨科学、开拓不同信息领域的技术研发与实施队伍。公司先后获得了\"上海市明星软件企业\"，\"中国优秀科技奖\"，\"中国优秀软件产品\"等荣誉称号。','上海','',0,2,0,'','2019-04-22 13:20:15.454723',1),(31495,'可卓','可卓','6','可卓','Ctrlbox可帮助项目型企业解决项目进度跟踪、人员管理、项目成本、绩效、订单合同管理等问题。这些模块可以满足企业内部80%的信息化需求。对于某些个性化需求，可卓开放接口和插件，允许第三方开发。目前。Ctrlbox已完成了PaaS平台化，产品具备稳定性、扩展性和易用性。','上海','',0,2,0,'','2019-04-22 13:20:15.750914',1),(31497,'HandyCase','HandyCase','20','HandyCase','HandyCase是一个校园零食无人货架运营商。主要聚焦于大学校园，将零食按照不同方案进行装箱，再把零食箱推广进入每间宿舍。学生们不出宿舍门，就可扫码付款，取走自己想吃的零食、饮料等。','北京','',0,2,0,'','2019-04-22 13:20:16.639861',1),(31499,'清风智媒','清风智媒','19','清风智媒','清风智媒，Since 2017 ，北京汉王清风科技有限公司全资子公司。公司以改善职场环境质量、企业品牌传播效果为己任。紧随传媒行业未来发展趋势，从改善办公室空气质量的公益视角着手，免费为高端职场提供环保、智能的，可以展示广告内容的商业级净化机及百纳桶。','北京','',0,3,0,'','2019-04-22 13:20:17.342602',1),(31500,'车盾风控平台','车盾风控平台','6','车盾风控平台','公司成立一年，自主产品车盾风控平台APP已用户近3000家汽车租赁与金融公司用户，月营业额10万。目前公司产品已基本成熟，需要原生迭代，并重点推广，打通上下游渠道，建立自身产业闭环。','四川','',0,2,0,'','2019-04-22 13:20:17.746758',1),(31502,'赢时通汽车','赢时通汽车','27','赢时通汽车','赢时通汽车服务有限公司是赢时通集团的主打服务品牌，是全国稳居前三的实力型汽车租赁服务企业。竭诚为企业和个人用户提供性价比最优的商务租车、省内外旅游包车、单位上下班租车、自驾租车、婚庆租车、企业集体/团体包车、机场接送及领导出差用车等汽车租赁综合服务方案。','广东','',0,26,0,'','2019-04-22 13:20:18.679914',1),(31503,'中联慧通','中联慧通','7','中联慧通','中联慧通是一家农业物联网智能云服务平台，专注于物联网技术的研发和应用，致力于农业养殖综合云平台、大数据监管平台、大数据可视化平台、全平台营销系统、追溯平台、土壤水分传感器等内容，可应用于农业、铁路、环保、交通等领域。','黑龙江','',0,27,0,'','2019-04-22 13:20:18.964381',1),(31504,'极维VR','极维VR','26','极维VR','北京极维科技有限公司，旗下VR产品曾参加美国拉斯维加斯CES展，获全球各国客户高度评价，目前公司总市值近亿，股东包含洪泰、TCL集团、贵格天使等机构。公司的使命是致力于更快的把移动VR普及到全球广大用户的生活之中。','北京','',0,4,0,'','2019-04-22 13:20:19.245470',1),(31505,'短住科技','短住科技','2','短住科技','短住科技是一个精品民宿运营商，房型主要为分散型的小别墅，比如京都的在川·合庭、在川·清泉町屋，以及Chuan House，为整栋的公寓楼。目前有300多间客房，平均入住率在80%以上。公寓类产品价格集中在 10000日币上下，折合人民币在550～700元上下，比当地同等酒店价格更低。除了提供住宿空间，游客入住在川旅宿，就可以获得由他们自己撰写和设计的的旅行指南，同时，在川旅宿的团队也会根据城市的具体情况，为住客准备一些city walk产品，出版旅行杂志书J-MOOK，解决他们“到了一座城市，怎样玩”的痛点，并开通了微信管家等服务。','北京','',0,3,0,'','2019-04-22 13:20:19.505361',1),(31506,'大鱼管家','大鱼管家','5','大鱼管家','深圳市彩易生活科技有限公司专注于家庭物联网平台（大鱼管家）和芯片的开发。 大鱼管家物联网平台和芯片已达到世界领先水平，为智能电视、OTT盒子、机顶盒、IPTV、音箱、路由器、摄像头等提供完整的物联网解决方案及外围设备连接能力，业务涵盖家庭影音娱乐、家庭健康、家庭安全、家电自动化等产品和服务。','广东','',0,4,0,'','2019-04-22 13:20:19.761806',1),(31507,'云丁科技','云丁科技','23','云丁科技','云丁科技是一家智能门锁研发商，公司的产品包括面向家用的丁盯智能门磁、丁盯安全门锁和面向公寓的安全门锁公寓版，以及智能电表产品和平台解决方案等。隶属于云丁网络技术（北京）有限公司。','北京','',0,11,0,'','2019-04-22 13:20:20.179710',1),(31508,'链耕网','链耕网','32','链耕网','链耕网：打造以县区或城市为互联网社区的全球华人互联网社区生活平台， 每个人都是社区的主人，每个人都在平台共享或者分享信息，对标facebook','广西','',0,1,0,'','2019-04-22 13:20:20.551844',1),(31509,'圣贝拉','圣贝拉','31','圣贝拉','圣贝拉是结合海内外母婴医疗技术及护理理念，并被纳入珠海市护理学会、营养学会的一体式高端母婴会所，旨在为妈妈和宝宝量身打造个性化护理方案，提供专业、优质、舒适的护理服务。隶属于珠海贝康母婴护理管理有限公司。','广东','',0,3,0,'','2019-04-22 13:20:20.895189',1),(31510,'香气博览','香气博览','32','香气博览','宁波香气博览网络科技有限公司成立于2016年，总部位于宁波，办公地点在北京。Scentpage是一家专注于“香水”为主题以“订阅 电商”两种模式运营的互联网公司；我们线下为爱香人士设立了展示空间，提供调香试香的体验，感受充满香气的世界','浙江','',0,3,0,'','2019-04-22 13:20:21.200572',1),(31511,'Owlstone Medical','Owlstone Medical','31','Owlstone Medical','Owlstone Medical是一家呼吸分析仪科技公司，Owlstone的呼吸分析器运用非对称场离子迁移谱技术，从一个人的呼吸和体液中检测其挥发性有机化合代谢产物。','深圳','',0,26,0,'','2019-04-22 13:20:21.547170',1),(31512,'油礼付','油礼付','27','油礼付','油礼付是一款重度垂直的福利化智慧加油营销服务平台，与国企油站合作，协助其转型升级，通过“一个场景+一个接口”的业务架构，对接品牌车主福利、车主营销；对接品牌积分系统以及对接车主生态服务。','江苏','',0,4,0,'','2019-04-22 13:20:21.904424',1),(31513,'艾漫数据','艾漫数据','6','艾漫数据','艾漫数据是一家大数据挖掘和技术公司，专注于对影视、娱乐行业的数据挖掘及整合营销服务，打造娱乐大数据服务提供商。','北京','',0,27,0,'','2019-04-22 13:20:22.204739',1),(31514,'麦歌算法','麦歌算法','30','麦歌算法','杭州麦歌算法科技有限公司是一家企业级泛医学文本信息人工智能产品及方案供应商。公司的核心业务包括基于自然语言处理（NLP）的泛医学文本处理（信息提取，结构化建库等）以及基于结构化数据集通过机器学习（主要是深度学习）进行的针对B端的应用层面算法开发（辅助决策，保险控费，垂直搜索引擎等等）。','浙江','',0,2,0,'','2019-04-22 13:20:22.649547',1),(31517,'曼可顿','曼可顿','20','曼可顿','曼可顿品牌自诞生以来，一直专注于为广大消费者提供“松软”、“新鲜”、“营养”的高品质烘培食品，是目前中国烘培行业领导品牌。曼可顿公司的产品保证使用优质原材料，并通过不断地研究中国居民的膳食结构与习惯，针对不同的人群，添加不同的营养元素，使面包不但美味而且营养。在新产品开发方面，曼可顿得到合作公司欧洲著名烘培食品生产厂商哈利集团(HARRY`S GROUP)的大力支持，引进欧洲尤其是法国的烘培产品，使曼可顿的产品同时具有本地化和国际化的特点。','北京','',0,23,0,'','2019-04-22 13:20:23.713592',1),(31519,'布洛克','布洛克','19','布洛克','布洛克旗下微信公众号名为布洛克社区。公司致力于打造区块链社群媒体，通过优质社群内容分享，帮助更多人了解区块链行业、前沿技术、项目动态、实时资讯。','北京','',0,26,0,'','2019-04-22 13:20:24.322787',1),(31520,'有闲有品','有闲有品','32','有闲有品','有闲有品，是国内首家支持全国范围进行全品类回收、寄卖的平台。主张免费上门回收，致力于为用户提供“高效、便捷、全面”的一站式闲置品流通服务。目前服务范围已覆盖全国多个重点城市，可回收类别包括服装、鞋、箱包、家电、电脑、手机、奢侈品等。并有专业的价格评测系统，做到让用户买卖放 心、交换安心、物尽其用、物显其值。','北京','',0,3,0,'','2019-04-22 13:20:24.629660',1),(31521,'灵蜥安全','灵蜥安全','6','灵蜥安全','灵蜥安全是一款云安全应用防护系统，与应用程序的运行环境和开发语言无缝结合并高度融合。通过修复应用自身内部缺陷与漏洞，使应用具备攻击免疫能力，并以可视化的方式呈现攻击与防御情况。依托安百全网态势感知与漏洞情报下发防御补丁，使应用防御力不断更新提升，实现应用系统的动态与长期安全。','北京','',0,4,0,'','2019-04-22 13:20:24.959875',1),(31522,'大希地','大希地','32','大希地','大希地是一家专注于进口生鲜食材的互联网企业，产品遍布全球每个角落，澳洲、新西兰的牛羊肉，鲜奶，加拿大的北极贝、甜虾，阿拉斯加帝王蟹、鳕鱼，阿根廷红虾等等。','浙江','',0,5,0,'','2019-04-22 13:20:25.402398',1),(31527,'第一人居','第一人居','23','第一人居','第一人居是一家智能空气净化产品研发商，公司致力于为客户提供全流程人居环境解决方案。公司提供的服务有绿色建筑技术咨询、人居环境科技产品研发及销售、机电安装等业务。公司已经研发出了空气净化产品恐龙贰号。','北京','',0,27,0,'','2019-04-22 13:20:27.095497',1),(31528,'睿帆科技','睿帆科技','3','睿帆科技','睿帆科技是一家大数据存储和处理平台软件提供商。经过两年多的发展，睿帆科技已搭建了稳定的技术研发架构和产品体系，其主要产品已在多个省级电信运营商的核心业务系统中得到应用。','北京','',0,26,0,'','2019-04-22 13:20:27.449388',1),(31529,'赤耳科技','赤耳科技','31','赤耳科技','赤耳科技有限公司是一家横跨互联网、医疗信息化、新媒体领域的新型跨界公司。 专注于线上线下的医疗信息和服务领域的发展与创新，为医院、养老院、社区提供床旁健康关怀信息化的整体解决方案。','上海','',0,4,0,'','2019-04-22 13:20:27.724427',1),(31530,'黄埔在线','黄埔在线','11','黄埔在线','黄埔在线通过结合大量全国中小学生心理数据，与知名心理学、脑科学专家合作进行心理云端建模分析，针对中小学生人群的压力、睡眠问题、焦虑/抑郁等心理健康隐患，以及与之相关的注意力和记忆力等认知问题，综合利用心理学专业量表、认知训练游戏、智能穿戴技术、心理咨询室等数据采集反馈分析，在云端建设平台实现心理健康监测与干预。','北京','',0,26,0,'','2019-04-22 13:20:28.012291',1),(31531,'锦城股份','锦城股份','27','锦城股份','锦城股份是一家整车线束研发商，主要产品包括发动机舱线束、后门线束、牌照灯线束、前门线束、仪表线束、倒车雷达线束、底盘线束、电池包主控线束、高压线束等，可分为乘用车、商用车、发动机、新能源、电池包、电子产品系列等。','山东','',0,27,0,'','2019-04-22 13:20:28.337603',1),(31532,'活力达','活力达','31','活力达','活力达是一家专注于营养健康的移动互联网品牌,旗下有3个自主注册商标品牌：“活力达”“御年堂”“力次方”，致力于开发“BI(商业智能)健康数据运营系统”,聚焦不同社群营养健康需求,通过线上给用户提供营养健康解决方案。旗下有产品包括各种保健品,逗宝APP——一款专注于婴幼儿营养配餐的APP，为宝宝提供专业的饮食指导等。','北京','',0,27,0,'','2019-04-22 13:20:28.890806',1),(31534,'天运股份','天运股份','6','天运股份','天运股份是一家废旧纺织品再利用研发商，主要产品包括天运托盘、前机舱隔音垫、NVH零部件、备胎盖板、空调用隔音垫、农业大棚用保温材料、建筑行业用板材等，可应用于白色家电、汽车等领域。','安徽','',0,22,0,'','2019-04-22 13:20:29.486249',1),(31536,'华晨股份','华晨股份','23','华晨股份','华晨股份是一家发动机气缸套制造商，专注于从事内燃机组件的研发与设计，旗下产品包括汽车气缸套、农用拖拉机气缸套、船舶气缸套、工程设备气缸套等，主要应用于船舶、汽车、农用机械以及工程机械等领域。','江苏','',0,27,0,'','2019-04-22 13:20:30.134823',1),(31537,'行圆汽车','行圆汽车','27','行圆汽车','行圆汽车是一家致力于中国汽车产业的互联网平台服务供应商及电商平台，分别为汽车生产企业及汽车经销商提供汽车车源批发服务、汽车互联网营销服务、经销商互联网营销服务，业务体系涵盖新车、二手车、汽车金融、汽车保险及汽车后市场等汽车全产业链。','北京','',0,4,0,'','2019-04-22 13:20:30.662584',1),(31539,'安誉生物','安誉生物','31','安誉生物','安誉生物是一家生命科学仪器研发商，集研发、生产、销售和服务为一体。建立了荧光定量PCR、POCT等技术平台，并提供相关技术服务。','浙江','',0,4,0,'','2019-04-22 13:20:31.299183',1),(31540,'卡耐新能源','卡耐新能源','23','卡耐新能源','卡耐新能源是一家动力锂离子电池研发商，公司的产品包括三元软包锂离子电池、电池模组、电池包系统、电池成组技术等，可应用于汽车交通、通信等相关领域，同时为用户提供相关技术支持服务。','上海','',0,7,0,'','2019-04-22 13:20:31.633300',1),(31541,'百先科技','百先科技','6','百先科技','深圳市百先科技有限公司，新团队重组于2018年1月，由行业资深业者组成。并于1月正式启动“极物联”全球物联网通信开放平台项目。','广东','',0,2,0,'','2019-04-22 13:20:32.030657',1),(31543,'保评网','保评网','27','保评网','保评科技是一家互联网车险+车后市场平台运营商，利用互联网科技手段，为保险公司出单机构提供报价出单解决方案。以及提供汽车后市场优惠服务。','北京','',0,4,0,'','2019-04-22 13:20:32.975789',1),(31546,'日上免税行','日上免税行','32','日上免税行','日上免税行经营的事业分布在中国最重要的两大门户机场，北京首都国际机场和上海浦东/虹桥国际机场。日上免税行与上百个国际著名奢侈品品牌集团合作，经营来自全球的香水化妆品、烟酒、腕表、珠宝、时尚精品系列免税商品。','北京','',0,23,0,'','2019-04-22 13:20:34.084375',1),(31547,'僖德餐饮Seed','僖德餐饮Seed','20','僖德餐饮Seed','僖德餐饮是一家生机饮食蔬果昔(Smoothie)连锁品牌，核心目标是追求最先进的潮流饮食概念，同时还原食材本味，将健康美味，方便快捷的食品带给每一个人，让现代人在忙碌生活中也能用新鲜食材轻松达成减肥，美容，排毒，养生的目标。','上海','',0,1,0,'','2019-04-22 13:20:34.697141',1),(31548,'华慧芯科技','华慧芯科技','18','华慧芯科技','华慧芯科技依托于清华大学天津电子信息研究院成立，借助其科研及技术力量，致力于将光电芯片工艺技术等进行成果转化及市场产业化。目标是产业化批量生产光通信用DFB半导体激光器，在性能上与国外的同类产品相当，满足光通信发展的需要。','天津','',0,2,0,'','2019-04-22 13:20:35.110066',1),(31550,'悠品生活','悠品生活','20','悠品生活','悠品生活是一家020公司，通过采集全北京的花卉店信息，从而让有购买需求的消费者可以通过手机方便快捷的选择最匹配的花卉产品。 使客户获取商品丰富，竞价对比商品，交易可追踪，使商户增加销量同时，优先留货，减少库存，节约成本。','北京','',0,2,0,'','2019-04-22 13:20:35.829162',1),(31553,'极兆技术infinibase','极兆技术infinibase','6','极兆技术infinibase','极兆技术是一家致力于用大数据和人工智能技术助力金融行业进步的公司，提供的技术包括机器学习技术、极速大数据处理、实时数据采集','北京','',0,4,0,'','2019-04-22 13:20:37.211859',1),(31554,'乐湾养老','乐湾养老','31','乐湾养老','乐湾养老是一家专注于智慧养老服务的高科技企业，公司在成立初始就将目光聚焦在智慧养老服务行业，深耕机构养 老，居家养老和社区养老的信息化和智能化服务，结合物联网和移动互联网的技术，从养老行业的实际需求出发开发了具有行业特性的 信息化平台和智能定位产品。','浙江','',0,2,0,'','2019-04-22 13:20:37.535335',1),(31555,'北京无限城市','北京无限城市','3','北京无限城市','无限城市是智慧城市多维大数据运营商，为城市旅游、医疗、交通、市政等智慧城市建设各领域提供专业行业解决方案；与政府合力打造TT物联万物互联的新型智慧城市。无限城市的主要业务包括智慧WiFi、视频监控、大数据、IDC服务、互联网业务、Portal广告和智慧连接等。如视频监控，包括人脸识别、基于GIS地图分析入网视频、云储存等功能。大数据分析，包括人物画像、客流统计、轨迹分析和热图查看等。目前，公司产品和服务主要运用于智慧城市、智慧商业、智慧餐饮、智慧楼宇和智慧办公等领域。','北京','',0,3,0,'','2019-04-22 13:20:37.985135',1),(31557,'火星财经','火星财经','13','火星财经','火星财经是一家区块链资讯门户。提供有数字货币行情、新币动态、新手入门等丰富的工具。','海南','',0,5,0,'','2019-04-22 13:20:38.623719',1),(31558,'For Dear Me','For Dear Me','32','For Dear Me','For Dear Me是一个少女内衣品牌。ForDearMe 主打棉花糖内衣，希望为年轻女性提供触感柔软、外表美观的内衣，并开发了记忆杯、夹心杯、云朵杯三个系列产品。','浙江','',0,4,0,'','2019-04-22 13:20:39.113126',1),(31559,'司马检车','司马检车','27','司马检车','司马检车是二手车检测服务平台。打破现有检测模式，让消费者获得最真实的车况，最大化实现信息对称。司马检车平台汇聚了大量优质的检测师，提供最高质的检测服务，同时，依托于我们强大的技术团队开发的专家检测系统可以帮助检测师提高数十倍的检测效率以及快速定位车况问题。在不远的未来，专家检测系统通过不断检测数据沉淀，将会更大化地较少人工检测时间。司马检车，值得信赖。','北京','',0,2,0,'','2019-04-22 13:20:39.537206',1),(31560,'GiftChain','GiftChain','3','GiftChain','GiftChain团队所开发的全球人才区块链（麒麟链）是基于区块链的去中心化智能协议。针对在线招聘行业中心化严重，信息壁垒难以突破导致低效，全球人才流通受阻的痛点，麒麟链通过区块链与分布式存储技术，构建一个全球范围内真实、高效的人才经济体系。这个协议可以让每一个用户享有数据所有权，以数字资产发行，流通。同时企业、个人也可以基于这条链创造新的协议和交易规则，形成去中心化的人才经济生态。','北京','',0,26,0,'','2019-04-22 13:20:39.946436',1),(31561,'维制教育','维制教育','11','维制教育','维制教育是一家欧洲留学服务提供商，公司致力于为学生定制海外学习最佳方案和未来职业规划，提供针对不同院校的备考方案及申请战略，确保成功率及签证率，公司的服务范围：教育及职业规划、院校申请、考试辅导、文书指导、签证辅导、落地欧洲后安顿生活、安排入学、办理落户欧洲手续，同时对学生到海外后的学习生活进行追踪管理、提供相关协助。','北京','',0,0,0,'','2019-04-22 13:20:40.342007',1),(31562,'优锘科技','优锘科技','6','优锘科技','优锘科技是一家可视化管理软件（模模搭）和互联网服务提供商，为IT管理和物联网管理提供可视化能力。针对企业IT运维过程中所面临的一系列问题，优锘科技采用先进的3D和2D计算机图形技术及图形化数据处理技术，将来自不同部门、不同工具的IT管理数据进行统一的汇聚、展现、管理和分析，为企业IT管理和数据中心管理提供了创新的可视化管理手段，有效解决IT架构和数据中心的管理难题。','北京','',0,7,0,'','2019-04-22 13:20:40.687088',1),(31563,'东宇电气','东宇电气','23','东宇电气','东宇电气是一家专注于电力工程的公司，隶属于浙江东宇电气股份有限公司。','浙江','',0,27,0,'','2019-04-22 13:20:41.094970',1),(31564,'睿昂生物','睿昂生物','31','睿昂生物','上海睿昂生物技术有限公司致力于个体化分子诊断试剂产品的研发、生产、销售，及检测服务。旨在为医生和病人提供更全面的基因信息。','上海','',0,8,0,'','2019-04-22 13:20:41.485717',1),(31565,'久联发展','久联发展','23','久联发展','久联发展是一家民爆器材制造商，产品包括炸药类、管索类等，具体包括煤矿许用乳化炸药、2号岩石乳化炸药、煤矿许用电雷管、普通塑料导爆管等，同时公司的业务还包括为用户提供爆破施工服务等。','贵州','',0,25,0,'','2019-04-22 13:20:41.882134',1),(31566,'翰诚智能','翰诚智能','23','翰诚智能','翰诚智能是一家专注于智能视频安防系统研发与项目运营的的企业，致力于“智能视频预警”技术的开发与应用，先后推出了：“ATM24小时贴身特警”、“豪宅特警”、“商铺特警”、“电厂特警”、“机场特警”等系列产品。','北京','',0,4,0,'','2019-04-22 13:20:42.246129',1),(31567,'首战业服','首战业服','6','首战业服','首战业服是一家企业托管式一站式服务平台，平台助力于企业发展，解决中小型企业注册难税务难的问题，建立企业托管式一站式服务平台，让企业负责人全心的投入企业的发展，解决企业负责人后顾之忧。平台主要工作：解决公司注册问题。会计代理：解决客户税务盲区。商标专利：让企业的知识产权得到保障。法律法务：解决企业合同以及个人的法律方面的问题以及建筑资质问题的免费咨询等，全方位为其企业的发展起到推进作用。','四川','',0,0,0,'','2019-04-22 13:20:42.654371',1),(31568,'飞思欣科农业','飞思欣科农业','32','飞思欣科农业','公司专注于恩施当地土特产品开发，利用当地的独特地理及自然条件，联合当地政府扶贫工作的展开，与农户进行合作生产，打造恩施原生态富硒产品，如富硒茶、富硒蔬果、富硒腊肉、富硒山鸡等。以科学的生产方式和先进的营销管理模式将恩施土特产品标准化、规模化，并建立相应品牌，带动恩施当地优质土特产品走出恩施，走向全国,并走向世界。','湖北','',0,0,0,'','2019-04-22 13:20:43.066775',1),(31569,'心诺普医疗','心诺普医疗','31','心诺普医疗','心诺普医疗是一家专注于心脏电生理领域的公司，专注于心脏电生理器械产品、以及心脏电生理产品及心外科产品等。旗下产品包括NaviEase固定弯鞘、AKS房间隔穿刺针等。','北京','',0,4,0,'','2019-04-22 13:20:43.472466',1),(31570,'博兰得科技','博兰得科技','23','博兰得科技','博兰得科技是一家定制型电源及新能源产品研发商。专注于定制型电源及新能源产品，在工业、军事、医疗及消费类电子领域提供全面服务及系统解决方案。','江苏','',0,4,0,'','2019-04-22 13:20:43.840667',1),(31571,'云圣智能','云圣智能','23','云圣智能','云圣智能是一家工业级智能无人机研发商，专注于研发绿色能源驱动的工业级智能无人机，自主研发IKING工业级无人机系统，其涵盖农业植保、高精度3D建模及电力石油管线巡检系列的多款无人机机型。','北京','',0,4,0,'','2019-04-22 13:20:44.215129',1),(31572,'广州畅途汽车','广州畅途汽车','27','广州畅途汽车','畅途汽车是一家汽车快速保养服务提供商，致力于打造养车服务平台，主要包括汽车美容、漆面修复、保养维修、紧急救援及保险理赔等服务。并且利用云计算、云储存大数据、移动互联网等技术，实现了汽车服务的无纸化和智能化功能。','广东','',0,7,0,'','2019-04-22 13:20:44.522814',1),(31573,'康沣生物','康沣生物','31','康沣生物','康沣生物是一家冷冻消融设备和导管生产商。专注于冷冻技术在心血管领域创新微创介入医疗器械领域的应用。','上海','',0,4,0,'','2019-04-22 13:20:44.996067',1),(31574,'济南迅奇','济南迅奇','28','济南迅奇','济南迅奇是一家集互联网产品设计，计算机技术开发、技术服务；软件开发；信息技术咨询服务为一体的综合性互联网公司，形成了一套系统化、科学化、产业化的商业运营模式，专注于开辟了互联网细分领域全新格局，致力于让用户全方位享受智能终端平台一体化服务的乐趣。','山东','',0,0,0,'','2019-04-22 13:20:45.474417',1),(31576,'后院生鲜','后院生鲜','32','后院生鲜','“后院”是一个以农业科技+大数据为核心的电商平台。旨在通过农科技术对生鲜产品进行评级，由此快速撮合农户与消费者需求，为消费者提供一个客观、权威、个性的生鲜电商平台。','广东','',0,1,0,'','2019-04-22 13:20:46.316612',1),(31577,'君库科技','君库科技','28','君库科技','君库科技是一家建筑业工作支撑软件平台研发商，平台一直致力于建筑业设计公司工作支撑软件平台的研发，用世界最先进成熟技术，来帮助设计企业快速有效率的提升运营设计业务水平，降低运营成本，增加设计竞争力，产品可一站搜索包括UI、广告、平面、建筑、景观、室内、工业在内的21亿高水平作品，作品来自全球数千家顶级设计网站。平台隶属于君库（上海）信息科技有限公司。','上海','',0,0,0,'','2019-04-22 13:20:46.713929',1),(31579,'星辰创联','星辰创联','28','星辰创联','星辰创联是一款基于生日的移动社交应用的软件，企业主要以软件开发、研发业务有主， 开发的软件有溜溜手游服务平台、溜溜兴趣社交平台， 公司通过经验丰富的技术研发团队和专业的服务体系，为亿万用户提供社交服务。','北京','',0,0,0,'','2019-04-22 13:20:47.718640',1),(31580,'华铝股份','华铝股份','6','华铝股份','华铝股份是一家专业生产工业用铝及铝合金热挤压型材为主导产品的现代化企业，公司有模具制造、圆铸锭熔铸、型材挤压到氧化着色处理共有15条生产线。同时配备了先进齐全的检测设备和完善的检测手段。主要产品有:工业用铝及铝合金热挤压型材等等。','浙江','',0,27,0,'','2019-04-22 13:20:48.106115',1),(31583,'云华通','云华通','6','云华通','云华通是一家计算机信息系统集成及专业技术服务提供商，专注于向大型系统集成商提供计算机信息系统集成和专业技术服务，其中计算机信息系统集成业务是向监狱、戒毒所和看守所等司法监管部门提供硬件产品、软件产品以及现场软硬件集成的联合调试和后续服务，专业技术服务是提供相关的方案设计、技术支持、技术咨询与技术培训等。','北京','',0,27,0,'','2019-04-22 13:20:49.294282',1),(31584,'纳金孵化器','纳金孵化器','6','纳金孵化器','纳金科技致力于聚集并整合各类科技创新资源，是一家集科技企业孵化器、风险投资、中介服务机构、技术产权交易和评估、高新技术产品展示和采购等业务于一体的综合性科技创新企业。','广东','',0,0,0,'','2019-04-22 13:20:49.609146',1),(31586,'眼专家','眼专家','31','眼专家','眼专家是一个眼科远程医疗服务平台，基层医生可通过远程阅片服务将患者病历提交给专家协助做出临床诊断，并通过“无缝集成全保真医学影像及音视频交互实时会议”与专家医生进行异地会诊，对比患者历史病历记录和不同检查项目记录，依托人工智能图像处理系统，精准确诊患者病情。','北京','',0,3,0,'','2019-04-22 13:20:50.353481',1),(31588,'云深处科技','云深处科技','23','云深处科技','云深处科技是一家智能机器人产品研发商，专注于足式机器人产品开发和市场推广。其研制的“赤兔”四足机器人是国内首台可快速奔跑的四足仿生机器人。','浙江','',0,2,0,'','2019-04-22 13:20:51.309517',1),(31589,'百济神州','百济神州','31','百济神州','百济神州是一家抗肿瘤药物研发商，专注于开发癌症治疗的创新分子靶向和免疫肿瘤药物。自主研发的强效高选择性PARP抑制剂BGB-290在已开展I期临床研究，PD-1单抗BGB-A317已获CFDA认证，隶属于百济神州（北京）生物科技有限公司。','北京','',0,25,0,'','2019-04-22 13:20:51.655308',1),(31590,'寰图','寰图','6','寰图','ATLAS寰图是一家共享办公场地运营商，专注于甲级写字楼的运营，融合了健身房室内高尔夫球会、咖啡厅、时尚餐厅、SPA、花店等元素，提供不同类型及规模的办公室及会员服务，满足处于各发展时期的企业多样的办公需求。','广东','',0,26,0,'','2019-04-22 13:20:52.071235',1),(31591,'焱融云','焱融云','6','焱融云','焱融云是一家超融合架构解决方案提供商，致力于新一代软件定义数据中心相关领域应用的推广与产品研发，旗下自主研发了全栈的软件定义产品包括超融合存储、超融合私有云、超融合云桌面，涵盖金融、物联网、智慧交通、广电、教育等领域。','北京','',0,3,0,'','2019-04-22 13:20:52.381885',1),(31593,'建龙微纳','建龙微纳','23','建龙微纳','建龙微纳是一家吸附类分子筛产品研发商，该公司的产品包括制氧类分子筛、制氢类分子筛、普通分子筛、分子筛活化粉、分子筛原粉、天然气干燥和分离分子筛等，同时公司为用户提供相关技术咨询服务等。','河南','',0,27,0,'','2019-04-22 13:20:53.346276',1),(31595,'海钰生物','海钰生物','31','海钰生物','海钰生物是一家保健药物研发商，涉及医药中间体、保健营养品、功能性化妆品等领域，利用高精尖检测设备，研制出硫酸软骨素、葵玛利健压片糖、增加骨密度胶、清塘荷韵、胶原蛋白囊等系列产品。','山东','',0,26,0,'','2019-04-22 13:20:54.049939',1),(31596,'鲜丰水果','鲜丰水果','32','鲜丰水果','鲜丰水果是一个水果零售连锁品牌，通过与水果种植基地深度合作，直接参与基地优培、水果优选、精细储运各环节，进行冷链配送；旗下拥有鲜丰水果、阿K果园子、水果码头、杨果铺、鲜果码头五大品牌。','浙江','',0,7,0,'','2019-04-22 13:20:54.439956',1),(31598,'矿石网络','矿石网络','6','矿石网络','矿石网络是一个基于DHT和区块链的虚拟互联网络，将运营商提供的复杂网络环境和每个用户的计算资源抽象整合为一个巨大的虚拟计算资源池，提供API以实现完全去中心化的App，开发者可以在自己的计算机上，或者每个节点（用户）上构建、启动网络服务。','江苏','',0,0,0,'','2019-04-22 13:20:55.527062',1),(31599,'根力多','根力多','7','根力多','根力多是一家微生物肥料生产商，公司主营业务是微生物肥料的研发、生产和销售。主要产品包括生物蛋白缓、控释肥、生物聚能肥、生物有机菌肥、水溶肥等微生物肥料。目前公司已有多项成果获得国家、河北省科技进步奖,并于2012年获得了国家重点新产品证书。','河北','',0,26,0,'','2019-04-22 13:20:55.849517',1),(31601,'曜立科技','曜立科技','31','曜立科技','曜立科技（北京）有限公司于2015年在北京成立，汇聚医疗、大数据、人工智能等多领域的国内外一流人才，全面进入医疗信息数据科技领域。曜立专注于医疗数据处理技术创新，融合人工智能、大数据等多方前沿科学技术，解决医疗数据处理与使用的行业性难题。以多元、合作的团队精神，不断超越自己，为客户提供更有效、更便捷、更可行的医疗数据处理服务与一站式解决方案。','北京','',0,3,0,'','2019-04-22 13:20:56.520951',1),(31602,'天下拉手','天下拉手','6','天下拉手','天下拉手一个数据化商业运营平台，建立了DPS和SPP，根据用户所在的不同场景，给其匹配相应的供应商，并在天下拉手的APP、小程序或者微信公众号内，推送相应的服务和商品，除了帮品牌做露出，用户还可在产品内部直接完成交易闭环。','北京','',0,2,0,'','2019-04-22 13:20:56.929706',1),(31603,'零壹空间','零壹空间','23','零壹空间','零壹空间OneSpace是一家主打航天器的科技公司，打造“中国版Space X”，目前正专注于第一款低成本小型运载器的研制、设计及总装，主营业务是为商用微小卫星等小型航天器提供专享发射服务。','北京','',0,5,0,'','2019-04-22 13:20:57.650489',1),(31604,'发斯特精密','发斯特精密','23','发斯特精密','发斯特是一家精密仪器生产商，公司集镁铝锌合金压铸制造、通信产品研发制造、自动化设备研发制造为一体，旗下产品包括镁合金平板支架、光谱分析仪、半自动点银胶设备、激光切割机等。','广东','',0,2,0,'','2019-04-22 13:20:58.013501',1),(31606,'爱库存','爱库存','32','爱库存','爱库存是一个微商代购分销平台；该平台由品牌方提供货源，代购微商提供众包“客服、销售、售后、发货”等服务；分销商通过在平台直接转发商品信息到微信朋友圈，进行销售，用户下单时会跳转至该平台进行下单购买。','上海','',0,7,0,'','2019-04-22 13:20:58.793709',1),(31608,'蜂窝互联','蜂窝互联','6','蜂窝互联','蜂窝互联是一家数字货币挖矿服务提供商，提供数字货币矿机，数字货币矿场、区块链云算力等服务。','北京','',0,0,0,'','2019-04-22 13:21:01.074342',1),(31609,'51赞','51赞','6','51赞','51赞是一款专用于CRM系统的移动营销管理APP，能够帮助商家连接不同平台、不同渠道的用户，并自动进行分类打标、细化用户关系，同时自动将用户同步到移动社交软件中沉淀，从而进行高效营销转化，因此可以有针对性的进行用户管理。','上海','',0,3,0,'','2019-04-22 13:21:01.479318',1),(31610,'祺鲲科技','祺鲲科技','3','祺鲲科技','祺鲲科技是一家专注金融业的企业级移动互联服务商，致力于以“云+网+端”模式，为金融企业打造安全高效、以理财师为中心的移动销售管理平台。基于卓越的移动互联、大数据及云计算，为金融、互联网金融类企业提供信息平台技术服务，旨在将移动互联、终端订制、企业信息系统、后台云中心及大数据分析和运营服务串连起来，以租赁和服务费收取的方式服务于企业。','上海','',0,8,0,'','2019-04-22 13:21:01.922395',1),(31611,'三立人','三立人','32','三立人','三立人是一家无感标签内衣品牌，旗下拥有4大生态链品牌，内衣品牌 Bananain 蕉内；先锋设计机构Bananain LAB蕉内实验室；机能保暖内衣品牌Heatskin热皮；以及机能运动内胆品牌MOVESTECH 移技。','广东','',0,2,0,'','2019-04-22 13:21:02.325328',1),(31612,'kalamodo','kalamodo','30','kalamodo','苏州意能通信息技术有限公司是一家智能语音系统研发商，基于搜索引擎、机器学习、深度学习、大数据分析等技术，研发了一款智能蓝牙耳机，可通过语音交互，帮助用户安排日常生活、工作，广泛应用于机器人、智能家居、可穿戴设备等智能硬件。','江苏','',0,4,0,'','2019-04-22 13:21:02.689515',1),(31613,'东方百纳','东方百纳','6','东方百纳','东方百纳是一家关于品牌营销策划与整合设计的公司，主要为中国企业担纲品牌诊断、品牌定位、品类创新、营销策划、品牌设计、品牌文化、广告创意、产品推广、事件营销、公关活动等品牌与营销活动的整合策划、总体执行及后续传播。','湖北','',0,0,0,'','2019-04-22 13:21:03.076371',1),(31614,'标顶技术','标顶技术','23','标顶技术','标顶技术是一家风源系统研制企业，具有较完备的生产设备和检测手段，拥有微机控制的全自动空压机综合性能试验台，液压驱动空压机试验台，压力控制元件性能试验台，温度控制元件性能试验台，阀类零件性能试验台，空压机综合性能试验台、空气干燥器综合性能试验台、风源系统综合性能试验台。','广东','',0,7,0,'','2019-04-22 13:21:03.520678',1),(31615,'华伯仪器','华伯仪器','23','华伯仪器','华伯仪器是一家光伏自动化设备与高端装备生产制造商，主要为用户提供测试系统快速集成实施服务、为光伏产业化提供持续的技术保障，主要产品包括硅片超声波清洗设备、制绒设备、扩散炉、电池片等离子体化学气相沉积设备、焊接设备等。','江苏','',0,4,0,'','2019-04-22 13:21:03.851093',1),(31616,'化学加网','化学加网','6','化学加网','化学加网是一个化学化工产业资源供需及整合平台，致力于通过互联网、移动互联网模式、工具，充分发挥大数据优势，对垂直细分领域的化学化工、医药日化产业的相关资源要素，进行互联网化精准匹配、供需整合、价值最大化。','广东','',0,3,0,'','2019-04-22 13:21:04.229130',1),(31617,'VAT','VAT','6','VAT','VAT是一家VR航空训练系统研发商，将VR技术与飞行程序结合，通过虚拟现实与运动平台或其他外设装置联动，重现飞机驾驶舱、国内机场等场景，为受训人员提供沉浸式训练环境，主要用于飞行员培训、乘务员培训、应急训练等。','广东','',0,2,0,'','2019-04-22 13:21:04.630648',1),(31618,'无用之美','无用之美','23','无用之美','空前科技是一家智能无线充电设备研发商，旗下主要产品包括无线充电鼠标垫、双向无线充电宝、多设备无线充电器、无线车载设备、无线插排及无线墙插、咸鱼充电共享充电底座等。','湖北','',0,1,0,'','2019-04-22 13:21:05.002072',1),(31619,'新锐化学','新锐化学','32','新锐化学','新锐化学是一家化学产品供应商，主要产品有碳酸丙烯酯、丙二醇、碳酸二甲酯、二氯甲烷、苯胺、聚合氯化铝、聚丙烯酰胺等，致力于为上下游产业链条上的终端用户及经销商提供化工品采购一站式服务。','山东','',0,2,0,'','2019-04-22 13:21:05.494691',1),(31620,'9Xi结婚','9Xi结婚','20','9Xi结婚','久禧科技是一家一站式婚嫁服务提供商，依托大数据和资源整合，以“内容平台+产品+智能化+互联网服务”四大业务板块为构建，致力于打造全品类、一站式的结婚服务品牌。','北京','',0,2,0,'','2019-04-22 13:21:05.903659',1),(31622,'钢谷网','钢谷网','32','钢谷网','钢谷网是一家以钢铁线上交易服务为主的B2B第三方电商平台，通过自建机房、服务器，投资兴建数码仓库，借助第三方支付平台，采用大数据、云计算、物联网等技术手段，为钢厂、钢贸商、用钢企业等合作机构，提供钢市行情、现货交易、众筹采购、供应链金融、数码仓库、运输抢单、集合竞价、大数据分析等全产业链互联网服务。','陕西','',0,26,0,'','2019-04-22 13:21:06.586825',1),(31623,'贝亿医学国际','贝亿医学国际','31','贝亿医学国际','北京贝亿医疗器械有限公司是集研发、生产、经营高科技医疗设备于一体的高新技术企业，其独创的TTM技术已在医学领域得到广泛的研究和应用，公司1995年成立，经过坚持不懈的努力，在医学影像领域达到了世界领先水平。','北京','',0,4,0,'','2019-04-22 13:21:07.101607',1),(31625,'哈工大服务机器人','哈工大服务机器人','23','哈工大服务机器人','哈工大服务机器人是一个机器人研发制造商，主要从事工业机器人、服务机器人、特种机器人、智能云机器人、新兴智能装备、智慧工厂项目及相关技术转让、技术咨询、技术服务等。','黑龙江','',0,2,0,'','2019-04-22 13:21:07.973513',1),(31627,'YOJA','YOJA','20','YOJA','YOJA是一个美甲品牌，其最大的特色便是其自主研发的智能美甲机，通过无线连接，利用热能技术（打印）、高清晰摄像头及红外定位等技术来对美甲进行彩绘，消费者可选择或设计任意图案，打破了人工美甲图案限制并且缩短了美甲时间。','广东','',0,4,0,'','2019-04-22 13:21:08.699454',1),(31628,'凯翼汽车','凯翼汽车','27','凯翼汽车','凯翼汽车是一家智能互联汽车制造商，专注于从事汽车整车的研发与设计，旗下产品涵盖轿车、SUV、MPV、CROSS等。此外，还为用户提供上门取送车保养、维修优先通道、24小时道路救援、免费车辆检测等服务。','安徽','',0,26,0,'','2019-04-22 13:21:09.066576',1),(31630,'深视信息科技','深视信息科技','30','深视信息科技','深视信息科技是一家计算机视觉感知技术研发及应用商，研究领域涉及基于深度网络的目标检测、识别，包括行人检测、人脸检测、行人再识别、人脸匹配、人体行为分析、姿态估计等。技术主要应用在金融及安全等行业。','上海','',0,2,0,'','2019-04-22 13:21:09.924067',1),(31631,'园钉','园钉','11','园钉','园钉是一家教学系统研发商，推出了面向日常考勤、家庭作业、批阅作业以及考试与评价的大数据教学系统，提供“家长互动、日常管理、教学备课”等服务，减轻教师工作量，提高工作效率。','北京','',0,4,0,'','2019-04-22 13:21:10.260748',1),(31633,'圆周率科技','圆周率科技','3','圆周率科技','圆周率科技是一个测绘勘察设计行业数据安全服务商，拥有自主知识产权的测绘数据安全产品，其技术源自武汉大学测绘遥感信息工程国家重点实验室，公司专注于测绘勘察设计行业的数据安全领域。','湖北','',0,4,0,'','2019-04-22 13:21:10.985895',1),(31635,'1more万魔声学','1more万魔声学','23','1more万魔声学','加一联创（1more，2015年更名为万魔声学）是一家专注于手机数码配件研发、生产的电子科技公司，产品包括耳机、电源等，隶属于加一联创电子科技有限公司。','广东','',0,13,0,'','2019-04-22 13:21:11.904769',1),(31636,'叠境数字','叠境数字','6','叠境数字','叠境数字是一家光场内容技术服务商，致力于将光场技术和人工智能研究成果应用到虚拟现实、增强现实、3D成像等领域，为企业提供一整套以光场采集、处理、显示为核心解决方案。','上海','',0,4,0,'','2019-04-22 13:21:12.237887',1),(31639,'德泽机器人','德泽机器人','23','德泽机器人','德泽机器人是一家机器人室内定位系统解决方案供应商，专注于提供视觉定位导航产品、特种智慧机器人解决方案，隶属于杭州德泽机器人科技有限公司。','浙江','',0,4,0,'','2019-04-22 13:21:13.514981',1),(31640,'和正医药','和正医药','31','和正医药','和正医药致力于缓控释制剂为主的高端剂型开发，同时从事创新药和仿制药制剂及合成工艺开发，是一家集创新药物研发、技术转让、技术咨询与服务、产品生产与销售为一体的高科技企业。','浙江','',0,4,0,'','2019-04-22 13:21:13.849152',1),(31642,'腾云慧城','腾云慧城','6','腾云慧城','腾云慧城是腾讯投资创立的一家打造智慧城市的资产运营管理平台，公司致力于为平衡城市发展需求和行业应用提供解决方案和服务，填补城市不动产资产管理空白领域，打造智慧城市的资产运营管理平台。','湖北','',0,2,0,'','2019-04-22 13:21:14.612929',1),(31645,'壹号餐桌','壹号餐桌','32','壹号餐桌','壹号餐桌是一个集养殖基地、屠宰、冷库、防疫、包装以及物流于一体的农产品供应链服务平台，上海满口香电子商务有限公司旗下。','上海','',0,4,0,'','2019-04-22 13:21:15.890497',1),(31647,'云兴维智','云兴维智','6','云兴维智','云兴维智是一家运维监控服务软件开发商，致力于为企业数据中心和在线系统提供可大规模运行的数据系统，并在此基础上引入数据分析和人工智能以提供运维监控功能，可针对客户需求提供定制系统服务。','北京','',0,4,0,'','2019-04-22 13:21:16.795035',1),(31652,'上方网络','上方网络','6','上方网络','上方网络是一家专注互联网电子商务的服务型公司，主要从事互联网项目的开发与销售，其业务包含软件开发，网站定制，大型互联网项目建设，创新项目支持，网络营销全套服务等。','广东','',0,0,0,'','2019-04-22 13:21:19.055698',1),(31653,'海斯波迪','海斯波迪','7','海斯波迪','海斯波迪（前身为中绿康肽）是一家保鲜技术研发公司。可以针对不同的果蔬种类，或是客户的特定需求，对不同种类的抗菌肽进行配比，达到最优的防腐效果。','陕西','',0,2,0,'','2019-04-22 13:21:19.485005',1),(31654,'泰铂科技','泰铂科技','6','泰铂科技','泰铂科技是一家车用空调系统供应商，专注于汽车电动空调及热管理系统技术、汽车空调节能系统技术、电子控制技术产品的研发、生产和销售。','上海','',0,27,0,'','2019-04-22 13:21:20.030117',1),(31655,'A便利','A便利','20','A便利','A便利是一家动态定价的智能便利店，系统会根据消费者在不同时间、天气等众多因素下的需求差异，结合企业的自身供应能力，运用在线算法，自动实现以不同的价格将同一产品适时地销售。深圳无境创新科技有限公司旗下。','广东','',0,3,0,'','2019-04-22 13:21:20.367282',1),(31656,'盛世泰科','盛世泰科','31','盛世泰科','盛世泰科是一家小分子药物研发商，从1类新药研发、2类闪释制剂平台到3类药开发梯队，囊括了针对癌症、糖尿病、精神类疾病、罕见病等多种适应症的产品线。','江苏','',0,4,0,'','2019-04-22 13:21:20.791982',1),(31657,'IND4汽车人','IND4汽车人','11','IND4汽车人','IND4汽车人是国内第一批主张知识变现的互联网企业，早在2015网站第一个版本就上线了付费问答功能。目前IND4汽车人已经发展成为聚焦汽车行业的全媒体、跨平台知识电商。为行业的知识群体提供视频形式的云课堂，公开求助形式的付费问答，单对单的线上专家咨询，私密性极强的悄悄问以及即将上线的言传声教，大咖小灶等产品。充分满足汽车知识群体快速高效知识交互的需求。','江苏','',0,3,0,'','2019-04-22 13:21:21.121314',1),(31659,'微课之家','微课之家','11','微课之家','武汉均衡教育科技有限公司是一家专注于教育行业信息化的高科技企业。公司提供的全套基于微课、翻转课堂的教学服务解决方案已经服务于全国2000多所中小学。 迄今为止，公司获得发明专利技术1项，软件著作权4项，软件产品3项。是国家认定的双软企业、高新科技企业。 公司60%的人员为技术研发人员，可持续不断为用户提供优质、前沿的教育信息化解决方案，同时在全国15个省市建立自己的服务队伍。为广大用户提供权威、优质、及时的解决方案服务。 武汉均衡教育科技有限公司致力于在未来3年，成为中国领先的教育信息化解决方案服务公司。','湖北','',0,3,0,'','2019-04-22 13:21:22.140249',1),(31661,'医通健康','医通健康','31','医通健康','上海好医通健康信息咨询有限公司成立于2009年，总部位于中国上海。是中国领先的第三方健康管理中外合资服务机构，是集健康检测、就医服务、健康驿站、健康产品于一体的健康管理服务集成商。截至2016年，已向超过5000家企业提供了专业健康管理服务，其中200家是国内外大中型企业。累计服务客户逾千万人次。','上海','',0,7,0,'','2019-04-22 13:21:22.984920',1),(31662,'企加云','企加云','6','企加云','企加云是一家新零售解决方案提供商，致力于为泛零售企业及传统企业提供新零售落地方案，实现互联网数字化转型。为企业提供全渠道会员养成方法论咨询培训等一站式解决方案，并提供企业IT云化、营销投放等多项增值业务，帮助建设数据管理中台，实现用户数据的全生命周期管理和智能预测等。','浙江','',0,4,0,'','2019-04-22 13:21:23.376397',1),(31663,'AccutarBio冰洲石生物科技','AccutarBio冰洲石生物科技','31','AccutarBio冰洲石生物科技','AccutarBio冰洲石生物科技是一家靶向治疗服务提供商，致力于通过AI技术提高筛选药物准确性和效率，打造算法平台，加速新一代药物开发。','上海','',0,4,0,'','2019-04-22 13:21:23.884536',1),(31665,'研修社','研修社','20','研修社','公司前身是一家经营了9年的社区3C连锁店，业务范围涵盖3C产品维保、零售、WEB开发、APP开发等。从17年3月份开始，我们就开始了电子产品O2O维保创业，实践和思考至今，我们选定了未来的专注重点：做一家有温度的OMO品牌社区连锁3C店。','江苏','',0,0,0,'','2019-04-22 13:21:24.761868',1),(31666,'驿氪科技','驿氪科技','6','驿氪科技','驿氪科技是一家聚焦于零售、快消、生活服务领域的移动互联网CRM平台，致力于为品牌商和零售商提供以本地化营销互动（LSM）平台为核心的产品、服务和解决方案。','上海','',0,7,0,'','2019-04-22 13:21:25.122616',1),(31667,'文启优思','文启优思','11','文启优思','文启&middot;优思&mdash;&mdash;高端课后第三空间，80后上海交大精英创立，背靠上海最大在校大学生优思家教平台，带领名校大学生励志颠覆小学生传统课后应试补习机制！ 为了研发适合中国小学生的课后成长解决方案，引进美国先进的STEAM教育理念、PPTT四步时间管理法，结合现代美式多功能活动空间，全新打造中国After School非正式课堂。我们通过周中学霸导师对孩子的课业督导，拓展活动提升基础能力，再利用益智、动手、记忆、思维、欣赏等不同类型的天赋游戏进行观察及数据收集分析，运用在线积分系统引导并激发动力、毅力、思维力、创造力和社交力5大核心能力，挖掘每个孩子的天赋！让所有家庭不再为孩子的成长而烦恼！','上海','',0,4,0,'','2019-04-22 13:21:25.642771',1),(31668,'墨云科技','墨云科技','6','墨云科技','墨云科技是一家虚拟黑客安全服务商，专注于为客户提供7*24的持续性安全验证服务，针对移动互联网、车联网、物联网，利用人工智能和机器学习的方式对其的数据进行持续性安全验证，在被黑客攻击前修复数据泄漏的问题。','北京','',0,26,0,'','2019-04-22 13:21:26.029678',1),(31669,'宇德科技','宇德科技','6','宇德科技','宇德科技是一家致力于向最广泛的制造业、工程建设业、教育、提供卓越的数字化软件服务及网络安全解决方案的公司。公司已成功为汽车、机械、电子、电器、冶金、仪器仪表、建筑、土木工程等行业的领头企业提供从设计、分析到管理的一体化解决方案。','湖南','',0,27,0,'','2019-04-22 13:21:26.448730',1),(31670,'殿元教育','殿元教育','6','殿元教育','殿元教育是一家由国家人社部授权的外汇技能培训的机构，致力于职业外汇交易员的培养，公司分设技能培训中心、资产管理中心和技术研发中心三个部门。','浙江','',0,2,0,'','2019-04-22 13:21:26.958879',1),(31671,'之间文化/ 湖南茉莉文化','之间文化/ 湖南茉莉文化','13','之间文化/ 湖南茉莉文化','之间文化是一家综艺制作+整合营销公司，致力于以内容为入口，打通生活方式相关的产业链，在各环节变现；制作了《女神的新衣》节目。','湖南','',0,2,0,'','2019-04-22 13:21:27.315769',1),(31672,'七公主科技','七公主科技','32','七公主科技','公司现有员工10人，全部做市场推广工作。运营的团利网app是全国性的团购平台，是目前唯一一家可以实现实体店跨界盈利的平台，真正实现了助力实体企业的转型，达到人人参与，团结互利的局面','辽宁','',0,7,0,'','2019-04-22 13:21:27.669080',1),(31673,'全视云安','全视云安','6','全视云安','全视云安是一家从事于云安全市场领域企业，“全视云安”是一款基于深度学习为企业提供云安全的产品，通过企业使用的云应用进行全维度安全分析，提取准确的安全态势模型，从而实现对企业数据和系统的监控，报警。','北京','',0,2,0,'','2019-04-22 13:21:27.993874',1),(31674,'小猪加油','小猪加油','27','小猪加油','小猪加油是以车主为用户核心、以加油站服务为节点、介入金融产品工具带来收益的综合型服务应用，目前包含线上APP和微信小程序等服务端、线下加油站合作运营端和综合服务端三个内容主体构成，北京中荣汇联网络科技有限公司旗下。','北京','',0,2,0,'','2019-04-22 13:21:28.388369',1),(31675,'现现','现现','2','现现','纬沃科技（VillWill）成立于2016年，是一家国际化的数字内容制作及项目策划运营机构，注册资金500万 现有员工8人，均具备多年相同和相关领域的制作管理经验.本公司立足于科技化商业应用模式，在新时代互联网日趋成熟的大背景下，完成AI，ARVR,人像识别等科技手段在电商，新营销，娱乐社交，展览展示，教育等多维度的产业模式升级应用。拥有境外人脉人才资源优势，扩展海外项目运营落地和数据整合。','上海','',0,2,0,'','2019-04-22 13:21:28.966866',1),(31676,'雅莉卡','雅莉卡','31','雅莉卡','广州雅莉卡科技有限公司专注于为智慧病理提供服务和产品。 雅莉卡自主研发和拥有知识产权的病理精益工作流程和信息管理系统，集病理信息管理、病理全流程质控和病理精益作业解决方案等多重功能于一体，是新一代创新型产品。雅莉卡人工智能结核杆菌辅助筛查系统将于2018年2月份推出第一代产品，其他系列疾病的病理人工智能辅助诊断系统也在紧锣密鼓研发中。 雅莉卡的远期目标是以信息管理平台为基础，打造人工智能辅助诊断、病理云服务、病理生物银行和病理大数据相关产业链开发的服务和运营体系，为智慧病理助力，为医疗发展和人类健康事业努力奋斗。','广东','',0,3,0,'','2019-04-22 13:21:29.445879',1),(31677,'同强商厨','同强商厨','23','同强商厨','同强商厨是一家商用厨房设备制造商，集研发设计、制造加工、销售服务于一体，为客户提供工程设计、设备配套、生产、安装、售后服务的整体解决方案。','湖北','',0,27,0,'','2019-04-22 13:21:29.816868',1),(31679,'云车邦物流','云车邦物流','25','云车邦物流','云车邦是我公司利用互联网技术解决物流运输中车货匹配信息的服务平台。 终端用户上“云车邦”直发网随时随地找车找货，省去了东跑西跑、四处打探的烦恼和繁琐过程，还没有中间商赚差价。 “云车邦”物流运输服务的应为终端用户货主、司机，而非中间商信息部人员与司机，故直接从干线、同城的整车公路物流切入，最终服务领域将涵盖整个物流供应链的终端用户。','四川','',0,2,0,'','2019-04-22 13:21:30.589169',1),(31680,'鲸装房','鲸装房','32','鲸装房','鲸装房主要为别墅、豪宅、精装房装修设计，园林景观，建材家具，智能家居，房地产交易的一站式服务平台。将结合物联网，工厂定制模式，提供线上线下的整体解决方案，线上大数据共享，结合线下体验店服务。采取合伙人制的商业模式，共享经济。招募有建筑装修相关资源及经验的伙伴人，招商有资金、作为事业投资的人；本公司提供产品供应链系统，线上线下客户引流，品牌渠道的建设。','福建','',0,1,0,'','2019-04-22 13:21:31.103169',1),(31681,'易鑫集团','易鑫集团','27','易鑫集团','易鑫集团是国内专业的汽车金融交易平台，成立于2014年8月，2017年11月16日在香港联合交易所上市，成为互联网汽车金融交易平台第一股，股票代码：02858.HK，易鑫股东包括腾讯、京东、百度、易车等重量级战略投资人。易鑫集团依托“人+车”数据库优势，打造便捷、安全的一站式汽车金融交易平台，通过自营和助贷的方式为消费者提供购买新车和二手车的融资服务。','北京','',0,22,0,'','2019-04-22 13:21:31.492473',1),(31682,'环球航通','环球航通','6','环球航通','环球航通是民用航空宽带通信和信息服务提供商，目前已经建成覆盖全球的机载宽带通信网络，能为乘客提供客舱宽带上网、商旅服务和娱乐服务，同时也能够为航空公司提供飞行相关的数据通信服务。','北京','',0,0,0,'','2019-04-22 13:21:31.844159',1),(31684,'安晟医疗','安晟医疗','31','安晟医疗','安晟医疗是一家肿瘤射频微创产品提供商，覆盖肿瘤微创、外科微创等领域，自主研发了射频、微波消融针、消融治疗仪以及超声刀等数款产品。','江苏','',0,4,0,'','2019-04-22 13:21:32.668943',1),(31685,'一道风景','一道风景','32','一道风景','一道风景，品质园林（苗木）搜索平台。 一道风景，是全球首创的园林（苗木）搜索平台，也是中国领先的苗木交易平台；隶属于一道风景生态科技有限公司。 一道风景自成立以来，全力开拓全球园林苗木市场，并独立研发一站式园林苗木搜索交易系统，致力于提供园林苗木行业领先的电子商务交易，同时专注于苗木搜索的一站式和个性化服务，并拥强有力有线上和线下推广，为园林苗木垂直市场的电商交易带来新的活力。','上海','',0,2,0,'','2019-04-22 13:21:33.242032',1),(31686,'我学直播','我学直播','11','我学直播','杭州浙公教育咨询有限公司成立于2013年，总部位于人文气息浓厚的杭州下沙大学城，是一家专注于计算机和现代网络技术在中小学教育领域应用的高科技公司。网络和计算机的发展，为人类获取知识的方法带来了一场革命，浙公坚信网络学习将成为未来学习的重要方式，经过多年的准备和研发，推出了在技术和质量上都在国内互联网教育领域处于领先地位的我学网智能全科学习平台和我学直播平台，让全国的中小学生不论在城市还是农村，享受到便捷又高效的高质量在线课程辅导。使每一个学生都能轻松学习，取得更好的成绩。现在已在杭州、宁波、温州、金华、台州、丽水、衢州、舟山设立分校，累积学生数量过万人。','浙江','',0,3,0,'','2019-04-22 13:21:33.631192',1),(31687,'科迪智能','科迪智能','6','科迪智能','科迪智能是一家自动化控制系统软件研发商，致力于为自来水和污水处理行业客户提供集系统集成、软件开发、定制化方案设计、运营维护服务为一体的全面解决方案。','湖北','',0,27,0,'','2019-04-22 13:21:34.036686',1),(31688,'木德木作','木德木作','32','木德木作','木德木作是一家全屋家具个性化定制服务商，初期以厨柜及定制家具的OEM代工业务为主，而后转型前店后厂的“工厂店”直销模式、提供一站式家具定制服务。','湖北','',0,3,0,'','2019-04-22 13:21:34.396123',1),(31689,'易航智能','易航智能','30','易航智能','长春易航是一家智能驾驶科技公司，专注于提供智能驾驶解决方案，业务包括汽车动力学软件、汽车控制系统软件开发及销售，实现Autopilot产品化的自动驾驶，已正式成为主机厂自动驾驶Tier 1供应商。','吉林','',0,7,0,'','2019-04-22 13:21:34.762393',1),(31693,'汉邦生物','汉邦生物','23','汉邦生物','汉邦生物主要从事生物多糖高分子环保材料的研发、生产和销售，主导产品包括高效污泥脱水剂、绿色生物高分子抑尘剂以及高效生物絮凝剂。','山东','',0,27,0,'','2019-04-22 13:21:36.598157',1),(31694,'创举科技','创举科技','23','创举科技','创举科技是一家化工分离技术和装备的研发商，从事化工分离技术和装备的研发、化工分离工程设计、化工塔器成套设备制作、企业技术改造的总包等工作。','天津','',0,27,0,'','2019-04-22 13:21:37.055093',1),(31695,'电咖汽车','电咖汽车','27','电咖汽车','电咖汽车是一家具备互联网思维，集纯电动汽车研发、制造、销售、服务于一体的新能源汽车企业，致力于打造智能智联的电动汽车生态生活方式，隶属于北京电咖汽车科技有限公司。','北京','',0,3,0,'','2019-04-22 13:21:37.712456',1),(31697,'偶数科技','偶数科技','6','偶数科技','偶数科技是一家数据管理服务提供商，专注于为国内外企业提供云平台上的数据管理服务，通过云计算服务和大数据分布式系统为用户管理数据资料，满足企业用户应对大数据管理以及数据分析的需求，隶属于北京偶数科技有限公司。','北京','',0,4,0,'','2019-04-22 13:21:38.436237',1),(31699,'飞选酒店预订','飞选酒店预订','2','飞选酒店预订','厦门今日旅行网络科技有限公司以“飞选酒店预定平台”为载体， 通过打造自由交易平台实现了买卖双方实时在线沟通，打破了现有酒店在线预订的价格体系，通过预订过程全程1V1服务，有效提升了酒店预订过程的体验。','福建','',0,2,0,'','2019-04-22 13:21:39.193995',1),(31700,'UNIZ由你造','UNIZ由你造','23','UNIZ由你造','UNIZ由你造是一个3D打印设备及材料品牌，专注于高精度立体光固化SLA-3D打印机及其专用打印耗材的研发。目标市场客户为个人创意、设计公司、大中院校教育和非介入医疗。隶属于北京金达雷科技有限公司。','北京','',0,4,0,'','2019-04-22 13:21:39.878172',1),(31701,'掌上辅材','掌上辅材','32','掌上辅材','掌上辅材是一家装修辅材B2B商城，平台直接对接厂商或一级供应商把常用的千余种建筑辅材进行采购入仓，用户通过掌上辅材的公众号、app、网页和400电话在平台上下订单之后，掌上辅会派专业团队跟进，确认货品、价格、规格等信息，完成后掌上辅材会从自已的仓库发货，并负责物流运输，将辅材运送到工长指定位工地现场再进行结算，美材（武汉）科技有限公司旗下。','湖北','',0,3,0,'','2019-04-22 13:21:40.294957',1),(31702,'优天下','优天下','32','优天下','优天下是一家电子商务系统软件开发服务商，提供电子商务系统解决方案、软件的定制研发、国内外高端软件的咨询实施与扩展开发以及电子商务系统运维服务。','北京','',0,27,0,'','2019-04-22 13:21:40.699319',1),(31705,'WAVE浪','WAVE浪','20','WAVE浪','WAVE浪是一个影院场景化的观众互动娱乐平台，目标定位16-25岁的青年观影群体，主做电影内容媒体、电影AR解决方案以及电影新零售等三块业务。','浙江','',0,2,0,'','2019-04-22 13:21:42.234187',1),(31706,'欧德雅','欧德雅','23','欧德雅','欧德雅是一家板式家具封边材料研发商，致力于高端封边材料研发、生产及销售，产品覆盖薄边系列、厚边系列、铝边系列和异型系列等，包括PVC、ABS、PP以及PMMA等封边材料。','广东','',0,26,0,'','2019-04-22 13:21:42.617297',1),(31707,'商桥物流','商桥物流','15','商桥物流','商桥物流是一个零担物流透明化管理平台，以自营、托管与加盟结合的形式，通过轻资产、强管理及重运营的方式快速形成以分拨中心为节点、为全国第三方中小微服务供应商开放服务的分拨中心网络。','上海','',0,5,0,'','2019-04-22 13:21:43.054673',1),(31708,'睿中实业','睿中实业','28','睿中实业','睿中实业是一家通信信息系统集成服务提供商，专注于轨道交通建设及运营维护，为通信、信号、供电系统提供监测、安装与防护类产品，以及通信信息系统集成和技术服务。','上海','',0,27,0,'','2019-04-22 13:21:43.380366',1),(31709,'红磨坊','红磨坊','32','红磨坊','红磨坊是一个农产品品牌孵化一站式平台，致力于打造自营农产品新零售供应链，提供优质农产品孵化包装推广，宜昌红磨坊生态农业开发有限公司旗下产品。','湖北','',0,5,0,'','2019-04-22 13:21:43.736927',1),(31711,'墨普打印（Moprint）','墨普打印（Moprint）','28','墨普打印（Moprint）','墨普打印是基于LBS及云存储服务，通过墨普打印客户端，结合线下公共区域部署的墨普打印终端及第三方合作方，帮助用户实现24小时自助打印文档、照片及购票打票的服务平台，并为客户提供印刷及印品等增值服务。','湖北','',0,3,0,'','2019-04-22 13:21:44.829399',1),(31713,'联梦医疗（医吖全品类医疗电商平台）','联梦医疗（医吖全品类医疗电商平台）','31','联梦医疗（医吖全品类医疗电商平台）','北京联梦新智慧电子商有限公司隶属联梦医疗。是一家集互联网+为主体，结合于医用医疗，家用医疗为核心，致力于打造医疗器械行业专业优质的集搜索，推广，采购，服务为一体的新型全品类医疗电商平台公司。旨在减少医疗器械流通环节，降低供应成本，提升整体供求服务效率！','北京','',0,0,0,'','2019-04-22 13:21:45.565901',1),(31715,'DreamMaker·造梦者/星月电器','DreamMaker·造梦者/星月电器','6','DreamMaker·造梦者/星月电器','DreamMaker·造梦者是一家专业开发环境类智能家电的科技型服务公司，运用物联网和人工智能等技术，产品有智能空气净化器、恒氧净化机、BlueTower空气塔等，隶属于浙江星月电器有限公司。','浙江','',0,26,0,'','2019-04-22 13:21:46.347228',1),(31717,'蚂蚁鲜生','蚂蚁鲜生','20','蚂蚁鲜生','蚂蚁鲜生是一家办公室鲜食柜运营服务商，在选品上主打“鲜食”，提供酸奶、便当、三明治、饭团以及寿司等产品，为办公室白领提供早餐、中餐和下午茶，夜宵等全天多时段场景的食物需求。','浙江','',0,2,0,'','2019-04-22 13:21:47.139088',1),(31718,'华博创科','华博创科','6','华博创科','华博创科是一家政务信息化解决方案提供商，主要为政府机构、大型企业、学校和社会组织等提供所需的应用平台、系统的软件开发和技术服务等综合信息化解决方案。','北京','',0,27,0,'','2019-04-22 13:21:47.536666',1),(31719,'117运动/终点网络','117运动/终点网络','13','117运动/终点网络','117运动(原名:蜂潮运动)是一款运动健身APP，包含双人对决、个人训练、极限运动等多种项目，是一个兴趣社交平台，致力于为用户提供更好的健身方案，隶属于杭州终点网络科技有限公司。','浙江','',0,6,0,'','2019-04-22 13:21:47.942568',1),(31720,'Seesaw Coffee','Seesaw Coffee','20','Seesaw Coffee','Seesaw Coffee是一个专注于精品咖啡及文化推广的连锁咖啡品牌，包括咖啡馆的建立、咖啡豆及咖啡相关器具零售，以及建立咖啡知识分享和咖啡专业技能培训的咖啡梦工厂和研究开发新品咖啡豆、意式拼配、单品咖啡和其他创意饮品等。','上海','',0,4,0,'','2019-04-22 13:21:48.393735',1),(31721,'会计汇','会计汇','11','会计汇','会计汇，致力于通过会计职业教育推动会计公信力的建设，服务于所有的会计从业者,是国家财政部《会计法》普查唯一指定平台，中国首席财务官俱乐部现有财务官1万余人。','北京','',0,3,0,'','2019-04-22 13:21:48.865364',1),(31722,'华筑科技','华筑科技','23','华筑科技','陕西华筑科技有限公司是专注智慧工地及智能硬件的公司，“双软”认定企业, 公司专注于施工现场软硬产品开发与应用。公司参与中建交通,中建八局,中建三局，中交等众多公司设备岗位应用标准。','陕西','',0,4,0,'','2019-04-22 13:21:49.261254',1),(31723,'好课多','好课多','11','好课多','好课多是专注于0-18岁婴幼、儿童及青少年教育培训领域，以“充分发掘孩子学习兴趣”为目标，以一体化技术和数据“帮助培训机构拓客招生、提升管理水平”的教育科技公司。好课多帮助用户甄选优质机构及课程，为孩子提供一站式兴趣学习体验服务，助力改善教育培训机构服务水平，为中国孩子构建适应未来的学习培训生态系统。','北京','',0,2,0,'','2019-04-22 13:21:49.663016',1),(31725,'银河水滴','银河水滴','30','银河水滴','银河水滴是一家步态身份识别系统研发商，专注于机器视觉和人工智能领域。通过提供的步态识别技术，可以打造生物特征识别功能，可应用于智能家居、机器人、安防、反恐等领域。','北京','',0,4,0,'','2019-04-22 13:21:50.326325',1),(31726,'趣直播/ 平方根科技','趣直播/ 平方根科技','11','趣直播/ 平方根科技','趣直播是一家知识性的收费直播平台，早期有经历分享、编程两个板块。未来希望能做成遍及各行各业知识分享的收费直播平台， 让更多的人能通过销售知识为生，更拼命地创造优质的内容来获得比上班更好的收入，也让用户们通过少额付费来获取更优质的内容。北京平方根科技有限公司旗下产品。','北京','',0,2,0,'','2019-04-22 13:21:50.793273',1),(31727,'五星传奇','五星传奇','13','五星传奇','五星传奇是一家纪实娱乐媒体内容制作机构，品牌整合传播服务商，致力于建设成为中国领先的以纪实娱乐媒体内容投资、制作和运营为主的综合传媒机构，以满足客户的娱乐需求。','北京','',0,19,0,'','2019-04-22 13:21:51.141129',1),(31729,'拍医拍/ 医拍智能','拍医拍/ 医拍智能','31','拍医拍/ 医拍智能','医拍智能（原名“拍医拍”）是一家专注于大数据的移动医疗初创企业，通过机器视觉交互获取用户的诊疗数据，勾画用户真实有效的“医疗图谱”，通过大数据挖掘，构建以患者为中心的医疗健康生态圈。北京医拍智能科技有限公司旗下产品。','北京','',0,4,0,'','2019-04-22 13:21:51.874430',1),(31731,'熟悉点','熟悉点','20','熟悉点','熟悉点的最终目标是在任何地方打开我们APP或者公众号我们都能显示附近所有商铺，包括银行，干洗店，理发店等等，通过我们平台可以点单，论坛，同城等，我们以免费为普及宗旨，走跟饿了么和美团完全不一样路线，（打个比方想去理发店，但不知道要不要排队，可以在我们平台查看理发店状态，点单预约，到店消费，并且评论机制知道好不好。）目前公司资金不足只能面对高校提供这样服务，慢慢就会覆盖全国，系统也在不断完善。','湖北','',0,0,0,'','2019-04-22 13:21:52.823765',1),(31732,'DeepBrain云大脑/义语智能科技','DeepBrain云大脑/义语智能科技','6','DeepBrain云大脑/义语智能科技','DeepBrain云大脑是一家机器人SaaS平台，专注于以NLP为核心技术的语音交互产品的研发与设计，主要为IOT硬件厂商以及APP开发者提供语义技能商店、AI人机对话引擎、机器人功能组件、大数据分析及家居互联服务5项服务。','上海','',0,4,0,'','2019-04-22 13:21:53.246934',1),(31734,'Hippo','Hippo','19','Hippo','Hippo是一款基于AR（增强现实）的社交及周边信息移动端应用程序。利用AR的方式把虚拟的社交信息和周边商家信息与实际街景相结合，提升了用户获取信息时的效率与体验。运用到了大量的3D建模、图像识别与追踪、实时移动计算、搜索及排序等技术。','广东','',0,2,0,'','2019-04-22 13:21:54.002838',1),(31735,'东日环保','东日环保','23','东日环保','东日环保是一家废弃物处理设备生产制造商，为城镇生活污水治理、工业废水废气治理、环保工程建设、咨询、环保设备的研发及销售。','广东','',0,27,0,'','2019-04-22 13:21:54.404835',1),(31736,'盟迪奥','盟迪奥','23','盟迪奥','盟迪奥是一家智能按摩保健器材研发商，专注于智能按摩保健器材的研发、生产及销售，主要经营家用颈椎治疗仪等多种类型的家庭健康护理类产品，致力于家庭用户提供舒适的健康护理体验。','广东','',0,27,0,'','2019-04-22 13:21:54.912083',1),(31737,'微客巴巴','微客巴巴','6','微客巴巴','微客巴巴是一家移动互联网软件开发及解决方案提供商，致力于移动互联网研发、应用、营销、服务为一体，已经形成微营销商城系统、微客巴巴平台、软件定制开发三个主要服务产品。','重庆','',0,27,0,'','2019-04-22 13:21:55.271574',1),(31738,'长街网','长街网','32','长街网','长街网是按照大流通市场现实供应链运行模式设计的第三方B2B交易平台，深耕于需要大量调配货物品种的大流通行业供应商和小B用户，如MRO、冻品、中草药、香料、汽配等。已有注册用户2万多户，分布在27个省市区近200个城市，展示产品超过15万件 特色：经销商对同行和用户的内外双价格报价及后台交易模式；供应链上游商团“价格俱乐部”；所有注册用户双向交易体系；B端用户应急采购特殊工具；独有模式解决多地域渠道下沉面临的线上线下贯通问题 安全：长街网不经手交易资金，银行作为第三方监管货款；特殊技术手段阻止内部价格被搜索；全部技术自主开发拥有。浦发银行和长街合作开发后将银行端作为电商服务产品推出，即“浦商赢”','山东','',0,3,0,'','2019-04-22 13:21:55.639494',1),(31739,'天隼图像','天隼图像','27','天隼图像','天隼图像以上海交通大学计算所为依托，专注于智能监控设备和模式识别算法的开发与研究，是国内图像处理行业中的新兴公司。','北京','',0,2,0,'','2019-04-22 13:21:56.079801',1),(31740,'驭势科技','驭势科技','27','驭势科技','驭势科技(驾驭趋势科技)是一家为汽车品牌提供无人驾驶解决方案的公司，致力于打造汽车界的“Intel Inside”。','北京','',0,4,0,'','2019-04-22 13:21:56.428282',1),(31741,'云端智度','云端智度','6','云端智度','云端智度是一个定位于中立的融合云平台，聚合各类渠道（云厂商、CDN厂商、IDC厂商）的计算、存储、流量带宽资源，打造综合资源云平台，为客户提供CDN流量带宽调度，计算能力弹性伸缩，存储资源多点服务。','北京','',0,4,0,'','2019-04-22 13:21:57.104012',1),(31742,'Color Art','Color Art','11','Color Art','Color Art是一家儿童美术培训机构。针对3-9岁儿童，以小班制模式进行授课，通常是1对8或1对6。从美术色彩和美术造型两个维度教授色彩、线条的运用、构图原理等。','北京','',0,2,0,'','2019-04-22 13:21:57.534890',1),(31744,'递名片','递名片','19','递名片','微名天下目前以微信小程序“递名片”为载体，为用户提供电子名片制作，各场景中的名片收发，以及名片信息管理功能。并以此为切入点，搭建商务社交网络，后期将通过数据分析为用户提供精准的商业分析及推荐。','北京','',0,4,0,'','2019-04-22 13:21:58.270216',1),(31745,'物流一起吧','物流一起吧','6','物流一起吧','“物流一起吧智慧云平台”属于成都骥子龙文信息科技有限公司旗下产品，立志成为引领物流行业变革者，互联网+”高效物流的踏实践行者，致力于提升中国数十万家物流公司的信息化水平。借助协同型物流云SaaS平台+移动端产品，解决从开单到签收全流程的运单流转问题，未来重点为物流公司提供信息流、物流、资金流三流合一的一站式解决方案。','四川','uploads/2019/05/06/周报-0408.docx',0,1,0,'','2019-04-22 13:21:58.783593',1),(31747,'普普文化','普普文化','13','普普文化','普普文化是一家嘻哈垂直领域赛事活动运营服务商，注重嘻哈文化内容的娱乐化运营，着眼于广告创意、体育运动、文化娱乐、影视传媒以及贸易潮品等板块，主要业务方向是以嘻哈文化内容为基础，对客户进行品牌营销及公关推广，服务范围包括了线上宣传造势和线下活动执行。','福建','',0,4,0,'','2019-04-22 13:21:59.810942',1),(31749,'澳洲觅食外送','澳洲觅食外送','32','澳洲觅食外送','觅食外送有限公司。 MISHI(觅食)专注于服务电子商务O2O服务，是一家汇聚科技思维及创新能量的网络公司。 觅食的宗旨是：把美好生活送上门，以送餐为起点，力图改变澳洲人们的生活方式。 觅食是一个值得信赖的美食外送平台，于2016年9月创立，公司总部位于澳大利亚南澳州的阿德莱德市。 MISHI充满活力、提供舞台、有着家人朋友般的办公氛围，让你喜欢工作、乐在工作、享受工作。提供优于市场竞争力的薪资水准，有着强大创新能量及无限可能的成长中….','上海','',0,1,0,'','2019-04-22 13:22:00.666131',1),(31750,'家和驿站配送','家和驿站配送','28','家和驿站配送','天津森赛特餐饮管理有限公司于2014年12月成立，专注于打造城市外卖配送服务平台，通过自营＋承包模式搭建城市外卖配送服务网络，自主研发订单分包系统，聚合同城订单，整合配送资源，为客户提供低价、稳定、快速的城市外卖配送服务。','天津','',0,0,0,'','2019-04-22 13:22:01.038178',1),(31751,'骨头鱼','骨头鱼','31','骨头鱼','公司致力于宠物行业的创新，目前宠物行业痛点首先是没有行业标准、宠物主养宠知识为“0”，基于以上两点我们抓住线下宠物医院房产成本高、效率低的特点、加之医院数据表明宠物的病80%都能在家里治愈，因此我们推出“移动宠物医院”+落地急求中心+宠物社区。宠物主打电话第一时间我们的移动宠物医院（金杯车改造）能够到达小区楼下进行治疗，对于要进行手术的可以拉到当地的急救中心进行治疗。宠物社区分为宠物日常护理咨询和宠物日程萌照、视频等内容传播。','天津','',0,1,0,'','2019-04-22 13:22:01.671477',1),(31753,'惊堂木法律云平台','惊堂木法律云平台','32','惊堂木法律云平台','上海惊堂木网络科技公司是一家致力于提供法律云平台服务的公司。公司成立于2016年8月，注册资金1000万元。惊堂木平台是以云计算、大数据、下一代移动互联网为技术基础构建的中国目前唯一的，最大的、创新型互联网+法律云平台。平台包括手机APP，PC网站、手机WAP网，智慧便民法律云服务终端，提供实时咨询、律师判案、远程服务、律师案例云服务。平台具有法律服务互联网入口、法律远程服务和在线法律服务交易功能。惊堂木平台能够加深中国法律服务行业的广度和深度，扩大法律服务范围, 进而可以为政府、企业、个人提供无时不有，无处不在的专业律师法律服务，并使得随时随地、人人享有法律服务成为现实。','上海','',0,3,0,'','2019-04-22 13:22:02.721841',1),(31755,'布克小岛','布克小岛','11','布克小岛','布克小岛秉承“在阅读中享受，在活动中学习，在公益中分享”的理念，致力于让孩子们回归纯真自然的天性，缓解应试教育的压力。公司积极在线下实体和线上APP两方面打造领先的青少年儿童阅读、分享、公益及才艺成长的空间。目前业务涵盖了图书分享与漂流，公益活动与捐助，机构合作与推广等等。未来公司将多元化的延伸发展，不断提升展现个人与小机构的创新发展能力，通过图书漂流分享的基础理念，结合视频展现，为更多小而美，优而精的青少年培养创新机构，为更多爱分享，爱阅读，爱公益的孩子们提供更好的服务与才华展示舞台。','浙江','',0,2,0,'','2019-04-22 13:22:03.527872',1),(31756,'柏瑞凯','柏瑞凯','23','柏瑞凯','柏瑞凯电子是一家固态铝电解电容器研发生产商，专注于导电高分子型固态铝电解电容器的研发、制造和销售，公司拥有固态铝电容器制造技术和生产线，其产品在消费电子、电脑及周边、工业电源及照明、消防、医疗等领域得到广泛应用。','广东','',0,7,0,'','2019-04-22 13:22:04.130123',1),(31757,'魔力牛车务','魔力牛车务','27','魔力牛车务','上海泛牛信息技术有限公司是一家车辆服务公司，旗下品牌：魔力牛（moliniu），服务内容涵盖：车辆代年检、违章代办，异地委托书代办业务。专业师傅上门一站式服务。大地保险、三星保险上门代年检服务指定供应商','上海','',0,0,0,'','2019-04-22 13:22:04.501136',1),(31759,'南京天创电子','南京天创电子','23','南京天创电子','南京天创电子是一家工业自动化设备研发制造商，长期专注于各行业的设备自动化解决方案的研发和技术支持。','江苏','',0,2,0,'','2019-04-22 13:22:05.287804',1),(31760,'新译科技','新译科技','6','新译科技','新译科技是一家利用人工智能和大数据技术提供互联网以及移动互联网服务与应用的高科技公司，致力于以机器翻译和语音识别等技术为基础，向用户提供在线机器翻译、在线辅助翻译平台和互联网语言服务平台等一系列关于翻译领域的产品和服务。','北京','',0,3,0,'','2019-04-22 13:22:05.696229',1),(31763,'重庆野海科技有限公司','重庆野海科技有限公司','11','重庆野海科技有限公司','野海科技是一家企业服务公司，立足于高校教育领域，致力于高校类自主产品的研发以及软件服务业务。涉及了教育、餐饮、硬件、互联网服务等多个方面。','重庆','',0,2,0,'','2019-04-22 13:22:07.242916',1),(31764,'筑梦文化','筑梦文化','20','筑梦文化','筑梦文化是一家线下实境娱乐公司，定位女性向，基于线上头部IP做线下“快闪式”主题乐园，推行沉浸互动体验式的实境娱乐产品，涵盖展示、演出、游艺、餐饮和衍生品等。','上海','',0,3,0,'','2019-04-22 13:22:07.799535',1),(31765,'利林商业','利林商业','6','利林商业','利林商业是一家商业管理及顾问服务商，专门为商业资产项目提供商业管理及顾问服务，主要包括定位策划方案服务、商业开发顾问服务、品牌招商代理服务、商业开业筹备服务、商业内装管理服务、项目开业后运营管理等服务。','上海','',0,27,0,'','2019-04-22 13:22:08.319003',1),(31768,'坚小持微课','坚小持微课','11','坚小持微课','坚小持微课是一个在线英语教学平台，从培养学生学习习惯入手，养成学习英语的习惯，坚小持微课依托微信平台不断推出英语学习产品，隶属于北京坚小持科技文化有限公司。','北京','',0,2,0,'','2019-04-22 13:22:09.851959',1),(31769,'乐派特机器人','乐派特机器人','18','乐派特机器人','乐派特，致力于智能教育机器人的研发，其开创的全球首款“积木式”编程机器人可以像拼积木一样简单操控。编程模块的自由组合，简单有趣的操控体验，能够培养孩子独立思考的能力，同时激发孩子的无限创造力。','江苏','',0,2,0,'','2019-04-22 13:22:10.313466',1),(31771,'爱刷NFC','爱刷NFC','28','爱刷NFC','爱刷NFC是一家专注于NFC的场景构建和能力服务的高科技企业，其NFC+云平台产品及NFC能力服务，广泛应用于酒店、餐饮、生活服务行业，能帮助传统企业快速接入NFC能力，实现手机银行卡、公交卡、酒店电子门卡等应用的发行、管理及受理，让用户在商户端用手机代替刷卡，享受快捷服务。','北京','',0,27,0,'','2019-04-22 13:22:11.273089',1),(31774,'普瑞金','普瑞金','31','普瑞金','普瑞金是一家专注CAR-T药物研发的公司。致力于提供基因表达载体构建、蛋白表达检测、蛋白相互作用检测、稳定细胞系建立以及细胞功能实验的全面系统的技术服务。','北京','',0,26,0,'','2019-04-22 13:22:12.484591',1),(31775,'米格实验室','米格实验室','6','米格实验室','米格实验室是由北京聚睿众邦科技有限公司成立运营。米格实验室由中科院、清华、北大多家实验室合作组建，为客户提供基础科研服务与技术解决方案。 米格管理团队来自国内顶级研发机构及检测中心，专业、共享、创新，让我们一起缔造一个更加美好的科研生态。公司拥有专业化的管理团队与强大的技术团队，80%以上来自国内顶级科研实验室，专注于材料与光电子领域，提供一站式科技研发服务。','北京','uploads/2019/05/19/策划书.txt',0,1,0,'','2019-04-22 13:22:12.836860',1),(31777,'匠梦生涯','匠梦生涯','11','匠梦生涯','服务对象：小学高年级到高中的学生（13-18岁）。在青少年职业生涯探索方面，我们坚持“小学生重启蒙，初中生重体验，高中生重探究”的教育理念。 服务宗旨：通过任务合作化课程设计和实际场景的职业体验，帮助学生对各行业、不同职业增进了解，促进学生自我认知及团队协作、高效执行、主动创新等意识的培养，提升学生对未来职业独立选择和规划的能力，同时提高学生对当下学业规划主动性。','上海','',0,2,0,'','2019-04-22 13:22:13.833352',1),(31778,'阳光眼科','阳光眼科','31','阳光眼科','阳光眼科是一家眼科连锁医院。专注于眼科医疗行业，为患者提供眼部检查、治疗等医疗服务。','重庆','',0,27,0,'','2019-04-22 13:22:14.336171',1),(31780,'数矩科技','数矩科技','6','数矩科技','数矩科技是一家基于区块链技术的价值数据互联运营服务商。致力于通过技术和业务的创新构建价值数据互联网络，让价值数据安全、私密、平等的连接使用。运用区块链、安全多方计算和机器学习的技术，为客户提供金融大数据模型服务。','北京','',0,2,0,'','2019-04-22 13:22:15.114859',1),(31787,'磁密封高分子材料列车齿轮箱','磁密封高分子材料列车齿轮箱','6','磁密封高分子材料列车齿轮箱','株洲彼得密封有限公司引进了俄罗斯航天磁流体生产工艺，它解决了磁流体怕水又怕油的问题，并把磁流体的额定工作温度，提高到-60℃~260℃，基本解决了磁流体密 封超过100℃就要增加冷却水，在高寒地带也不会因结冰而使磁流体不“流”的问题。磁流体有着广阔的前景，在航天、电子、化工、冶金、机械、仪表、医疗等领域都得到广泛运用，它大有替代一切动密封之势。我司开发的油泵、高精化工、高校实验室用密封产品均成功商业运转了一年以上。2016年成功中标某机务段列车齿轮箱改造项目，产品验收合格，并装车试用，至今运转良好。','湖南','',0,0,0,'','2019-04-22 13:22:18.873182',1),(31790,'业委会APP','业委会APP','25','业委会APP','社会各界仁人志士正努力探索之中，其中颇有影响的一个尝试是“互联网+社区美好生活”平台，该平台以社区为切入口，以社区业主为主体，以互联网为载体，选择代表全体社区业主利益的业委会为切入点，全力构建起了互联网+业委会（www.yeweihui.com），希望通过PC、移动端双向交流平台，搭建起连通业主、物业公司、业委会、社会组织和相关政府部门之间的沟通交流互动的网络平台。通过彼此公开透明的交流，化解多方矛盾，增进情感交流、拉近邻里关系、深入社区宣传精神文明建设，弘扬中华美德宣传正能量，构建和谐社区，为实现中国梦而努力。','海南','',0,3,0,'','2019-04-22 13:22:20.197142',1),(31791,'秦学教育','秦学教育','11','秦学教育','秦学教育是一家K12课外培训机构，专注于为中小学学生提供高品质的教育产品解决方案及教学服务。培训课程涵盖从小学到高中各年级的多个学科，有一对一培训、小班培优和自主招生三条产品线，隶属于秦学（北京）网络教育科技有限公司。','北京','',0,4,0,'','2019-04-22 13:22:20.531419',1),(31792,'可伸缩可换电池共享普惠电动汽车','可伸缩可换电池共享普惠电动汽车','25','可伸缩可换电池共享普惠电动汽车','成都浪子之心科技有限公司，2017年注册，公司主要从事共享普惠电动汽车，电动自行车变形产品、智能硬件、物联网产品、创意家具等方面的的创新应用。此共享普惠电动自行车，只需用手机注册用车APP，并缴纳一定数量的押金就可以随时随地骑行，并且可以根据用户意愿任意选择人力模式或电力模式骑行，普惠电动汽车需上传带驾照的照片审核，之后就可以随时随地驾驶，汽车可以缩放，停车位占用较小，只需向政府租用投放数量一半的路边停车位即可方便停车。','四川','',0,2,0,'','2019-04-22 13:22:21.083760',1),(31793,'衣快链','衣快链','32','衣快链','衣快链是一个服装设计师品牌孵化器，公司其供应链优势，帮设计师解决从打样、产品研发、规模生产、包装以及面料端等完整的流程，并利用终端店铺的资源，推广品牌。','广东','',0,2,0,'','2019-04-22 13:22:21.570260',1),(31797,'华医英诺','华医英诺','31','华医英诺','华医英诺是一家肿瘤微创介入治疗医生集团，其中治疗项目包括CT引导下经皮穿刺活检术、全身各部位原发及转移性肿瘤的微创介入治疗、肿瘤并发症治疗等，并为用户提供科室共建、专家定期出诊、远程会诊、学术会议联办和手术技术指导等解决方案。','北京','',0,2,0,'','2019-04-22 13:22:24.146673',1),(31800,'测试','company','0,3,6,9,12,15,18,21,24,26','简介','<script>alert(\'hello\')</script>','北京市','',0,0,2,'','2019-05-12 04:00:21.155396',18),(31801,'这是一个测试项目','','2,5','这是一条简介','','北京市','',1,0,0,'','2019-05-12 12:55:42.021031',18),(31802,'这是第二个测试项目','company','9,12,15','这是一条简介','','北京市','',1,0,0,'','2019-05-13 18:18:11.274150',18),(31803,'这是第三个测试项目','','0,3','用于测试正确填写项目信息时的创建项目功能','','北京市','uploads/2019/05/19/策划书_XLCLkFq.txt',1,14,0,'','2019-05-19 02:29:51.434896',18),(31804,'这是第三个测试项目','','10,12','测试策划书下载功能','','北京市','uploads/2019/05/19/策划书覆盖.txt',1,0,0,'','2019-05-19 03:54:30.093302',18),(31805,'用于测试动态提醒的项目','','0','用于测试动态提醒','','北京市','',1,0,0,'','2019-05-19 08:09:46.715469',1),(31806,'测试007','1','1','1','','北京','',1,0,2,'','2019-05-19 08:14:21.523924',1),(31807,'这是个测试项目仅用于测试，这是个测试项目，仅用于测试','北航绿园','7','这是个测试项目仅用于测试，这是个测试项目，仅用于测试这是个测试项目仅用于测试，这是个测试项目，仅用于测试这是个测试项目仅用于测试，这是个测试项目，仅用于测试这是个测试项目仅用于测试，这是个测试项目，仅用于测试这是个测试项目仅用于测试，这是个测试项目，仅用于测试这是个测试项目仅用于测试，这是个测试项目，仅用于测试这是个测试项目仅用于测试，这是个测试项目，仅用于测试这是个测试项目仅用于测试，这是个测试','这是个测试项目仅用于测试，这是个测试项目，仅用于测试这是个测试项目仅用于测试，这是个测试项目，仅用于测试这是个测试项目仅用于测试，这是个测试项目，仅用于测试这是个测试项目仅用于测试，这是个测试项目，仅用于测试这是个测试项目仅用于测试，这是个测试项目，仅用于测试这是个测试项目仅用于测试，这是个测试项目，仅用于测试这是个测试项目仅用于测试，这是个测试项目，仅用于测试这是个测试项目仅用于测试，这是个测试项目，仅用于测试这是个测试项目仅用于测试，这是个测试项目，仅用于测试这是个测试项目仅用于测试，这是个测试项目，仅用于测试这是个测试项目仅用于测试，这是个测试项目，仅用于测试这是个测试项目仅用于测试，这是个测试项目，仅用于测试这是个测试项目仅用于测试，这是个测试项目，仅用于测试这是个测试项目仅用于测试，这是个测试项目，仅用于测试这是个测试项目仅用于测试，这是个测试项目，仅用于测试这是个测试项目仅用于测试，这是个测试项目，仅用于测试这是个测试项目仅用于测试，这是个测试项目，仅用于测试这是个测试项目仅用于测试，这是个测试项目，仅用于测试这是个测试项目仅用于测试，这是个测试项目，仅用于测试这是个测试项目仅用于测试，这是个测试项目，仅用于测试这是个测试项目仅用于测试，这是个测试项目，仅用于测试这是个测试项目仅用于测试，这是个测试项目，仅用于测试这是个测试项目仅用于测试，这是个测试项目，仅用于测试这是个测试项目仅用于测试，这是个测试项目，仅用于测试这是个测试项目仅用于测试，这是个测试项目，仅用于测试这是个测试项目仅用于测试，这是个测试项目，仅用于测试这是个测试项目仅用于测试，这是个测试项目，仅用于测试这是个测试项目仅用于测试，这是个测试项目，仅用于测试这是个测试项目仅用于测试，这是个测试项目，仅用于测试这是个测试项目仅用于测试，这是个测试项目，仅用于测试这是个测试项目仅用于测试，这是个测试项目，仅用于测试这是个测试项目仅用于测试，这是个测试项目，仅用于测试这是个测试项目仅用于测试，这是个测试项目，仅用于测试这是个测试项目仅用于测试，这是个测试项目，仅用于测试这是个测试项目仅用于测试，这是个测试项目，仅用于测试这是个测试项目仅用于测试，这是个测试项目，仅用于测试','海淀区','',1,0,0,'','2019-05-22 09:37:23.844485',40),(31808,'这是个测试项目仅用于测试，这是个测试项目，仅用于测试这是个测试项目仅用于测试，这是个测试项目，仅用于测试这是个测试项目仅用于测试这是个测试项目仅用于测试，这是个测试项目，仅用于测试这是个测试项目仅用于','北航绿园','1','v','v','海淀区','',1,0,0,'','2019-05-22 09:38:26.375365',40),(31809,'hello_app','北航绿园','6','no','no','海淀区','',1,2,1,'','2019-05-27 07:33:08.486981',43),(31810,'learn_rails','北航绿园','22','no','no','海淀区','',1,0,2,'','2019-05-27 07:52:33.116602',43),(31811,'这是个测试项目仅用于测试，这是个测试项目，仅用于测试这是个测试项目仅用于测试，这是个测试项目，仅用于测试这是个测试项目仅用于测试，这是个测试项目，仅用于测试这是个测试项目仅用于测试','北航绿园','38','这是个测试项目仅用于测试，这是个测试项目，仅用于测试这是个测试项目仅用于测试，这是个测试项目，仅用于测试这是个测试项目仅用于测试，这是个测试项目，仅用于测试这是个测试项目仅用于测试，这是个测试项目，仅用于测试这是个测试项目仅用于测试，这是个测试项目，仅用于测试这是个测试项目仅用于... \r\n这是个测试项目仅用于测试，这是个测试项目，仅用于测试这是个测试项目仅用于测试，这是个测试项目，仅用','简介/标签：这是个测试项目仅用于测试，这是个测试项目，仅用于测试这是个测试项目仅用于测试，这是个测试项目，仅用于测试这是个测试项目仅用于测试，这是个测试项目，仅用于测试这是个测试项目仅用于测试，这是个测试项目，仅用于测试这是个测试项目仅用于测试，这是个测试项目，仅用于测试这是个测试项目仅用于... \r\n这是个测试项目仅用于测试，这是个测试项目，仅用于测试这是个测试项目仅用于测试，这是个测试项目，仅用于测试这是个测试项目仅用于测试，这是个测试项目，仅用于测试这是个测试项目仅用于测试，这是个测试项目，仅用于测试这是个测试项目仅用于测试，这是个测试项目，仅用于测试这是个测试项目仅用于...','海淀区','',1,0,0,'','2019-05-27 14:59:53.340157',43);
/*!40000 ALTER TABLE `Software_project` ENABLE KEYS */;
UNLOCK TABLES;

--
-- Table structure for table `Software_projectattention`
--

DROP TABLE IF EXISTS `Software_projectattention`;
/*!40101 SET @saved_cs_client     = @@character_set_client */;
 SET character_set_client = utf8mb4 ;
CREATE TABLE `Software_projectattention` (
  `id` int(11) NOT NULL AUTO_INCREMENT,
  `time` datetime(6) NOT NULL,
  `follower_id` int(11) NOT NULL,
  `project_id` int(11) NOT NULL,
  PRIMARY KEY (`id`),
  UNIQUE KEY `Software_projectattention_follower_id_project_id_d9401f2b_uniq` (`follower_id`,`project_id`),
  KEY `Software_projectatte_project_id_b820b774_fk_Software_` (`project_id`),
  CONSTRAINT `Software_projectatte_follower_id_dd07e26d_fk_Software_` FOREIGN KEY (`follower_id`) REFERENCES `Software_user` (`id`),
  CONSTRAINT `Software_projectatte_project_id_b820b774_fk_Software_` FOREIGN KEY (`project_id`) REFERENCES `Software_project` (`pid`)
) ENGINE=InnoDB AUTO_INCREMENT=40 DEFAULT CHARSET=utf8mb4 COLLATE=utf8mb4_0900_ai_ci;
/*!40101 SET character_set_client = @saved_cs_client */;

--
-- Dumping data for table `Software_projectattention`
--

LOCK TABLES `Software_projectattention` WRITE;
/*!40000 ALTER TABLE `Software_projectattention` DISABLE KEYS */;
INSERT INTO `Software_projectattention` VALUES (8,'2019-04-22 14:46:49.401823',18,30981),(15,'2019-05-05 23:32:38.395529',2,30988),(16,'2019-05-06 09:54:26.186475',5,31035),(20,'2019-05-13 17:20:56.130872',18,31791),(21,'2019-05-13 17:21:12.019202',18,31790),(22,'2019-05-13 17:21:14.101911',18,31787),(23,'2019-05-13 17:21:16.540120',18,31780),(24,'2019-05-13 17:21:18.732421',18,31778),(25,'2019-05-13 17:21:21.349745',18,31777),(26,'2019-05-13 17:21:23.728099',18,31775),(27,'2019-05-13 18:28:32.331814',1,31800),(28,'2019-05-14 07:49:18.662809',24,31452),(30,'2019-05-19 05:00:31.262799',18,31797),(31,'2019-05-19 06:38:06.340571',35,31797),(32,'2019-05-19 06:38:35.083332',35,31793),(36,'2019-05-26 11:10:39.964797',41,31807),(37,'2019-05-27 09:06:42.138063',44,31803),(39,'2019-05-28 07:31:05.192929',18,31811);
/*!40000 ALTER TABLE `Software_projectattention` ENABLE KEYS */;
UNLOCK TABLES;

--
-- Table structure for table `Software_user`
--

DROP TABLE IF EXISTS `Software_user`;
/*!40101 SET @saved_cs_client     = @@character_set_client */;
 SET character_set_client = utf8mb4 ;
CREATE TABLE `Software_user` (
  `id` int(11) NOT NULL AUTO_INCREMENT,
  `name` varchar(128) NOT NULL,
  `password` varchar(256) NOT NULL,
  `email` varchar(254) NOT NULL,
  `realname` varchar(256) NOT NULL,
  `idnumber` varchar(256) NOT NULL,
  `sex` varchar(32) NOT NULL,
  `identity` int(11) NOT NULL,
  `c_time` datetime(6) NOT NULL,
  `d_time` datetime(6) DEFAULT NULL,
  `has_confirmed` tinyint(1) NOT NULL,
  `has_confirmed_delete` tinyint(1) NOT NULL,
  `last_view_dynamic` datetime(6) NOT NULL,
  `phone_num` varchar(20) NOT NULL,
  `introduction` longtext NOT NULL,
  `nickname` varchar(10) NOT NULL,
  `area` varchar(1000) NOT NULL,
  `avatar` varchar(100) NOT NULL,
  `level` int(11) NOT NULL,
  PRIMARY KEY (`id`),
  UNIQUE KEY `name` (`name`),
  UNIQUE KEY `email` (`email`)
) ENGINE=InnoDB AUTO_INCREMENT=51 DEFAULT CHARSET=utf8mb4 COLLATE=utf8mb4_0900_ai_ci;
/*!40101 SET character_set_client = @saved_cs_client */;

--
-- Dumping data for table `Software_user`
--

LOCK TABLES `Software_user` WRITE;
/*!40000 ALTER TABLE `Software_user` DISABLE KEYS */;
INSERT INTO `Software_user` VALUES (1,'founder001','94c8fe6b09f39a0d34350e2f6a90e829a1e356e31c5b6bbe39cedcb14fbda07e','541537340@buaa.edu.cn','realFounder001','12345678987654','male',0,'2019-04-21 22:54:12.580175','2019-05-27 14:22:34.661215',1,0,'2019-05-22 09:19:05.656537','13000000000','什么都没有留下 km','onk06Wpw6','1,3,6,13,16,21,26,30,36','uploaded/noface.gif',0),(2,'founder002','16c52e4b702d9fa1bab9b7256e8b59f76d276b0d72c6ffe62e6b3d0f5024ec82','fd002@pk.com','realFounder002','12345678987654','male',0,'2019-04-21 23:44:07.182263','2019-04-21 23:52:00.000000',1,0,'2019-04-21 23:44:00.000000','13100000000','这个人很懒，什么都没有留下','yDg6ZtPW','0,2,4,7,8,9,10,11,20,31,32,33,34,37,38,39,40','uploaded/noface.gif',0),(3,'investor003','67bda4dc2bfc12aae404aa81e5874f8685c7eaab0ef6975c90fff49e97db2b6e','iv003@pk.com','realInvestor001','12345678987654','male',1,'2019-04-22 00:02:58.157615',NULL,1,0,'2019-05-17 09:15:00.000000','13200000000','这个人什么都没有留下','yDg6','0,2,3,11,16,23,25,29,30,31,36','uploaded/noface.gif',2),(4,'nobrowning','e0cf678eee29810b837cbb60d041912c87b0e5f0fa5aaa2c3d1b3c009cd031fa','duchenguang@buaa.edu.cn','Chenguang Du','140106199501010001','male',1,'2019-04-22 08:23:29.346438',NULL,0,0,'2019-04-22 08:23:29.346142','17635163964','这个人很懒，什么都没有留下','yDg6ZtPW','1,3,5','uploaded/noface.gif',0),(5,'turbo','e0cf678eee29810b837cbb60d041912c87b0e5f0fa5aaa2c3d1b3c009cd031fa','457922412@qq.com','杜晨光','140106199501010002','male',0,'2019-04-22 08:30:12.266242',NULL,0,0,'2019-04-22 08:30:12.265977','13935115218','这个人很懒，什么都没有留下','browning','1,3,5','uploaded/noface.gif',0),(10,'user014','fcfb3ca51254dc9abe99e4f77f9ea7bf3ba0d3e089ef9cfe59df6c3971882bc1','541537340@qq.com','kkk','12345678987654','male',0,'2019-04-22 09:37:47.531346','2019-06-02 07:28:10.125209',1,0,'2019-04-22 09:37:47.530985','15988888888','这个人很懒，什么都没有留下','3qWEJMNj','3,26,29,30','uploaded/noface.gif',0),(18,'liuchaojing','e0cf678eee29810b837cbb60d041912c87b0e5f0fa5aaa2c3d1b3c009cd031fa','470165971@qq.com','刘','370830','male',0,'2019-04-22 14:03:02.535919',NULL,1,0,'2019-05-19 10:06:07.889425','15201009236','这个人很懒，什么都没有留下','hvCnTktb','0,1,2','uploaded/test_X7rkgja.jpg',0),(23,'2225838546','e0cf678eee29810b837cbb60d041912c87b0e5f0fa5aaa2c3d1b3c009cd031fa','2225838546@qq.com','孟子彧','111111111111111111','male',0,'2019-05-07 03:09:28.455079','2019-05-07 03:35:19.495872',1,0,'2019-05-07 06:36:54.110014','11111111111','这个人很懒，什么都没有留下','？？？？','3','uploaded/SQL.jpg',0),(24,'mzy','e0cf678eee29810b837cbb60d041912c87b0e5f0fa5aaa2c3d1b3c009cd031fa','467314186@qq.com','1','111111111111111111','male',1,'2019-05-07 06:35:13.347502','2019-05-28 06:43:47.099283',1,0,'2019-05-07 06:35:00.000000','11111111111','观自在\r\n菩萨，行深般若波罗蜜多时，照见五蕴皆空，度一切苦厄。\r\n舍利子，色不异空，空不异色，色即是空，空即是色，受想行识亦复如是。\r\n舍利子，是诸法空相，不生不灭，不垢不净，不增不减。是故空中无色，无受想行识，无眼耳鼻舌身意，无色声香味触法，无眼界乃至无意识界，无无明亦无无明尽，乃至无老死，亦无老死尽，无苦集灭道，无智亦无得。\r\n以无所得故，菩提萨埵，依般若波罗蜜多故，心无挂碍；无挂碍故，无有恐怖，远离颠倒梦想，究竟涅槃。\r\n三世诸佛，依般若波罗蜜多故，得阿耨多罗三藐三菩提。\r\n故知般若波罗蜜多，是大神咒，是大明咒，是无上咒，是无等等咒，能除一切苦，真实不虚。\r\n故说般若波罗蜜多咒，即说咒曰：揭谛揭谛，波罗揭谛，波罗僧揭谛，菩提萨婆诃。','||||||','0','uploaded/noface.gif',1),(25,'00000','7b78d3bed326efb3ca7de5eba30b45505ce158d53b91adc8a2b3ccb3f8ade8f1','1@buaa.edu.cn','00','0000','male',1,'2019-05-07 07:46:54.091023',NULL,0,0,'2019-05-07 07:46:54.090786','00','这个人很懒，什么都没有留下','UQKYi9rF','0','uploaded/noface.gif',0),(26,'我','25c93303c9935ef94566820f4962d148b9f4e5187fae148d1cb977681ce15e80','1@qq.com','1','1','male',1,'2019-05-11 16:50:11.512575',NULL,0,0,'2019-05-11 16:50:11.512317','1','这个人很懒，什么都没有留下','K2gFwiea','0','uploaded/noface.gif',0),(27,'u','25c93303c9935ef94566820f4962d148b9f4e5187fae148d1cb977681ce15e80','6@qq.com','1','1','male',1,'2019-05-11 16:59:22.013462',NULL,0,0,'2019-05-11 16:59:22.013152','1','这个人很懒，什么都没有留下','K2gFwiea','0','uploaded/noface.gif',0),(28,'7','2b0920341cb36df804d6c51baa61971ae8cf00dae0aa9d26b96acc6a8fd186ba','7@163.com','7','7','male',1,'2019-05-12 11:34:20.971641',NULL,0,0,'2019-05-12 11:34:20.971255','7','这个人很懒，什么都没有留下','0ZaHidBz','0','uploaded/noface.gif',0),(29,'德玛西亚','e0cf678eee29810b837cbb60d041912c87b0e5f0fa5aaa2c3d1b3c009cd031fa','2@qq.com','Ch','123456','male',1,'2019-05-12 11:35:12.284458',NULL,0,0,'2019-05-12 11:35:12.284056','1520','这个人很懒，什么都没有留下','0ZaHidBz','21','uploaded/noface.gif',0),(30,'824771121','e0cf678eee29810b837cbb60d041912c87b0e5f0fa5aaa2c3d1b3c009cd031fa','824771121@qq.com','8247','824771121','male',0,'2019-05-12 16:57:31.981988',NULL,1,0,'2019-05-12 16:57:31.981595','8247','尚待补充','lKxUhPq2','3,6','uploaded/test.jpg',0),(31,'467314186','e0cf678eee29810b837cbb60d041912c87b0e5f0fa5aaa2c3d1b3c009cd031fa','a2225838546@163.com','1','111111111111111111','male',0,'2019-05-14 06:42:54.135458',NULL,0,0,'2019-05-14 06:42:54.135121','11111111111','尚待补充','dqHADtuN','0','uploaded/noface.gif',0),(32,'1234567890123456','e0cf678eee29810b837cbb60d041912c87b0e5f0fa5aaa2c3d1b3c009cd031fa','66@qq.com','1','1','male',1,'2019-05-17 09:28:19.516625',NULL,0,0,'2019-05-17 09:28:19.516279','1','尚待补充','DZedsANy','0','uploaded/noface.gif',0),(33,'000','81c6538d01b8d912b49f3b4db0c38d325b190489a7225f1bd80ff37ea1f34143','zcyf_2019@163.com','1','111111111111111111','male',1,'2019-05-18 14:46:19.910776',NULL,1,0,'2019-05-18 14:46:19.910425','11111111111','尚待补充','pfKudseG','0','uploaded/noface.gif',0),(34,'wwwww','e0cf678eee29810b837cbb60d041912c87b0e5f0fa5aaa2c3d1b3c009cd031fa','0@ll.com','mmm','123456789123456789','male',0,'2019-05-18 15:50:49.517189',NULL,0,0,'2019-05-18 15:50:49.516909','123456','尚待补充','pfKudseG','12,15','uploaded/noface.gif',0),(35,'16061081','c38bd3917c07ac5e07b4a09ef963c16fb84d49d143eaca4791fb1e0f61e8c1cb','849380852@qq.com','殷立森','410203199712212034','male',1,'2019-05-19 06:30:20.906498',NULL,1,0,'2019-05-19 08:55:00.832741','18410004239','尚待补充','3De4bMUk','1','uploaded/noface.gif',0),(36,'a19971221','c38bd3917c07ac5e07b4a09ef963c16fb84d49d143eaca4791fb1e0f61e8c1cb','752532224@qq.com','殷立森','410203199712212034','male',0,'2019-05-19 07:43:23.672165',NULL,1,0,'2019-05-19 07:43:23.671831','18410004239','尚待补充','3De4bMUk','3','uploaded/noface.gif',0),(37,'inv123','b449dce6e0c961db1894f560ec302663da7fa3fea77df95123980d726d214992','hynz@pk.com','鲁迅','123456789876549434','male',1,'2019-05-19 08:59:05.295574',NULL,0,0,'2019-05-19 08:59:00.000000','15988888888','尚待补充','1uEHQDcF','0','uploaded/noface.gif',0),(38,'333','e0cf678eee29810b837cbb60d041912c87b0e5f0fa5aaa2c3d1b3c009cd031fa','3@3.com','1','111111111111111111','male',1,'2019-05-19 09:05:22.588271',NULL,0,0,'2019-05-19 09:05:22.587848','11111111111','尚待补充','03StmLkA','0','uploaded/noface.gif',0),(39,'wangsf','45be45f683d233cd0c35a84727c0bd869b26c22a15f8e901848e162eebdead6b','wsf199610@126.com','少枫 王','330102199610113017','male',1,'2019-05-22 08:19:16.893950',NULL,1,0,'2019-05-27 09:41:47.539990','13121250106','233333','1122122','0,1,8','uploaded/graph.jpg',0),(40,'233','e0cf678eee29810b837cbb60d041912c87b0e5f0fa5aaa2c3d1b3c009cd031fa','jingyi-cau@163.com','qjy','222222222222222222','female',0,'2019-05-22 08:54:28.094365','2019-05-27 07:27:33.555051',1,1,'2019-05-27 07:23:49.769264','11111111111','尚待补充','omg','0,30','uploaded/微信图片_20190228172609.jpg',0),(41,'biller','2ac65fcfcc1609296c1a17d306a0c2954ad4608da31ee9d5387c3de49fe6b08d','liaowang99@sina.cn','测试人员1','110102199803190876','male',1,'2019-05-26 10:50:01.317033','2019-05-26 14:10:57.143474',1,1,'2019-05-26 14:35:44.938050','13012345678','就是有钱','大佬','28','uploaded/宝宝心里苦宝宝不说.jpg',0),(42,'biller1','2ac65fcfcc1609296c1a17d306a0c2954ad4608da31ee9d5387c3de49fe6b08d','22471199342@qq.com','测试人员1','110102199822190876','male',0,'2019-05-26 12:50:34.300211',NULL,0,0,'2019-05-26 12:50:34.299914','13123233344','尚待补充','4KUHrdNC','3','uploaded/noface.gif',0),(43,'nt233','e0cf678eee29810b837cbb60d041912c87b0e5f0fa5aaa2c3d1b3c009cd031fa','jyqin1117@buaa.edu.cn','qjy','222222222222222222','male',0,'2019-05-27 07:29:20.966566',NULL,1,0,'2019-05-27 07:43:47.790453','11111111111','尚待补充','4KUHrdNC','13','uploaded/noface.gif',0),(44,'hmhmhm123','09a903d1bff91f4d1b4b8ea13193f21d8a309b89df1cd8d34eb258776786f901','16061037@buaa.edu.cn','lhm','222222222222222222','male',1,'2019-05-27 08:43:59.343610',NULL,1,0,'2019-05-27 13:47:07.614530','11111111111','尚待补充','hhhh','0,1,2,3,4,5,6,7,8,9,10,11,12,13,14,15,16,17,18,19,20,21,22,23,24,25,26,27,28,29,30,31,32,33,34,35,36,37,38,39,40','uploaded/doge.jpg',2),(45,'Someday','61f920e68d7217ca43fffacb54b8d8006d83d92e5cbadb14bff75e83f76fbf98','714439471@qq.com','尹','111111111111111111','male',1,'2019-05-27 13:49:43.513663',NULL,1,0,'2019-05-27 13:54:00.000000','11111111111','尚待补充','4KUHrdNC','0','uploaded/noface.gif',0),(48,'3530839565','e0cf678eee29810b837cbb60d041912c87b0e5f0fa5aaa2c3d1b3c009cd031fa','3530839565@qq.com','1','111111111111111111','male',1,'2019-05-28 07:18:14.712814',NULL,0,0,'2019-05-28 07:18:14.711237','11111111111','尚待补充','f72GxLdF','0','uploaded/noface.gif',0),(49,'111','242508f7b627eeda5aeda71d4fd92d525eda0b02cbc02d1e2e27b37bd00589ef','111@1.com','11','11','male',1,'2019-06-02 08:53:42.676291',NULL,0,0,'2019-06-02 08:53:42.675838','11','尚待补充','It9du6jr','0','uploaded/noface.gif',0);
/*!40000 ALTER TABLE `Software_user` ENABLE KEYS */;
UNLOCK TABLES;

--
-- Table structure for table `Software_userattention`
--

DROP TABLE IF EXISTS `Software_userattention`;
/*!40101 SET @saved_cs_client     = @@character_set_client */;
 SET character_set_client = utf8mb4 ;
CREATE TABLE `Software_userattention` (
  `id` int(11) NOT NULL AUTO_INCREMENT,
  `time` datetime(6) NOT NULL,
  `follower_id` int(11) NOT NULL,
  `user_id` int(11) NOT NULL,
  PRIMARY KEY (`id`),
  UNIQUE KEY `Software_userattention_follower_id_user_id_c88cf1aa_uniq` (`follower_id`,`user_id`),
  KEY `Software_userattention_user_id_8590a811_fk_Software_user_id` (`user_id`),
  CONSTRAINT `Software_userattention_follower_id_b4589fc9_fk_Software_user_id` FOREIGN KEY (`follower_id`) REFERENCES `Software_user` (`id`),
  CONSTRAINT `Software_userattention_user_id_8590a811_fk_Software_user_id` FOREIGN KEY (`user_id`) REFERENCES `Software_user` (`id`)
) ENGINE=InnoDB AUTO_INCREMENT=41 DEFAULT CHARSET=utf8mb4 COLLATE=utf8mb4_0900_ai_ci;
/*!40101 SET character_set_client = @saved_cs_client */;

--
-- Dumping data for table `Software_userattention`
--

LOCK TABLES `Software_userattention` WRITE;
/*!40000 ALTER TABLE `Software_userattention` DISABLE KEYS */;
INSERT INTO `Software_userattention` VALUES (16,'2019-05-12 14:04:06.977153',23,18),(17,'2019-05-12 14:04:36.518864',24,18),(24,'2019-05-12 16:42:46.735844',2,18),(25,'2019-05-12 16:50:13.617252',3,18),(26,'2019-05-12 17:02:37.336872',30,18),(28,'2019-05-12 17:06:07.839458',18,3),(29,'2019-05-12 17:06:08.624276',18,2),(34,'2019-05-19 04:51:15.062590',18,1),(35,'2019-05-19 07:49:44.681980',18,24),(38,'2019-05-19 23:17:35.199238',1,18);
/*!40000 ALTER TABLE `Software_userattention` ENABLE KEYS */;
UNLOCK TABLES;

--
-- Table structure for table `auth_group`
--

DROP TABLE IF EXISTS `auth_group`;
/*!40101 SET @saved_cs_client     = @@character_set_client */;
 SET character_set_client = utf8mb4 ;
CREATE TABLE `auth_group` (
  `id` int(11) NOT NULL AUTO_INCREMENT,
  `name` varchar(80) NOT NULL,
  PRIMARY KEY (`id`),
  UNIQUE KEY `name` (`name`)
) ENGINE=InnoDB DEFAULT CHARSET=utf8mb4 COLLATE=utf8mb4_0900_ai_ci;
/*!40101 SET character_set_client = @saved_cs_client */;

--
-- Dumping data for table `auth_group`
--

LOCK TABLES `auth_group` WRITE;
/*!40000 ALTER TABLE `auth_group` DISABLE KEYS */;
/*!40000 ALTER TABLE `auth_group` ENABLE KEYS */;
UNLOCK TABLES;

--
-- Table structure for table `auth_group_permissions`
--

DROP TABLE IF EXISTS `auth_group_permissions`;
/*!40101 SET @saved_cs_client     = @@character_set_client */;
 SET character_set_client = utf8mb4 ;
CREATE TABLE `auth_group_permissions` (
  `id` int(11) NOT NULL AUTO_INCREMENT,
  `group_id` int(11) NOT NULL,
  `permission_id` int(11) NOT NULL,
  PRIMARY KEY (`id`),
  UNIQUE KEY `auth_group_permissions_group_id_permission_id_0cd325b0_uniq` (`group_id`,`permission_id`),
  KEY `auth_group_permissio_permission_id_84c5c92e_fk_auth_perm` (`permission_id`),
  CONSTRAINT `auth_group_permissio_permission_id_84c5c92e_fk_auth_perm` FOREIGN KEY (`permission_id`) REFERENCES `auth_permission` (`id`),
  CONSTRAINT `auth_group_permissions_group_id_b120cbf9_fk_auth_group_id` FOREIGN KEY (`group_id`) REFERENCES `auth_group` (`id`)
) ENGINE=InnoDB DEFAULT CHARSET=utf8mb4 COLLATE=utf8mb4_0900_ai_ci;
/*!40101 SET character_set_client = @saved_cs_client */;

--
-- Dumping data for table `auth_group_permissions`
--

LOCK TABLES `auth_group_permissions` WRITE;
/*!40000 ALTER TABLE `auth_group_permissions` DISABLE KEYS */;
/*!40000 ALTER TABLE `auth_group_permissions` ENABLE KEYS */;
UNLOCK TABLES;

--
-- Table structure for table `auth_permission`
--

DROP TABLE IF EXISTS `auth_permission`;
/*!40101 SET @saved_cs_client     = @@character_set_client */;
 SET character_set_client = utf8mb4 ;
CREATE TABLE `auth_permission` (
  `id` int(11) NOT NULL AUTO_INCREMENT,
  `name` varchar(255) NOT NULL,
  `content_type_id` int(11) NOT NULL,
  `codename` varchar(100) NOT NULL,
  PRIMARY KEY (`id`),
  UNIQUE KEY `auth_permission_content_type_id_codename_01ab375a_uniq` (`content_type_id`,`codename`),
  CONSTRAINT `auth_permission_content_type_id_2f476e4b_fk_django_co` FOREIGN KEY (`content_type_id`) REFERENCES `django_content_type` (`id`)
) ENGINE=InnoDB AUTO_INCREMENT=81 DEFAULT CHARSET=utf8mb4 COLLATE=utf8mb4_0900_ai_ci;
/*!40101 SET character_set_client = @saved_cs_client */;

--
-- Dumping data for table `auth_permission`
--

LOCK TABLES `auth_permission` WRITE;
/*!40000 ALTER TABLE `auth_permission` DISABLE KEYS */;
INSERT INTO `auth_permission` VALUES (1,'Can add log entry',1,'add_logentry'),(2,'Can change log entry',1,'change_logentry'),(3,'Can delete log entry',1,'delete_logentry'),(4,'Can view log entry',1,'view_logentry'),(5,'Can add permission',2,'add_permission'),(6,'Can change permission',2,'change_permission'),(7,'Can delete permission',2,'delete_permission'),(8,'Can view permission',2,'view_permission'),(9,'Can add group',3,'add_group'),(10,'Can change group',3,'change_group'),(11,'Can delete group',3,'delete_group'),(12,'Can view group',3,'view_group'),(13,'Can add user',4,'add_user'),(14,'Can change user',4,'change_user'),(15,'Can delete user',4,'delete_user'),(16,'Can view user',4,'view_user'),(17,'Can add content type',5,'add_contenttype'),(18,'Can change content type',5,'change_contenttype'),(19,'Can delete content type',5,'delete_contenttype'),(20,'Can view content type',5,'view_contenttype'),(21,'Can add session',6,'add_session'),(22,'Can change session',6,'change_session'),(23,'Can delete session',6,'delete_session'),(24,'Can view session',6,'view_session'),(25,'Can add 确认码',7,'add_confirmstring'),(26,'Can change 确认码',7,'change_confirmstring'),(27,'Can delete 确认码',7,'delete_confirmstring'),(28,'Can view 确认码',7,'view_confirmstring'),(29,'Can add del_user',8,'add_del_user'),(30,'Can change del_user',8,'change_del_user'),(31,'Can delete del_user',8,'delete_del_user'),(32,'Can view del_user',8,'view_del_user'),(33,'Can add dynamic record',9,'add_dynamicrecord'),(34,'Can change dynamic record',9,'change_dynamicrecord'),(35,'Can delete dynamic record',9,'delete_dynamicrecord'),(36,'Can view dynamic record',9,'view_dynamicrecord'),(37,'Can add history',10,'add_history'),(38,'Can change history',10,'change_history'),(39,'Can delete history',10,'delete_history'),(40,'Can view history',10,'view_history'),(41,'Can add personal_information_entrepreneur',11,'add_personal_information_entrepreneur'),(42,'Can change personal_information_entrepreneur',11,'change_personal_information_entrepreneur'),(43,'Can delete personal_information_entrepreneur',11,'delete_personal_information_entrepreneur'),(44,'Can view personal_information_entrepreneur',11,'view_personal_information_entrepreneur'),(45,'Can add personal_information_investor',12,'add_personal_information_investor'),(46,'Can change personal_information_investor',12,'change_personal_information_investor'),(47,'Can delete personal_information_investor',12,'delete_personal_information_investor'),(48,'Can view personal_information_investor',12,'view_personal_information_investor'),(49,'Can add project',13,'add_project'),(50,'Can change project',13,'change_project'),(51,'Can delete project',13,'delete_project'),(52,'Can view project',13,'view_project'),(53,'Can add project attention',14,'add_projectattention'),(54,'Can change project attention',14,'change_projectattention'),(55,'Can delete project attention',14,'delete_projectattention'),(56,'Can view project attention',14,'view_projectattention'),(57,'Can add 用户',15,'add_user'),(58,'Can change 用户',15,'change_user'),(59,'Can delete 用户',15,'delete_user'),(60,'Can view 用户',15,'view_user'),(61,'Can add user attention',16,'add_userattention'),(62,'Can change user attention',16,'change_userattention'),(63,'Can delete user attention',16,'delete_userattention'),(64,'Can view user attention',16,'view_userattention'),(65,'Can add captcha store',17,'add_captchastore'),(66,'Can change captcha store',17,'change_captchastore'),(67,'Can delete captcha store',17,'delete_captchastore'),(68,'Can view captcha store',17,'view_captchastore'),(69,'Can add message record',18,'add_messagerecord'),(70,'Can change message record',18,'change_messagerecord'),(71,'Can delete message record',18,'delete_messagerecord'),(72,'Can view message record',18,'view_messagerecord'),(73,'Can add recent contacts',19,'add_recentcontacts'),(74,'Can change recent contacts',19,'change_recentcontacts'),(75,'Can delete recent contacts',19,'delete_recentcontacts'),(76,'Can view recent contacts',19,'view_recentcontacts'),(77,'Can add applicant',20,'add_applicant'),(78,'Can change applicant',20,'change_applicant'),(79,'Can delete applicant',20,'delete_applicant'),(80,'Can view applicant',20,'view_applicant');
/*!40000 ALTER TABLE `auth_permission` ENABLE KEYS */;
UNLOCK TABLES;

--
-- Table structure for table `auth_user`
--

DROP TABLE IF EXISTS `auth_user`;
/*!40101 SET @saved_cs_client     = @@character_set_client */;
 SET character_set_client = utf8mb4 ;
CREATE TABLE `auth_user` (
  `id` int(11) NOT NULL AUTO_INCREMENT,
  `password` varchar(128) NOT NULL,
  `last_login` datetime(6) DEFAULT NULL,
  `is_superuser` tinyint(1) NOT NULL,
  `username` varchar(150) NOT NULL,
  `first_name` varchar(30) NOT NULL,
  `last_name` varchar(150) NOT NULL,
  `email` varchar(254) NOT NULL,
  `is_staff` tinyint(1) NOT NULL,
  `is_active` tinyint(1) NOT NULL,
  `date_joined` datetime(6) NOT NULL,
  PRIMARY KEY (`id`),
  UNIQUE KEY `username` (`username`)
) ENGINE=InnoDB AUTO_INCREMENT=2 DEFAULT CHARSET=utf8mb4 COLLATE=utf8mb4_0900_ai_ci;
/*!40101 SET character_set_client = @saved_cs_client */;

--
-- Dumping data for table `auth_user`
--

LOCK TABLES `auth_user` WRITE;
/*!40000 ALTER TABLE `auth_user` DISABLE KEYS */;
INSERT INTO `auth_user` VALUES (1,'pbkdf2_sha256$120000$ssN1js8qcYMQ$U99YyAtWYtN+LmnxOe0ESl5nAv/0Y1eSpaAbTOixOBQ=','2019-06-02 07:27:07.770921',1,'PhoenixKing','','','PK@buaa.edu.cn',1,1,'2019-04-21 22:42:00.078803');
/*!40000 ALTER TABLE `auth_user` ENABLE KEYS */;
UNLOCK TABLES;

--
-- Table structure for table `auth_user_groups`
--

DROP TABLE IF EXISTS `auth_user_groups`;
/*!40101 SET @saved_cs_client     = @@character_set_client */;
 SET character_set_client = utf8mb4 ;
CREATE TABLE `auth_user_groups` (
  `id` int(11) NOT NULL AUTO_INCREMENT,
  `user_id` int(11) NOT NULL,
  `group_id` int(11) NOT NULL,
  PRIMARY KEY (`id`),
  UNIQUE KEY `auth_user_groups_user_id_group_id_94350c0c_uniq` (`user_id`,`group_id`),
  KEY `auth_user_groups_group_id_97559544_fk_auth_group_id` (`group_id`),
  CONSTRAINT `auth_user_groups_group_id_97559544_fk_auth_group_id` FOREIGN KEY (`group_id`) REFERENCES `auth_group` (`id`),
  CONSTRAINT `auth_user_groups_user_id_6a12ed8b_fk_auth_user_id` FOREIGN KEY (`user_id`) REFERENCES `auth_user` (`id`)
) ENGINE=InnoDB DEFAULT CHARSET=utf8mb4 COLLATE=utf8mb4_0900_ai_ci;
/*!40101 SET character_set_client = @saved_cs_client */;

--
-- Dumping data for table `auth_user_groups`
--

LOCK TABLES `auth_user_groups` WRITE;
/*!40000 ALTER TABLE `auth_user_groups` DISABLE KEYS */;
/*!40000 ALTER TABLE `auth_user_groups` ENABLE KEYS */;
UNLOCK TABLES;

--
-- Table structure for table `auth_user_user_permissions`
--

DROP TABLE IF EXISTS `auth_user_user_permissions`;
/*!40101 SET @saved_cs_client     = @@character_set_client */;
 SET character_set_client = utf8mb4 ;
CREATE TABLE `auth_user_user_permissions` (
  `id` int(11) NOT NULL AUTO_INCREMENT,
  `user_id` int(11) NOT NULL,
  `permission_id` int(11) NOT NULL,
  PRIMARY KEY (`id`),
  UNIQUE KEY `auth_user_user_permissions_user_id_permission_id_14a6b632_uniq` (`user_id`,`permission_id`),
  KEY `auth_user_user_permi_permission_id_1fbb5f2c_fk_auth_perm` (`permission_id`),
  CONSTRAINT `auth_user_user_permi_permission_id_1fbb5f2c_fk_auth_perm` FOREIGN KEY (`permission_id`) REFERENCES `auth_permission` (`id`),
  CONSTRAINT `auth_user_user_permissions_user_id_a95ead1b_fk_auth_user_id` FOREIGN KEY (`user_id`) REFERENCES `auth_user` (`id`)
) ENGINE=InnoDB DEFAULT CHARSET=utf8mb4 COLLATE=utf8mb4_0900_ai_ci;
/*!40101 SET character_set_client = @saved_cs_client */;

--
-- Dumping data for table `auth_user_user_permissions`
--

LOCK TABLES `auth_user_user_permissions` WRITE;
/*!40000 ALTER TABLE `auth_user_user_permissions` DISABLE KEYS */;
/*!40000 ALTER TABLE `auth_user_user_permissions` ENABLE KEYS */;
UNLOCK TABLES;

--
-- Table structure for table `captcha_captchastore`
--

DROP TABLE IF EXISTS `captcha_captchastore`;
/*!40101 SET @saved_cs_client     = @@character_set_client */;
 SET character_set_client = utf8mb4 ;
CREATE TABLE `captcha_captchastore` (
  `id` int(11) NOT NULL AUTO_INCREMENT,
  `challenge` varchar(32) NOT NULL,
  `response` varchar(32) NOT NULL,
  `hashkey` varchar(40) NOT NULL,
  `expiration` datetime(6) NOT NULL,
  PRIMARY KEY (`id`),
  UNIQUE KEY `hashkey` (`hashkey`)
) ENGINE=InnoDB AUTO_INCREMENT=1236 DEFAULT CHARSET=utf8mb4 COLLATE=utf8mb4_0900_ai_ci;
/*!40101 SET character_set_client = @saved_cs_client */;

--
-- Dumping data for table `captcha_captchastore`
--

LOCK TABLES `captcha_captchastore` WRITE;
/*!40000 ALTER TABLE `captcha_captchastore` DISABLE KEYS */;
INSERT INTO `captcha_captchastore` VALUES (1227,'HOUF','houf','71010d6527a1f49dce448ffffcf6b0e6992dbf7e','2019-06-02 14:41:17.378822'),(1228,'GKLC','gklc','452a884d05fa7521a94f3cc284547bed48fe42dc','2019-06-02 14:41:22.677723'),(1229,'QWBM','qwbm','56e4217fc9ce5eb7aa3c1100d45d1fed1c71991d','2019-06-02 14:41:31.579512'),(1230,'CBVA','cbva','c64c0fb064e71eac6043fdb982a7e888326ad498','2019-06-02 14:42:43.974307'),(1231,'PHFR','phfr','d9d1438c6ae1aaf391142cc09545f52e89380dad','2019-06-02 14:42:50.279386'),(1232,'BJVT','bjvt','c0c4c9ff6013369dfbd531f98458fcabb57f1e7b','2019-06-02 14:42:54.885654'),(1233,'NCOY','ncoy','775dee819664419bf0ffd3595e13a7daae8f0bea','2019-06-02 14:44:22.647583'),(1234,'BFJG','bfjg','66cc6cc65c1f393fad527330dbba7ab8298d6be0','2019-06-02 14:44:30.340151'),(1235,'UJVQ','ujvq','82f1cc675f4d74dce15b5700fa5dfa7f8c562d1d','2019-06-02 14:44:33.724855');
/*!40000 ALTER TABLE `captcha_captchastore` ENABLE KEYS */;
UNLOCK TABLES;

--
-- Table structure for table `django_admin_log`
--

DROP TABLE IF EXISTS `django_admin_log`;
/*!40101 SET @saved_cs_client     = @@character_set_client */;
 SET character_set_client = utf8mb4 ;
CREATE TABLE `django_admin_log` (
  `id` int(11) NOT NULL AUTO_INCREMENT,
  `action_time` datetime(6) NOT NULL,
  `object_id` longtext,
  `object_repr` varchar(200) NOT NULL,
  `action_flag` smallint(5) unsigned NOT NULL,
  `change_message` longtext NOT NULL,
  `content_type_id` int(11) DEFAULT NULL,
  `user_id` int(11) NOT NULL,
  PRIMARY KEY (`id`),
  KEY `django_admin_log_content_type_id_c4bce8eb_fk_django_co` (`content_type_id`),
  KEY `django_admin_log_user_id_c564eba6_fk_auth_user_id` (`user_id`),
  CONSTRAINT `django_admin_log_content_type_id_c4bce8eb_fk_django_co` FOREIGN KEY (`content_type_id`) REFERENCES `django_content_type` (`id`),
  CONSTRAINT `django_admin_log_user_id_c564eba6_fk_auth_user_id` FOREIGN KEY (`user_id`) REFERENCES `auth_user` (`id`)
) ENGINE=InnoDB AUTO_INCREMENT=179 DEFAULT CHARSET=utf8mb4 COLLATE=utf8mb4_0900_ai_ci;
/*!40101 SET character_set_client = @saved_cs_client */;

--
-- Dumping data for table `django_admin_log`
--

LOCK TABLES `django_admin_log` WRITE;
/*!40000 ALTER TABLE `django_admin_log` DISABLE KEYS */;
INSERT INTO `django_admin_log` VALUES (1,'2019-04-21 23:01:47.943000','1','founder001',2,'[{\"changed\": {\"fields\": [\"d_time\", \"has_confirmed\", \"last_view_dynamic\"]}}]',15,1),(2,'2019-04-21 23:37:57.483639','1','founder001:   1016011209338462988',3,'',7,1),(3,'2019-04-21 23:52:34.953662','2','founder002',2,'[{\"changed\": {\"fields\": [\"d_time\", \"has_confirmed\", \"last_view_dynamic\"]}}]',15,1),(4,'2019-04-21 23:52:43.878688','2','founder002:   -1051378700359723265',3,'',7,1),(5,'2019-04-22 00:03:17.153238','3','investor003',2,'[{\"changed\": {\"fields\": [\"d_time\", \"has_confirmed\", \"last_view_dynamic\"]}}]',15,1),(6,'2019-04-22 00:03:32.911689','3','investor003:   -1627600294984097252',3,'',7,1),(7,'2019-04-22 09:28:00.724005','6','user010:   -201936309904497150',3,'',7,1),(8,'2019-04-22 09:28:07.323476','6','user010',3,'',15,1),(9,'2019-04-22 13:38:28.906708','817','DynamicRecord object (817)',1,'[{\"added\": {}}]',9,1),(10,'2019-04-23 04:57:08.265997','19','PMBUAA',3,'',15,1),(11,'2019-05-06 07:26:15.885549','1','founder001',2,'[{\"changed\": {\"fields\": [\"email\"]}}]',15,1),(12,'2019-05-06 08:29:29.257613','1','founder001',2,'[{\"changed\": {\"fields\": [\"email\"]}}]',15,1),(13,'2019-05-09 19:41:06.496278','31728','果咚互娱',3,'',13,1),(14,'2019-05-09 19:41:06.504057','31710','恋爱宝',3,'',13,1),(15,'2019-05-09 19:41:06.512272','31703','刷题通',3,'',13,1),(16,'2019-05-09 19:41:48.974196','31172','甘肃文化出版社',3,'',13,1),(17,'2019-05-09 19:42:56.452097','31172','甘肃文化出版社',3,'',13,1),(18,'2019-05-09 19:43:48.376006','31287','科技效率生产最大化',3,'',13,1),(19,'2019-05-09 19:58:30.413106','31268','在线订制',3,'',13,1),(21,'2019-05-09 20:02:57.861381','31258','一加一不等于二',3,'',13,1),(22,'2019-05-09 20:03:32.097526','31788','小罐茶',3,'',13,1),(23,'2019-05-09 20:03:53.032782','31773','校校单车',3,'',13,1),(24,'2019-05-09 20:04:20.071949','31716','光合直播间',3,'',13,1),(25,'2019-05-09 20:15:54.997911','30990','掌上办公室',3,'',13,1),(26,'2019-05-09 20:16:35.517662','31021','一千款横式鼠标器',3,'',13,1),(27,'2019-05-09 20:17:17.383649','31054','超薄触控鼠标',3,'',13,1),(28,'2019-05-09 20:17:44.095376','31005','怀融文化',3,'',13,1),(29,'2019-05-09 20:19:03.155137','31105','毒APP',3,'',13,1),(30,'2019-05-09 20:20:26.309366','31417','发飚智能',3,'',13,1),(31,'2019-05-09 20:20:41.928561','31479','嘿哟科技',3,'',13,1),(32,'2019-05-09 20:22:57.675997','31691','无学网络',3,'',13,1),(33,'2019-05-09 20:23:10.964398','31690','扁担网',3,'',13,1),(34,'2019-05-09 20:23:45.431052','31592','乡村乐周末',3,'',13,1),(35,'2019-05-09 20:25:26.054589','31501','做票君',3,'',13,1),(36,'2019-05-09 20:26:14.718733','31490','橙色星球',3,'',13,1),(37,'2019-05-09 20:28:53.916844','31086','翼支付',3,'',13,1),(38,'2019-05-10 05:38:25.484800','31794','蚂蚁销客/米孜科技',3,'',13,1),(39,'2019-05-10 05:38:25.538440','31786','成都小器设计',3,'',13,1),(40,'2019-05-10 05:38:25.546785','31784','从心开始',3,'',13,1),(41,'2019-05-10 05:38:25.554440','31782','欢喜迷你无人便利店',3,'',13,1),(42,'2019-05-10 05:38:25.563078','31779','小麦便利店/小麦铺',3,'',13,1),(43,'2019-05-10 05:38:25.570031','31776','鱼旅客栈',3,'',13,1),(44,'2019-05-10 05:38:25.587907','31772','同住拼房',3,'',13,1),(45,'2019-05-10 05:38:25.595057','31761','天雷动漫',3,'',13,1),(46,'2019-05-10 05:38:25.611052','31754','玩咖直播',3,'',13,1),(47,'2019-05-10 05:38:25.630463','31748','下班趣哪儿',3,'',13,1),(48,'2019-05-10 05:38:25.638554','31704','艺狗盒子',3,'',13,1),(49,'2019-05-10 05:38:25.645198','31696','今日好物',3,'',13,1),(50,'2019-05-10 05:50:40.802979','31796','匠客街',3,'',13,1),(51,'2019-05-10 05:50:40.847925','31795','好品山东',3,'',13,1),(52,'2019-05-10 05:50:40.855963','31789','科友信息',3,'',13,1),(53,'2019-05-10 05:50:40.874976','31785','闲车租赁',3,'',13,1),(54,'2019-05-10 05:50:40.881944','31783','鸭梨管家',3,'',13,1),(55,'2019-05-10 05:50:40.891851','31781','微爪书',3,'',13,1),(56,'2019-05-10 05:50:40.899217','31770','铸梦动画',3,'',13,1),(57,'2019-05-10 05:50:40.907604','31767','京纬墙材',3,'',13,1),(58,'2019-05-10 05:50:40.921481','31766','漫米',3,'',13,1),(59,'2019-05-10 05:50:40.937578','31762','巨龙科教',3,'',13,1),(60,'2019-05-10 05:50:40.945192','31758','TRIP2P',3,'',13,1),(61,'2019-05-10 05:50:40.953384','31752','嘀嗒拍车',3,'',13,1),(62,'2019-05-10 05:50:40.967004','31746','CrazyMoles疯狂鼹鼠',3,'',13,1),(63,'2019-05-10 05:50:40.973569','31743','Cozitrip',3,'',13,1),(64,'2019-05-10 05:50:40.980893','31733','七只考拉',3,'',13,1),(65,'2019-05-10 05:50:40.989883','31730','旅帮',3,'',13,1),(66,'2019-05-10 05:50:41.005383','31724','好保险APP，好保宝APP',3,'',13,1),(67,'2019-05-10 05:50:41.011835','31714','快点阅读/天桐互动',3,'',13,1),(68,'2019-05-10 05:50:41.018176','31712','川派医生集团',3,'',13,1),(69,'2019-05-10 05:50:41.024674','31698','智玩众娱',3,'',13,1),(70,'2019-05-10 05:50:41.031142','31692','国泰航空',3,'',13,1),(71,'2019-05-10 05:50:41.043668','31683','星洞瑧品/ 星洞奢侈品',3,'',13,1),(72,'2019-05-10 05:51:11.772599','31799','水产',3,'',13,1),(73,'2019-05-10 05:51:11.785657','31798','124312',3,'',13,1),(74,'2019-05-10 05:52:56.890877','31678','共享儿童摇摇车',3,'',13,1),(75,'2019-05-10 05:52:56.900757','31664','童年时光——鲜生买菜',3,'',13,1),(76,'2019-05-10 05:52:56.908998','31660','《燕小姐的窝项目计划书》',3,'',13,1),(77,'2019-05-10 05:52:56.915614','31658','创维电器',3,'',13,1),(78,'2019-05-10 06:13:25.123813','31646','乐享时间APP',3,'',13,1),(79,'2019-05-10 06:13:25.172611','31644','小学宝',3,'',13,1),(80,'2019-05-10 06:13:25.181466','31643','鹿摇乐园',3,'',13,1),(81,'2019-05-10 06:13:25.188744','31641','中羽运动网',3,'',13,1),(82,'2019-05-10 06:13:25.210782','31634','Akulaku',3,'',13,1),(83,'2019-05-10 06:13:25.224742','31632','社区无人便利冰箱',3,'',13,1),(84,'2019-05-10 06:13:25.231520','31629','不二熊文化生态链',3,'',13,1),(85,'2019-05-10 06:13:25.240143','31626','狮吼文化/狮吼TV',3,'',13,1),(86,'2019-05-10 06:13:25.247882','31624','熊猫微校',3,'',13,1),(87,'2019-05-10 06:13:25.254472','31621','斗球大咖',3,'',13,1),(88,'2019-05-10 06:13:25.266155','31607','合链科技',3,'',13,1),(89,'2019-05-10 06:13:25.273738','31605','吾里文化',3,'',13,1),(90,'2019-05-10 06:13:25.284566','31600','海伦七彩',3,'',13,1),(91,'2019-05-10 06:13:25.290832','31597','滚雷进口车',3,'',13,1),(92,'2019-05-10 06:13:25.298972','31594','松果电单车',3,'',13,1),(93,'2019-05-10 06:13:25.307625','31587','Design Box',3,'',13,1),(94,'2019-05-10 06:13:25.314542','31585','本座AI',3,'',13,1),(95,'2019-05-10 06:13:25.321756','31582','基游Life',3,'',13,1),(96,'2019-05-10 06:13:25.328097','31581','快感飞车',3,'',13,1),(97,'2019-05-10 06:13:25.340418','31578','全城握手',3,'',13,1),(98,'2019-05-10 06:13:25.346813','31575','中音阶梯教育集团',3,'',13,1),(99,'2019-05-10 06:13:25.354643','31556','新宽联数码',3,'',13,1),(100,'2019-05-10 06:13:25.362659','31552','阿义玛',3,'',13,1),(101,'2019-05-10 06:13:25.370208','31551','镜尚科技',3,'',13,1),(102,'2019-05-10 06:15:40.341276','31651','南方制药',3,'',13,1),(103,'2019-05-10 06:15:40.351019','31549','软绵绵',3,'',13,1),(104,'2019-05-10 06:15:40.359397','31545','厨品烩',3,'',13,1),(105,'2019-05-10 06:15:40.368375','31544','养均衡-智能营养师',3,'',13,1),(106,'2019-05-10 06:15:40.374523','31542','普顿科技',3,'',13,1),(107,'2019-05-10 06:15:40.384388','31538','好园长社区',3,'',13,1),(108,'2019-05-10 06:15:40.391864','31535','道可韦儿',3,'',13,1),(109,'2019-05-10 06:15:40.407502','31533','展卷科技',3,'',13,1),(110,'2019-05-10 06:16:29.642220','31526','宝宝玩英语',3,'',13,1),(111,'2019-05-10 06:16:29.650004','31525','粉屋',3,'',13,1),(112,'2019-05-10 06:16:29.666183','31524','爱车爸爸',3,'',13,1),(113,'2019-05-10 06:16:29.673025','31523','币世界',3,'',13,1),(114,'2019-05-10 06:17:09.875652','31650','订货宝-阿商科技',3,'',13,1),(115,'2019-05-10 06:17:09.884409','31649','时代出行',3,'',13,1),(116,'2019-05-10 06:17:09.891438','31648','艾惜米多功能蒸具',3,'',13,1),(117,'2019-05-10 06:17:09.898278','31638','芃蒂',3,'',13,1),(118,'2019-05-10 06:17:09.909901','31637','厨芯',3,'',13,1),(119,'2019-05-10 06:17:09.917102','31518','小区活动',3,'',13,1),(120,'2019-05-10 06:17:09.947004','31516','内推小王子',3,'',13,1),(121,'2019-05-10 06:17:09.953399','31515','快金数据-快递鸟',3,'',13,1),(122,'2019-05-10 06:22:39.007192','31498','酷块',3,'',13,1),(123,'2019-05-10 06:22:39.014808','31496','考考Mobi',3,'',13,1),(124,'2019-05-10 06:22:39.025011','31493','楚才',3,'',13,1),(125,'2019-05-10 06:22:39.032341','31492','赛票360',3,'',13,1),(126,'2019-05-10 06:22:39.039396','31489','小圈ERP',3,'',13,1),(127,'2019-05-10 06:22:39.046519','31488','爱速递',3,'',13,1),(128,'2019-05-10 06:22:39.053410','31487','艾尔平方',3,'',13,1),(129,'2019-05-10 06:22:39.064586','31476','裸心社',3,'',13,1),(130,'2019-05-10 06:22:39.072923','31475','手滑科技',3,'',13,1),(131,'2019-05-10 06:22:39.079688','31474','幕后TV',3,'',13,1),(132,'2019-05-10 06:22:39.091679','31471','网易有道',3,'',13,1),(133,'2019-05-10 06:22:39.102060','31470','KK点歌',3,'',13,1),(134,'2019-05-10 06:22:39.108799','31469','迅模网',3,'',13,1),(135,'2019-05-10 06:22:39.115098','31466','币运动',3,'',13,1),(136,'2019-05-10 06:22:39.121207','31462','农贸城APP',3,'',13,1),(137,'2019-05-10 06:22:39.128987','31461','TokenPocket',3,'',13,1),(138,'2019-05-10 06:22:39.134959','31455','甬盒生活智能无人便利店',3,'',13,1),(139,'2019-05-10 06:22:39.141875','31451','优杯Yours Cup',3,'',13,1),(140,'2019-05-10 06:22:39.147607','31446','互联网时代下的护肤新体验',3,'',13,1),(141,'2019-05-10 06:22:39.155046','31443','轻时尚快捷餐饮连锁品牌-黄山菜饭骨头汤',3,'',13,1),(142,'2019-05-10 06:22:39.196627','31427','章鱼宝',3,'',13,1),(143,'2019-05-10 06:22:39.204850','31426','TG外卖',3,'',13,1),(144,'2019-05-10 06:22:39.210860','31423','青海文源本地互联网广告聚合服务商',3,'',13,1),(145,'2019-05-10 06:22:39.217305','31405','车享链',3,'',13,1),(146,'2019-05-10 06:22:39.223124','31404','呼呼',3,'',13,1),(147,'2019-05-10 06:25:44.759852','31364','MashUp部落',3,'',13,1),(148,'2019-05-10 06:25:44.782057','31360','熊猫格子',3,'',13,1),(149,'2019-05-10 06:25:44.788456','31357','哼哼速识',3,'',13,1),(150,'2019-05-10 06:25:44.798916','31353','之间文化',3,'',13,1),(151,'2019-05-10 06:25:44.806973','31351','东莞锂威',3,'',13,1),(152,'2019-05-10 06:25:44.814804','31349','波比英语',3,'',13,1),(153,'2019-05-10 06:25:44.823488','31287','科技效率生产最大化',3,'',13,1),(154,'2019-05-15 20:43:19.930638','24','mzy',2,'[{\"changed\": {\"fields\": [\"last_view_dynamic\"]}}]',15,1),(155,'2019-05-15 20:43:39.441022','24','mzy',2,'[{\"changed\": {\"fields\": [\"level\"]}}]',15,1),(156,'2019-05-15 21:15:15.237759','2','Applicant object (2)',3,'',20,1),(157,'2019-05-17 08:59:33.433311','3','investor003',2,'[{\"changed\": {\"fields\": [\"last_view_dynamic\", \"level\"]}}]',15,1),(158,'2019-05-18 17:37:52.273760','3','investor003',2,'[{\"changed\": {\"fields\": [\"has_confirmed\", \"last_view_dynamic\"]}}]',15,1),(159,'2019-05-18 17:38:20.248758','3','investor003',2,'[]',15,1),(160,'2019-05-18 17:41:07.691797','3','investor003',2,'[{\"changed\": {\"fields\": [\"d_time\", \"has_confirmed\"]}}]',15,1),(161,'2019-05-18 17:44:27.256910','3','investor003',2,'[{\"changed\": {\"fields\": [\"has_confirmed\"]}}]',15,1),(162,'2019-05-18 17:46:05.383210','3','investor003',2,'[{\"changed\": {\"fields\": [\"has_confirmed\"]}}]',15,1),(163,'2019-05-19 08:59:55.644399','37','inv123',2,'[{\"changed\": {\"fields\": [\"has_confirmed\", \"last_view_dynamic\"]}}]',15,1),(164,'2019-05-19 09:00:42.888918','37','inv123',2,'[{\"changed\": {\"fields\": [\"has_confirmed\"]}}]',15,1),(165,'2019-05-19 17:36:35.995968','3','investor003',2,'[{\"changed\": {\"fields\": [\"level\"]}}]',15,1),(166,'2019-05-19 17:36:56.998682','3','investor003',2,'[{\"changed\": {\"fields\": [\"level\"]}}]',15,1),(167,'2019-05-19 17:41:23.318570','3','investor003',2,'[{\"changed\": {\"fields\": [\"level\"]}}]',15,1),(168,'2019-05-27 07:45:51.425250','40','233',3,'',15,1),(169,'2019-05-27 07:46:07.860261','40','233',3,'',15,1),(170,'2019-05-27 09:13:20.738452','7','Applicant object (7)',2,'[{\"changed\": {\"fields\": [\"position\"]}}]',20,1),(171,'2019-05-27 09:19:43.554262','44','hmhmhm123',2,'[{\"changed\": {\"fields\": [\"last_view_dynamic\", \"level\"]}}]',15,1),(172,'2019-05-27 14:17:42.973375','46','2233',1,'[{\"added\": {}}]',15,1),(173,'2019-05-27 14:18:02.922488','46','2233',3,'',15,1),(174,'2019-05-27 14:40:18.220418','40','233',3,'',15,1),(175,'2019-05-28 07:16:35.562631','45','Someday',2,'[{\"changed\": {\"fields\": [\"last_view_dynamic\", \"level\"]}}]',15,1),(176,'2019-05-28 07:16:48.951688','45','Someday',2,'[{\"changed\": {\"fields\": [\"level\"]}}]',15,1),(177,'2019-05-28 07:17:34.722243','47','3530839565',3,'',15,1),(178,'2019-06-02 07:27:13.820337','88','founder002:   -810350246389149391',3,'',7,1);
/*!40000 ALTER TABLE `django_admin_log` ENABLE KEYS */;
UNLOCK TABLES;

--
-- Table structure for table `django_content_type`
--

DROP TABLE IF EXISTS `django_content_type`;
/*!40101 SET @saved_cs_client     = @@character_set_client */;
 SET character_set_client = utf8mb4 ;
CREATE TABLE `django_content_type` (
  `id` int(11) NOT NULL AUTO_INCREMENT,
  `app_label` varchar(100) NOT NULL,
  `model` varchar(100) NOT NULL,
  PRIMARY KEY (`id`),
  UNIQUE KEY `django_content_type_app_label_model_76bd3d3b_uniq` (`app_label`,`model`)
) ENGINE=InnoDB AUTO_INCREMENT=21 DEFAULT CHARSET=utf8mb4 COLLATE=utf8mb4_0900_ai_ci;
/*!40101 SET character_set_client = @saved_cs_client */;

--
-- Dumping data for table `django_content_type`
--

LOCK TABLES `django_content_type` WRITE;
/*!40000 ALTER TABLE `django_content_type` DISABLE KEYS */;
INSERT INTO `django_content_type` VALUES (1,'admin','logentry'),(3,'auth','group'),(2,'auth','permission'),(4,'auth','user'),(17,'captcha','captchastore'),(5,'contenttypes','contenttype'),(18,'message','messagerecord'),(19,'message','recentcontacts'),(6,'sessions','session'),(20,'Software','applicant'),(7,'Software','confirmstring'),(8,'Software','del_user'),(9,'Software','dynamicrecord'),(10,'Software','history'),(11,'Software','personal_information_entrepreneur'),(12,'Software','personal_information_investor'),(13,'Software','project'),(14,'Software','projectattention'),(15,'Software','user'),(16,'Software','userattention');
/*!40000 ALTER TABLE `django_content_type` ENABLE KEYS */;
UNLOCK TABLES;

--
-- Table structure for table `django_migrations`
--

DROP TABLE IF EXISTS `django_migrations`;
/*!40101 SET @saved_cs_client     = @@character_set_client */;
 SET character_set_client = utf8mb4 ;
CREATE TABLE `django_migrations` (
  `id` int(11) NOT NULL AUTO_INCREMENT,
  `app` varchar(255) NOT NULL,
  `name` varchar(255) NOT NULL,
  `applied` datetime(6) NOT NULL,
  PRIMARY KEY (`id`)
) ENGINE=InnoDB AUTO_INCREMENT=32 DEFAULT CHARSET=utf8mb4 COLLATE=utf8mb4_0900_ai_ci;
/*!40101 SET character_set_client = @saved_cs_client */;

--
-- Dumping data for table `django_migrations`
--

LOCK TABLES `django_migrations` WRITE;
/*!40000 ALTER TABLE `django_migrations` DISABLE KEYS */;
INSERT INTO `django_migrations` VALUES (1,'Software','0001_initial','2019-04-19 09:36:39.662889'),(2,'contenttypes','0001_initial','2019-04-19 09:36:39.771155'),(3,'auth','0001_initial','2019-04-19 09:36:41.158561'),(4,'admin','0001_initial','2019-04-19 09:36:41.550948'),(5,'admin','0002_logentry_remove_auto_add','2019-04-19 09:36:41.566375'),(6,'admin','0003_logentry_add_action_flag_choices','2019-04-19 09:36:41.589371'),(7,'contenttypes','0002_remove_content_type_name','2019-04-19 09:36:41.815134'),(8,'auth','0002_alter_permission_name_max_length','2019-04-19 09:36:41.970946'),(9,'auth','0003_alter_user_email_max_length','2019-04-19 09:36:42.012175'),(10,'auth','0004_alter_user_username_opts','2019-04-19 09:36:42.037324'),(11,'auth','0005_alter_user_last_login_null','2019-04-19 09:36:42.162526'),(12,'auth','0006_require_contenttypes_0002','2019-04-19 09:36:42.173035'),(13,'auth','0007_alter_validators_add_error_messages','2019-04-19 09:36:42.189174'),(14,'auth','0008_alter_user_username_max_length','2019-04-19 09:36:42.349342'),(15,'auth','0009_alter_user_last_name_max_length','2019-04-19 09:36:42.480702'),(16,'captcha','0001_initial','2019-04-19 09:36:42.547167'),(17,'message','0001_initial','2019-04-19 09:36:43.148410'),(18,'sessions','0001_initial','2019-04-19 09:36:43.267053'),(19,'Software','0002_auto_20190428_2346','2019-04-28 15:46:53.267532'),(20,'message','0002_auto_20190428_2346','2019-04-28 15:46:53.448007'),(21,'Software','0003_auto_20190511_2357','2019-05-11 15:57:22.312814'),(22,'Software','0004_auto_20190512_1009','2019-05-12 02:09:15.792302'),(23,'Software','0005_auto_20190513_0101','2019-05-12 17:01:47.321810'),(24,'Software','0006_auto_20190515_1902','2019-05-15 12:30:56.449595'),(25,'Software','0007_auto_20190515_2119','2019-05-15 13:19:57.678920'),(26,'Software','0008_auto_20190515_2309','2019-05-15 15:11:31.254881'),(27,'Software','0009_auto_20190516_0043','2019-05-15 16:43:36.200445'),(28,'Software','0010_auto_20190516_0442','2019-05-15 20:42:55.325716'),(29,'Software','0011_auto_20190517_1647','2019-05-17 08:49:09.249790'),(30,'Software','0012_auto_20190517_1649','2019-05-17 08:49:27.512234'),(31,'Software','0013_auto_20190518_2213','2019-05-18 14:14:02.677589');
/*!40000 ALTER TABLE `django_migrations` ENABLE KEYS */;
UNLOCK TABLES;

--
-- Table structure for table `django_session`
--

DROP TABLE IF EXISTS `django_session`;
/*!40101 SET @saved_cs_client     = @@character_set_client */;
 SET character_set_client = utf8mb4 ;
CREATE TABLE `django_session` (
  `session_key` varchar(40) NOT NULL,
  `session_data` longtext NOT NULL,
  `expire_date` datetime(6) NOT NULL,
  PRIMARY KEY (`session_key`),
  KEY `django_session_expire_date_a5c62663` (`expire_date`)
) ENGINE=InnoDB DEFAULT CHARSET=utf8mb4 COLLATE=utf8mb4_0900_ai_ci;
/*!40101 SET character_set_client = @saved_cs_client */;

--
-- Dumping data for table `django_session`
--

LOCK TABLES `django_session` WRITE;
/*!40000 ALTER TABLE `django_session` DISABLE KEYS */;
INSERT INTO `django_session` VALUES ('01ubmqu5lo6341cvj53cqapftrj9e6g6','YmViMjI1M2NmNGRmZWMyOWE0YmQ0ZTZhZTVjMzI2ZTIyOGFiZDAyZjp7ImlzX2xvZ2luIjp0cnVlLCJ1aWQiOjE4LCJ1c2VyX25hbWUiOiJsaXVjaGFvamluZyJ9','2019-05-21 06:42:32.183689'),('03ek96ogk6d0el47ulda0h25b3fglmfu','NTI3ZGU0ZGEzODY1NDQzYTEwYzllNmIzODliYjU5MDdhYTBlODg1YTp7ImlzX2xvZ2luIjp0cnVlLCJ1aWQiOjEsInVzZXJfbmFtZSI6ImZvdW5kZXIwMDEiLCJsZXZlbCI6MCwiaWRlbnRpdHkiOjB9','2019-06-05 08:54:30.839074'),('04jk04m0l1fjq7gelip1nidxjx6phsjl','ZjkxZjQ4MWVlMjQ4MjI1ZDk4ZmE4Nzk3NzBjYWYwMWFjYjc1NGIxMDp7ImlzX2xvZ2luIjp0cnVlLCJ1aWQiOjI0LCJ1c2VyX25hbWUiOiJtenkiLCJsZXZlbCI6MH0=','2019-05-29 16:56:59.814519'),('08cyn9v5aeuh07vfoflbq2pkzqcf0g1j','NzRlNGRmNzM2MGM2OTQ2ODJlZWI0MTExMGViYzBlZGU3ZTRlN2EzOTp7InVpZCI6NSwidXNlcl9uYW1lIjoidHVyYm8ifQ==','2019-05-28 06:40:17.341525'),('0je7al6lktnoxzncexvkkqr103knp0xi','YmViMjI1M2NmNGRmZWMyOWE0YmQ0ZTZhZTVjMzI2ZTIyOGFiZDAyZjp7ImlzX2xvZ2luIjp0cnVlLCJ1aWQiOjE4LCJ1c2VyX25hbWUiOiJsaXVjaGFvamluZyJ9','2019-05-21 05:02:52.978573'),('15cjps1syzu0zxnn40zdy77pcxvcyfq4','YmViMjI1M2NmNGRmZWMyOWE0YmQ0ZTZhZTVjMzI2ZTIyOGFiZDAyZjp7ImlzX2xvZ2luIjp0cnVlLCJ1aWQiOjE4LCJ1c2VyX25hbWUiOiJsaXVjaGFvamluZyJ9','2019-05-26 17:02:47.221409'),('1935se7s7k5f01xtygq5mtq92lip9j2t','NjY1MzU3NTMzZTJlYWI3NjY0Y2M5MTE2MjJmYjZkZjI2ZjVlZDEzNDp7InVpZCI6NDcsInVzZXJfbmFtZSI6IjM1MzA4Mzk1NjUifQ==','2019-06-10 14:41:49.230657'),('1ie5ltk0auek8ty74cg0tr5gqwu30oap','NTI3ZGU0ZGEzODY1NDQzYTEwYzllNmIzODliYjU5MDdhYTBlODg1YTp7ImlzX2xvZ2luIjp0cnVlLCJ1aWQiOjEsInVzZXJfbmFtZSI6ImZvdW5kZXIwMDEiLCJsZXZlbCI6MCwiaWRlbnRpdHkiOjB9','2019-06-05 08:48:47.824698'),('21gl26o89kj7v4law3l098zqb68px99y','YWM2OGM5ZWJiOTczNjY3NmRjYTAxODE0ZjkzMGU5ODVjNjgzOTBhNTp7InVpZCI6MzQsInVzZXJfbmFtZSI6Ind3d3d3In0=','2019-06-01 15:50:58.972450'),('222zeuy2i7k33cjzb8kbgpfoyibbio83','NTRmNjM5ZDNiNTNlZmZkYTllMmY4MzNlYWI0YTUxMjc5OTQyOTU5Mjp7Il9hdXRoX3VzZXJfaWQiOiIxIiwiX2F1dGhfdXNlcl9iYWNrZW5kIjoiZGphbmdvLmNvbnRyaWIuYXV0aC5iYWNrZW5kcy5Nb2RlbEJhY2tlbmQiLCJfYXV0aF91c2VyX2hhc2giOiI0ZTcyMjM3NTQ1NmRjMjQ2NTczMWQyYTMwYzE0OGMxZDMzZTE1OTI2In0=','2019-06-01 17:40:51.901167'),('2a3nr11j57r0ab1o07pvkc40b2kj4ueo','ZGM4ZGVjOWUyMThkY2ZmNWJjOTQzODUzZTkyZTlkNTlkMjY0MjdlMTp7ImlzX2xvZ2luIjp0cnVlLCJ1aWQiOjEsInVzZXJfbmFtZSI6ImZvdW5kZXIwMDEifQ==','2019-05-06 14:31:50.311742'),('2abszfmc7e9eiubz07da5qio8bbczfxk','ZjkxZjQ4MWVlMjQ4MjI1ZDk4ZmE4Nzk3NzBjYWYwMWFjYjc1NGIxMDp7ImlzX2xvZ2luIjp0cnVlLCJ1aWQiOjI0LCJ1c2VyX25hbWUiOiJtenkiLCJsZXZlbCI6MH0=','2019-05-29 16:56:36.197140'),('2i2p0pcnt5o07pgt1cou8y2g520ihs0p','ZGM4ZGVjOWUyMThkY2ZmNWJjOTQzODUzZTkyZTlkNTlkMjY0MjdlMTp7ImlzX2xvZ2luIjp0cnVlLCJ1aWQiOjEsInVzZXJfbmFtZSI6ImZvdW5kZXIwMDEifQ==','2019-05-18 09:29:18.220910'),('2rw67baxn160oddej3qt9k4ymdbj33t7','YmViMjI1M2NmNGRmZWMyOWE0YmQ0ZTZhZTVjMzI2ZTIyOGFiZDAyZjp7ImlzX2xvZ2luIjp0cnVlLCJ1aWQiOjE4LCJ1c2VyX25hbWUiOiJsaXVjaGFvamluZyJ9','2019-05-06 14:23:26.049633'),('2vhtyed7sl9wznrjy65dblcor8xgjdt5','NTI3ZGU0ZGEzODY1NDQzYTEwYzllNmIzODliYjU5MDdhYTBlODg1YTp7ImlzX2xvZ2luIjp0cnVlLCJ1aWQiOjEsInVzZXJfbmFtZSI6ImZvdW5kZXIwMDEiLCJsZXZlbCI6MCwiaWRlbnRpdHkiOjB9','2019-06-06 08:58:18.582964'),('30if22571krzwfts8z3vlkdlg4w54vys','YmViMjI1M2NmNGRmZWMyOWE0YmQ0ZTZhZTVjMzI2ZTIyOGFiZDAyZjp7ImlzX2xvZ2luIjp0cnVlLCJ1aWQiOjE4LCJ1c2VyX25hbWUiOiJsaXVjaGFvamluZyJ9','2019-05-19 15:04:00.909824'),('31po1y53v31i1vm2nx2ww2euw5wosrxs','MDhmNGEzYTBiMTdkM2ExODk2NTI4YzI0NWMyZWM3MWYxYWMxNDlkMTp7ImlzX2xvZ2luIjp0cnVlLCJ1aWQiOjE4LCJ1c2VyX25hbWUiOiJsaXVjaGFvamluZyIsImxldmVsIjowLCJpZGVudGl0eSI6MH0=','2019-06-02 17:47:24.590987'),('3nk2krjlj4mb26lyyd4iz2rgdc96rinx','Njg5ODAxOGE2NTNkYjJiMzU1MmU0ODliMjQ3MTE5NzgyY2I2ZjM0MDp7ImlzX2xvZ2luIjp0cnVlLCJ1aWQiOjUsInVzZXJfbmFtZSI6InR1cmJvIn0=','2019-05-21 06:32:42.654092'),('4twt5yeotf67n5yxwaxl5sxhq9g5eejm','MDhmNGEzYTBiMTdkM2ExODk2NTI4YzI0NWMyZWM3MWYxYWMxNDlkMTp7ImlzX2xvZ2luIjp0cnVlLCJ1aWQiOjE4LCJ1c2VyX25hbWUiOiJsaXVjaGFvamluZyIsImxldmVsIjowLCJpZGVudGl0eSI6MH0=','2019-06-03 01:31:32.308194'),('4unn35mp7yvkrv7akwzc06ukur3bybzk','NTI3ZGU0ZGEzODY1NDQzYTEwYzllNmIzODliYjU5MDdhYTBlODg1YTp7ImlzX2xvZ2luIjp0cnVlLCJ1aWQiOjEsInVzZXJfbmFtZSI6ImZvdW5kZXIwMDEiLCJsZXZlbCI6MCwiaWRlbnRpdHkiOjB9','2019-06-05 08:13:15.697285'),('56kc0x9luwwodmsfsug5hobqlxp63ss6','YmViMjI1M2NmNGRmZWMyOWE0YmQ0ZTZhZTVjMzI2ZTIyOGFiZDAyZjp7ImlzX2xvZ2luIjp0cnVlLCJ1aWQiOjE4LCJ1c2VyX25hbWUiOiJsaXVjaGFvamluZyJ9','2019-05-21 05:04:26.582610'),('5c9ohdf9ygnkzmc4vvybqdk02zty1d2g','YmViMjI1M2NmNGRmZWMyOWE0YmQ0ZTZhZTVjMzI2ZTIyOGFiZDAyZjp7ImlzX2xvZ2luIjp0cnVlLCJ1aWQiOjE4LCJ1c2VyX25hbWUiOiJsaXVjaGFvamluZyJ9','2019-05-13 09:25:32.754411'),('5togthkccrvw358nx519tmp8n288h3x1','NTAwYWZiMjRiYWM4YWVjZmQ5N2YwZmUxNWYxMmRkYWRlOTFiNmJjZjp7ImlzX2xvZ2luIjp0cnVlLCJ1aWQiOjI0LCJ1c2VyX25hbWUiOiJtenkifQ==','2019-05-21 06:40:55.343195'),('5xj10cgou98d4iorg1c6veqdkt0n7ezx','M2VmZWFlOTkzZTc1OGIyZTNmMzI4YWVmZjg2NjQ5MDExZDU0NDE4MTp7ImlzX2xvZ2luIjp0cnVlLCJ1aWQiOjM5LCJ1c2VyX25hbWUiOiJ3YW5nc2YiLCJsZXZlbCI6MCwiaWRlbnRpdHkiOjF9','2019-06-10 13:49:28.675590'),('6eqq02dgwta8w6vyg9m83clripee6tqi','ZGM4ZGVjOWUyMThkY2ZmNWJjOTQzODUzZTkyZTlkNTlkMjY0MjdlMTp7ImlzX2xvZ2luIjp0cnVlLCJ1aWQiOjEsInVzZXJfbmFtZSI6ImZvdW5kZXIwMDEifQ==','2019-05-06 14:34:33.120137'),('78a2bzyt7gro8b2k6k27pss7gqsyyvzm','YmViMjI1M2NmNGRmZWMyOWE0YmQ0ZTZhZTVjMzI2ZTIyOGFiZDAyZjp7ImlzX2xvZ2luIjp0cnVlLCJ1aWQiOjE4LCJ1c2VyX25hbWUiOiJsaXVjaGFvamluZyJ9','2019-05-13 15:45:10.784433'),('8y9qq0gg3gydw959srx4h0sm5wfm4h0s','Y2M1M2QzMzUwMmRiMGRlMmZhZTU1OTJmZmRhNGMxZWZlZTM3OTJlYzp7ImlzX2xvZ2luIjp0cnVlLCJ1aWQiOjE4LCJ1c2VyX25hbWUiOiJsaXVjaGFvamluZyIsImxldmVsIjowfQ==','2019-05-29 15:24:21.308299'),('93376ultydliul1zsxmelpdrfn5qsdi2','ZGM4ZGVjOWUyMThkY2ZmNWJjOTQzODUzZTkyZTlkNTlkMjY0MjdlMTp7ImlzX2xvZ2luIjp0cnVlLCJ1aWQiOjEsInVzZXJfbmFtZSI6ImZvdW5kZXIwMDEifQ==','2019-05-07 10:02:58.118921'),('98lubzhsfauhuphmujs4iip9seuppawd','ZDM3NGZmNmVkN2VlMjgwYzg0ZDNlNDllNTUyNzdjZDA3MGRiNDFmYjp7ImlzX2xvZ2luIjp0cnVlLCJ1aWQiOjMsInVzZXJfbmFtZSI6ImludmVzdG9yMDAzIiwibGV2ZWwiOjIsImlkZW50aXR5IjoxfQ==','2019-06-02 18:44:43.177610'),('aenl0gdje0fgxz4qzv822wvd906korcz','NTRmNjM5ZDNiNTNlZmZkYTllMmY4MzNlYWI0YTUxMjc5OTQyOTU5Mjp7Il9hdXRoX3VzZXJfaWQiOiIxIiwiX2F1dGhfdXNlcl9iYWNrZW5kIjoiZGphbmdvLmNvbnRyaWIuYXV0aC5iYWNrZW5kcy5Nb2RlbEJhY2tlbmQiLCJfYXV0aF91c2VyX2hhc2giOiI0ZTcyMjM3NTQ1NmRjMjQ2NTczMWQyYTMwYzE0OGMxZDMzZTE1OTI2In0=','2019-06-10 13:52:01.458034'),('b1ueu57q9flw4p3wiug9uza3cso9xfi4','YzE0NDE2NzBiNGNiNDYxNDU3NzNjYjRlM2MzMzI2NTE1NjczNTc5ZDp7ImlzX2xvZ2luIjp0cnVlLCJ1aWQiOjI0LCJ1c2VyX25hbWUiOiJtenkiLCJsZXZlbCI6MX0=','2019-06-01 16:01:52.204185'),('bhgpkogj3j19y255f5e8uspa6nbbeflz','NTAwYWZiMjRiYWM4YWVjZmQ5N2YwZmUxNWYxMmRkYWRlOTFiNmJjZjp7ImlzX2xvZ2luIjp0cnVlLCJ1aWQiOjI0LCJ1c2VyX25hbWUiOiJtenkifQ==','2019-05-26 14:04:30.582015'),('bymvra478zds2own6b0x4a7fia0d5oqg','YmViMjI1M2NmNGRmZWMyOWE0YmQ0ZTZhZTVjMzI2ZTIyOGFiZDAyZjp7ImlzX2xvZ2luIjp0cnVlLCJ1aWQiOjE4LCJ1c2VyX25hbWUiOiJsaXVjaGFvamluZyJ9','2019-05-28 01:59:53.805497'),('c3hlct4275zgx46f5mws07ce0oj6lgtu','Njg5ODAxOGE2NTNkYjJiMzU1MmU0ODliMjQ3MTE5NzgyY2I2ZjM0MDp7ImlzX2xvZ2luIjp0cnVlLCJ1aWQiOjUsInVzZXJfbmFtZSI6InR1cmJvIn0=','2019-05-06 08:33:57.676474'),('cdsg6b2eaqe5snz3ytjj685st07msysq','Y2M1M2QzMzUwMmRiMGRlMmZhZTU1OTJmZmRhNGMxZWZlZTM3OTJlYzp7ImlzX2xvZ2luIjp0cnVlLCJ1aWQiOjE4LCJ1c2VyX25hbWUiOiJsaXVjaGFvamluZyIsImxldmVsIjowfQ==','2019-06-01 14:17:49.471817'),('cfg2ash4se7r9blds44af8k8u5uolbq6','ZWU5YTMxMDVmNWJjYzI2MmU1NTA4ZmVhNTcwZTZiOThlODViYTE4Mjp7InVpZCI6NDQsInVzZXJfbmFtZSI6ImhtaG1obTEyMyJ9','2019-06-10 08:44:01.254023'),('csgdig6oflbveh2r2qukfdjs9jspqf1c','Y2JkYTM1YjgyMzdjNDIyNzQ5NTNiYzdlODI1NGVkNWQ3N2QyYjE0YTp7ImlzX2xvZ2luIjp0cnVlLCJ1aWQiOjI0LCJ1c2VyX25hbWUiOiJtenkiLCJsZXZlbCI6MSwiaWRlbnRpdHkiOjF9','2019-06-14 10:08:46.463628'),('d7bugln93s1eh6c8juyoi6gzs2zr8r5i','OWMyMDA1YjBlYzc1YmVhODI1MDE1ZjZkZTA3OWNmYmEzMjE3ZTEyYjp7InVpZCI6MzgsInVzZXJfbmFtZSI6IjMzMyJ9','2019-06-02 09:06:31.514843'),('dqvux3cqadkr4fe79epqrpexkm26v11v','MWU2OWNhYjRmYjEwNTc4YzE1NzI4NzQwZDk5NGQ2YjUzYTEyMzEwYjp7ImlzX2xvZ2luIjp0cnVlLCJ1aWQiOjIzLCJ1c2VyX25hbWUiOiIyMjI1ODM4NTQ2In0=','2019-05-21 06:36:46.423762'),('duktookiomaskp7xv5220x602xf0kb0e','MWU2OWNhYjRmYjEwNTc4YzE1NzI4NzQwZDk5NGQ2YjUzYTEyMzEwYjp7ImlzX2xvZ2luIjp0cnVlLCJ1aWQiOjIzLCJ1c2VyX25hbWUiOiIyMjI1ODM4NTQ2In0=','2019-05-27 11:25:20.750090'),('dxaoezr9qjk7ncf20ipggdh998sqbr16','ZWVjNGU4ZjMwMGEyNDJmOGI0ZmU4NDE5ZjQ3YjBjMWQxZjNmNjE1MTp7ImlzX2xvZ2luIjp0cnVlLCJ1aWQiOjMsInVzZXJfbmFtZSI6ImludmVzdG9yMDAzIiwibGV2ZWwiOjAsIl9hdXRoX3VzZXJfaWQiOiIxIiwiX2F1dGhfdXNlcl9iYWNrZW5kIjoiZGphbmdvLmNvbnRyaWIuYXV0aC5iYWNrZW5kcy5Nb2RlbEJhY2tlbmQiLCJfYXV0aF91c2VyX2hhc2giOiI0ZTcyMjM3NTQ1NmRjMjQ2NTczMWQyYTMwYzE0OGMxZDMzZTE1OTI2In0=','2019-05-31 08:58:26.696212'),('e4imv3n09hxicm52rkiwo7ry5lrk9qr2','YWZiZWM3YWQyYjQyMDdiOGMwYzYxN2U1ODhjZTE2MDgxNDQ5ODc5Yzp7ImlzX2xvZ2luIjp0cnVlLCJ1aWQiOjQ0LCJ1c2VyX25hbWUiOiJobWhtaG0xMjMiLCJsZXZlbCI6MiwiaWRlbnRpdHkiOjF9','2019-06-10 13:46:53.491864'),('e9j5erumsk5t9d5dpyvca09y1pb82u41','NTAwYWZiMjRiYWM4YWVjZmQ5N2YwZmUxNWYxMmRkYWRlOTFiNmJjZjp7ImlzX2xvZ2luIjp0cnVlLCJ1aWQiOjI0LCJ1c2VyX25hbWUiOiJtenkifQ==','2019-05-25 12:24:10.646197'),('edyc6sw1t4vboqjcirttt0ep8vb0x4x3','Y2JkYTM1YjgyMzdjNDIyNzQ5NTNiYzdlODI1NGVkNWQ3N2QyYjE0YTp7ImlzX2xvZ2luIjp0cnVlLCJ1aWQiOjI0LCJ1c2VyX25hbWUiOiJtenkiLCJsZXZlbCI6MSwiaWRlbnRpdHkiOjF9','2019-06-10 14:04:28.337753'),('emdn3m0wnormlw5shqwghymic4dtrpih','MDhmNGEzYTBiMTdkM2ExODk2NTI4YzI0NWMyZWM3MWYxYWMxNDlkMTp7ImlzX2xvZ2luIjp0cnVlLCJ1aWQiOjE4LCJ1c2VyX25hbWUiOiJsaXVjaGFvamluZyIsImxldmVsIjowLCJpZGVudGl0eSI6MH0=','2019-06-02 08:50:57.537489'),('frsj0fzklhe7614gj8h5r7wa3xirmsfa','MzAwNTU1ODFhZTE2MTczMTI1Y2UzNWMwMTFhNzg3MzI2NGIwMWZkNjp7ImlzX2xvZ2luIjp0cnVlLCJ1aWQiOjM1LCJ1c2VyX25hbWUiOiIxNjA2MTA4MSIsImxldmVsIjowLCJpZGVudGl0eSI6MX0=','2019-06-02 08:57:57.591554'),('g2k38wgfsoyhkv2cz4mqsqj00d6qnais','NjY1MzU3NTMzZTJlYWI3NjY0Y2M5MTE2MjJmYjZkZjI2ZjVlZDEzNDp7InVpZCI6NDcsInVzZXJfbmFtZSI6IjM1MzA4Mzk1NjUifQ==','2019-06-10 15:21:26.512014'),('gcvbop4ygb9flws2m9o5bbxinim87vzv','NTRmNjM5ZDNiNTNlZmZkYTllMmY4MzNlYWI0YTUxMjc5OTQyOTU5Mjp7Il9hdXRoX3VzZXJfaWQiOiIxIiwiX2F1dGhfdXNlcl9iYWNrZW5kIjoiZGphbmdvLmNvbnRyaWIuYXV0aC5iYWNrZW5kcy5Nb2RlbEJhY2tlbmQiLCJfYXV0aF91c2VyX2hhc2giOiI0ZTcyMjM3NTQ1NmRjMjQ2NTczMWQyYTMwYzE0OGMxZDMzZTE1OTI2In0=','2019-05-20 08:44:55.567051'),('grfk76zjhpg5p5obuy4fznzo731h5k9n','NTI3ZGU0ZGEzODY1NDQzYTEwYzllNmIzODliYjU5MDdhYTBlODg1YTp7ImlzX2xvZ2luIjp0cnVlLCJ1aWQiOjEsInVzZXJfbmFtZSI6ImZvdW5kZXIwMDEiLCJsZXZlbCI6MCwiaWRlbnRpdHkiOjB9','2019-06-16 14:19:02.869145'),('grfsiuo7g8drk7l6ltwuir1i00zy63vw','YzE0NDE2NzBiNGNiNDYxNDU3NzNjYjRlM2MzMzI2NTE1NjczNTc5ZDp7ImlzX2xvZ2luIjp0cnVlLCJ1aWQiOjI0LCJ1c2VyX25hbWUiOiJtenkiLCJsZXZlbCI6MX0=','2019-06-01 17:07:27.695145'),('h05dqmxfav8ay9wfc5cqh1efzqqrvtvz','NjdjYjlhMzgzN2FkZWM4Y2FjYmU2NzNiNGZjMDg4YWNmOTJmYmVlYzp7ImlzX2xvZ2luIjp0cnVlLCJ1aWQiOjQzLCJ1c2VyX25hbWUiOiJudDIzMyIsImxldmVsIjowLCJpZGVudGl0eSI6MH0=','2019-06-10 16:09:26.377793'),('hbdfevmd8u8kddm76idr5hcwrsuc4j15','YmViMjI1M2NmNGRmZWMyOWE0YmQ0ZTZhZTVjMzI2ZTIyOGFiZDAyZjp7ImlzX2xvZ2luIjp0cnVlLCJ1aWQiOjE4LCJ1c2VyX25hbWUiOiJsaXVjaGFvamluZyJ9','2019-05-27 09:54:32.868798'),('hk2el1jrx2zq8t3j4qx1wb1duyhjj13c','YmViMjI1M2NmNGRmZWMyOWE0YmQ0ZTZhZTVjMzI2ZTIyOGFiZDAyZjp7ImlzX2xvZ2luIjp0cnVlLCJ1aWQiOjE4LCJ1c2VyX25hbWUiOiJsaXVjaGFvamluZyJ9','2019-05-27 10:51:54.948102'),('hny1wfijufripg0aptyrnixn94biftba','YzE0NDE2NzBiNGNiNDYxNDU3NzNjYjRlM2MzMzI2NTE1NjczNTc5ZDp7ImlzX2xvZ2luIjp0cnVlLCJ1aWQiOjI0LCJ1c2VyX25hbWUiOiJtenkiLCJsZXZlbCI6MX0=','2019-06-01 13:59:09.525695'),('hzao4nhso8k8ach9a8cafffa23dxz928','Njg5ODAxOGE2NTNkYjJiMzU1MmU0ODliMjQ3MTE5NzgyY2I2ZjM0MDp7ImlzX2xvZ2luIjp0cnVlLCJ1aWQiOjUsInVzZXJfbmFtZSI6InR1cmJvIn0=','2019-05-20 09:52:34.912003'),('izesbnqirgdrfe1fydccdeabkobw8ldo','Njg5ODAxOGE2NTNkYjJiMzU1MmU0ODliMjQ3MTE5NzgyY2I2ZjM0MDp7ImlzX2xvZ2luIjp0cnVlLCJ1aWQiOjUsInVzZXJfbmFtZSI6InR1cmJvIn0=','2019-05-21 06:05:47.023794'),('jdnqpfy5tm50vnlnjxvlb6tta0du7985','NTAwYWZiMjRiYWM4YWVjZmQ5N2YwZmUxNWYxMmRkYWRlOTFiNmJjZjp7ImlzX2xvZ2luIjp0cnVlLCJ1aWQiOjI0LCJ1c2VyX25hbWUiOiJtenkifQ==','2019-05-21 06:39:48.520533'),('jexpyj25l7gz3xotkuyou461cy1hi80e','YzE0NDE2NzBiNGNiNDYxNDU3NzNjYjRlM2MzMzI2NTE1NjczNTc5ZDp7ImlzX2xvZ2luIjp0cnVlLCJ1aWQiOjI0LCJ1c2VyX25hbWUiOiJtenkiLCJsZXZlbCI6MX0=','2019-05-31 13:37:15.388286'),('kvq8w09vxn116xg83tlk5lk83p748976','MDhmNGEzYTBiMTdkM2ExODk2NTI4YzI0NWMyZWM3MWYxYWMxNDlkMTp7ImlzX2xvZ2luIjp0cnVlLCJ1aWQiOjE4LCJ1c2VyX25hbWUiOiJsaXVjaGFvamluZyIsImxldmVsIjowLCJpZGVudGl0eSI6MH0=','2019-06-11 08:19:21.140959'),('l4n3tnpwna2ld4938af9dc0p17yhwtgc','M2I5ZjUzODE3NWQ2NmY0YThkYWVkNTg4NWI5NTUzY2E5N2RhMjU5Mzp7InVpZCI6NDAsInVzZXJfbmFtZSI6IjIzMyIsImlzX2xvZ2luIjp0cnVlLCJsZXZlbCI6MCwiaWRlbnRpdHkiOjB9','2019-06-05 09:34:01.820439'),('le2eu73g4s2oenxovpk7hrr8yb4knoqg','Y2M1M2QzMzUwMmRiMGRlMmZhZTU1OTJmZmRhNGMxZWZlZTM3OTJlYzp7ImlzX2xvZ2luIjp0cnVlLCJ1aWQiOjE4LCJ1c2VyX25hbWUiOiJsaXVjaGFvamluZyIsImxldmVsIjowfQ==','2019-05-31 12:05:51.686658'),('lmxga8r1pknqzd6cn57q41k8bgj22am9','MzhhMTI0YjI0OTUzMjliM2JhZDYzMDU5NThiYzRmMTJkZDEyMzI4Mjp7ImlzX2xvZ2luIjp0cnVlLCJ1aWQiOjQ1LCJ1c2VyX25hbWUiOiJTb21lZGF5IiwibGV2ZWwiOjAsImlkZW50aXR5IjoxfQ==','2019-06-11 02:21:28.712691'),('mqw48eahmxor27xqvzx6foe7c8mhx96j','YzE0NDE2NzBiNGNiNDYxNDU3NzNjYjRlM2MzMzI2NTE1NjczNTc5ZDp7ImlzX2xvZ2luIjp0cnVlLCJ1aWQiOjI0LCJ1c2VyX25hbWUiOiJtenkiLCJsZXZlbCI6MX0=','2019-06-01 16:41:39.085876'),('nd3q42rmbpsfnmo5w0qny0rqgmhgph3s','MDhmNGEzYTBiMTdkM2ExODk2NTI4YzI0NWMyZWM3MWYxYWMxNDlkMTp7ImlzX2xvZ2luIjp0cnVlLCJ1aWQiOjE4LCJ1c2VyX25hbWUiOiJsaXVjaGFvamluZyIsImxldmVsIjowLCJpZGVudGl0eSI6MH0=','2019-06-10 14:22:57.087164'),('opnl9u0ynxdksi4tl6v24hsngm9rgkkt','MWU2OWNhYjRmYjEwNTc4YzE1NzI4NzQwZDk5NGQ2YjUzYTEyMzEwYjp7ImlzX2xvZ2luIjp0cnVlLCJ1aWQiOjIzLCJ1c2VyX25hbWUiOiIyMjI1ODM4NTQ2In0=','2019-05-26 13:39:38.513163'),('peshper8bx9rxs0xzylvf0qlwt24c602','MWU2OWNhYjRmYjEwNTc4YzE1NzI4NzQwZDk5NGQ2YjUzYTEyMzEwYjp7ImlzX2xvZ2luIjp0cnVlLCJ1aWQiOjIzLCJ1c2VyX25hbWUiOiIyMjI1ODM4NTQ2In0=','2019-05-21 07:23:30.434934'),('pqnvlnrouya48178g6eem7plll2bza1q','YmViMjI1M2NmNGRmZWMyOWE0YmQ0ZTZhZTVjMzI2ZTIyOGFiZDAyZjp7ImlzX2xvZ2luIjp0cnVlLCJ1aWQiOjE4LCJ1c2VyX25hbWUiOiJsaXVjaGFvamluZyJ9','2019-05-27 14:06:47.054187'),('pyqneclyl6rhlafhzsjw5x9w1otc8u1m','ZGM4ZGVjOWUyMThkY2ZmNWJjOTQzODUzZTkyZTlkNTlkMjY0MjdlMTp7ImlzX2xvZ2luIjp0cnVlLCJ1aWQiOjEsInVzZXJfbmFtZSI6ImZvdW5kZXIwMDEifQ==','2019-05-27 09:24:05.024166'),('pyvpmxmnfzi80s012knr62j1kamzbzn2','ODZlNmRkMjdkMDJmY2JjYTMzYTRkN2IyYzM4MDE0ZjNmNmIwMzBiZjp7InVpZCI6MjQsInVzZXJfbmFtZSI6Im16eSIsImlzX2xvZ2luIjp0cnVlLCJsZXZlbCI6MX0=','2019-05-31 12:19:36.066017'),('q4imrd6et3k91m2mzrjo68zgqvhoop2o','ZTExZTBlNzk3ZjI0NGIwNmEzOTBlYjBjYjFhNjlmZGM1NDgxZjNmZjp7ImlzX2xvZ2luIjp0cnVlLCJ1aWQiOjE4LCJ1c2VyX25hbWUiOiJsaXVjaGFvamluZyIsImxldmVsIjowLCJpZGVudGl0eSI6MCwiX2F1dGhfdXNlcl9pZCI6IjEiLCJfYXV0aF91c2VyX2JhY2tlbmQiOiJkamFuZ28uY29udHJpYi5hdXRoLmJhY2tlbmRzLk1vZGVsQmFja2VuZCIsIl9hdXRoX3VzZXJfaGFzaCI6IjRlNzIyMzc1NDU2ZGMyNDY1NzMxZDJhMzBjMTQ4YzFkMzNlMTU5MjYifQ==','2019-06-11 07:15:55.401819'),('qdwej90sj7emfl1yfenan1w6w8olizks','NTI3ZGU0ZGEzODY1NDQzYTEwYzllNmIzODliYjU5MDdhYTBlODg1YTp7ImlzX2xvZ2luIjp0cnVlLCJ1aWQiOjEsInVzZXJfbmFtZSI6ImZvdW5kZXIwMDEiLCJsZXZlbCI6MCwiaWRlbnRpdHkiOjB9','2019-06-03 03:43:57.951803'),('qi7g8luli84nirdpgt9889vl6ybavi21','MDhmNGEzYTBiMTdkM2ExODk2NTI4YzI0NWMyZWM3MWYxYWMxNDlkMTp7ImlzX2xvZ2luIjp0cnVlLCJ1aWQiOjE4LCJ1c2VyX25hbWUiOiJsaXVjaGFvamluZyIsImxldmVsIjowLCJpZGVudGl0eSI6MH0=','2019-06-05 12:59:20.679362'),('qwctv4ee5c1npyx673ibrfbzrhgvmvt7','NTI3ZGU0ZGEzODY1NDQzYTEwYzllNmIzODliYjU5MDdhYTBlODg1YTp7ImlzX2xvZ2luIjp0cnVlLCJ1aWQiOjEsInVzZXJfbmFtZSI6ImZvdW5kZXIwMDEiLCJsZXZlbCI6MCwiaWRlbnRpdHkiOjB9','2019-06-08 09:55:35.538367'),('r6n71tw3b9jgzfdsg0q5s8n3gh4omzms','NTI3ZGU0ZGEzODY1NDQzYTEwYzllNmIzODliYjU5MDdhYTBlODg1YTp7ImlzX2xvZ2luIjp0cnVlLCJ1aWQiOjEsInVzZXJfbmFtZSI6ImZvdW5kZXIwMDEiLCJsZXZlbCI6MCwiaWRlbnRpdHkiOjB9','2019-06-02 08:06:55.340959'),('rct1h441gofr6mkfe9w6lr7zwb9jkwkr','YmViMjI1M2NmNGRmZWMyOWE0YmQ0ZTZhZTVjMzI2ZTIyOGFiZDAyZjp7ImlzX2xvZ2luIjp0cnVlLCJ1aWQiOjE4LCJ1c2VyX25hbWUiOiJsaXVjaGFvamluZyJ9','2019-05-25 13:11:59.695689'),('rj0hc4wr235zoh5jc5f3hrc3dizvhcvz','M2VmZWFlOTkzZTc1OGIyZTNmMzI4YWVmZjg2NjQ5MDExZDU0NDE4MTp7ImlzX2xvZ2luIjp0cnVlLCJ1aWQiOjM5LCJ1c2VyX25hbWUiOiJ3YW5nc2YiLCJsZXZlbCI6MCwiaWRlbnRpdHkiOjF9','2019-06-10 09:37:45.480214'),('si80cqzxmp3j6ub7m8n0xpensj2enr7e','ZDJhYWVlZTIwYTQ0ZGExYjkxOGY2ZjI3ZWU3MDczNTA5NTQ2ZThhODp7InVpZCI6NDksInVzZXJfbmFtZSI6IjExMSJ9','2019-06-16 08:53:43.235365'),('t9usirgbajf5c2r3ykltxzrdfxzpmswq','YmViMjI1M2NmNGRmZWMyOWE0YmQ0ZTZhZTVjMzI2ZTIyOGFiZDAyZjp7ImlzX2xvZ2luIjp0cnVlLCJ1aWQiOjE4LCJ1c2VyX25hbWUiOiJsaXVjaGFvamluZyJ9','2019-05-14 06:59:55.827958'),('tlbo8yrjwhwoege45p20zdbxafvd6wxm','YmViMjI1M2NmNGRmZWMyOWE0YmQ0ZTZhZTVjMzI2ZTIyOGFiZDAyZjp7ImlzX2xvZ2luIjp0cnVlLCJ1aWQiOjE4LCJ1c2VyX25hbWUiOiJsaXVjaGFvamluZyJ9','2019-05-27 09:48:05.447097'),('ubonppv7g05ghkz5dxihk9lmsm02imd4','YmViMjI1M2NmNGRmZWMyOWE0YmQ0ZTZhZTVjMzI2ZTIyOGFiZDAyZjp7ImlzX2xvZ2luIjp0cnVlLCJ1aWQiOjE4LCJ1c2VyX25hbWUiOiJsaXVjaGFvamluZyJ9','2019-05-12 15:52:43.680436'),('uyz8o9jv1wv9eb9owdwlb3yu8otbecr4','YmViMjI1M2NmNGRmZWMyOWE0YmQ0ZTZhZTVjMzI2ZTIyOGFiZDAyZjp7ImlzX2xvZ2luIjp0cnVlLCJ1aWQiOjE4LCJ1c2VyX25hbWUiOiJsaXVjaGFvamluZyJ9','2019-05-19 10:05:07.340425'),('vyklvgszzao4bxkmi7bwx8n66ygppzoa','Njg5ODAxOGE2NTNkYjJiMzU1MmU0ODliMjQ3MTE5NzgyY2I2ZjM0MDp7ImlzX2xvZ2luIjp0cnVlLCJ1aWQiOjUsInVzZXJfbmFtZSI6InR1cmJvIn0=','2019-05-06 09:11:03.254880'),('w5z01af5tmg5x1pzjulyis74evujpql8','NTRmNjM5ZDNiNTNlZmZkYTllMmY4MzNlYWI0YTUxMjc5OTQyOTU5Mjp7Il9hdXRoX3VzZXJfaWQiOiIxIiwiX2F1dGhfdXNlcl9iYWNrZW5kIjoiZGphbmdvLmNvbnRyaWIuYXV0aC5iYWNrZW5kcy5Nb2RlbEJhY2tlbmQiLCJfYXV0aF91c2VyX2hhc2giOiI0ZTcyMjM3NTQ1NmRjMjQ2NTczMWQyYTMwYzE0OGMxZDMzZTE1OTI2In0=','2019-06-10 09:15:24.084635'),('wv64z4bhye6w6cszqy0o3r4hz0miusvk','MmQ5YjQ5NWZhY2VmN2NiNzg1YTMwZGNjNTk3ZGJkM2JiYWRkN2RkZjp7ImlzX2xvZ2luIjp0cnVlLCJ1aWQiOjQxLCJ1c2VyX25hbWUiOiJiaWxsZXIiLCJsZXZlbCI6MCwiaWRlbnRpdHkiOjF9','2019-06-09 14:12:56.424096'),('xa0cazkm5gemc52hglhl8pgudojcymrn','ZDM3NGZmNmVkN2VlMjgwYzg0ZDNlNDllNTUyNzdjZDA3MGRiNDFmYjp7ImlzX2xvZ2luIjp0cnVlLCJ1aWQiOjMsInVzZXJfbmFtZSI6ImludmVzdG9yMDAzIiwibGV2ZWwiOjIsImlkZW50aXR5IjoxfQ==','2019-06-16 05:15:02.631843'),('xgd2qkurcwcxj2qli1iu70nzls911hb4','ZjUwMzA5MjQyMDBhYjA1ZmU4OGJkNjI0Mzg5NmUwMzcyNGM5YTRjNDp7ImlzX2xvZ2luIjp0cnVlLCJ1aWQiOjIzLCJ1c2VyX25hbWUiOiIyMjI1ODM4NTQ2IiwibGV2ZWwiOjB9','2019-05-29 16:52:54.097938'),('xubzhrq50r5ye90v1xcluk5gprkmtxe6','ZGM4ZGVjOWUyMThkY2ZmNWJjOTQzODUzZTkyZTlkNTlkMjY0MjdlMTp7ImlzX2xvZ2luIjp0cnVlLCJ1aWQiOjEsInVzZXJfbmFtZSI6ImZvdW5kZXIwMDEifQ==','2019-05-06 14:24:58.293480'),('xzms7m7wk9o2o6hibl5qkk6bhtbgp3cp','YmViMjI1M2NmNGRmZWMyOWE0YmQ0ZTZhZTVjMzI2ZTIyOGFiZDAyZjp7ImlzX2xvZ2luIjp0cnVlLCJ1aWQiOjE4LCJ1c2VyX25hbWUiOiJsaXVjaGFvamluZyJ9','2019-05-20 14:53:57.905907'),('z6fll3ejkz803ir94xk8j87ekilodct1','NWVkYjdkMDZmZDA2YTM5MGU3NDNlNDNhOGYxNGQ1Njg0ZTY1MzE0MTp7ImlzX2xvZ2luIjp0cnVlLCJ1aWQiOjIwLCJ1c2VyX25hbWUiOiJtenkifQ==','2019-05-07 07:23:34.545188'),('zronqazhxojiwrcokncte69yht9l85va','YmViMjI1M2NmNGRmZWMyOWE0YmQ0ZTZhZTVjMzI2ZTIyOGFiZDAyZjp7ImlzX2xvZ2luIjp0cnVlLCJ1aWQiOjE4LCJ1c2VyX25hbWUiOiJsaXVjaGFvamluZyJ9','2019-05-07 09:10:05.406039');
/*!40000 ALTER TABLE `django_session` ENABLE KEYS */;
UNLOCK TABLES;

--
-- Table structure for table `message_messagerecord`
--

DROP TABLE IF EXISTS `message_messagerecord`;
/*!40101 SET @saved_cs_client     = @@character_set_client */;
 SET character_set_client = utf8mb4 ;
CREATE TABLE `message_messagerecord` (
  `id` int(11) NOT NULL AUTO_INCREMENT,
  `msg` longtext NOT NULL,
  `send_time` datetime(6) NOT NULL,
  `_from_id` int(11) NOT NULL,
  `to_id` int(11) NOT NULL,
  PRIMARY KEY (`id`),
  KEY `message_messagerecord__from_id_4b665d95_fk_Software_user_id` (`_from_id`),
  KEY `message_messagerecord_to_id_2891d32f_fk_Software_user_id` (`to_id`),
  CONSTRAINT `message_messagerecord__from_id_4b665d95_fk_Software_user_id` FOREIGN KEY (`_from_id`) REFERENCES `Software_user` (`id`),
  CONSTRAINT `message_messagerecord_to_id_2891d32f_fk_Software_user_id` FOREIGN KEY (`to_id`) REFERENCES `Software_user` (`id`)
) ENGINE=InnoDB AUTO_INCREMENT=124 DEFAULT CHARSET=utf8mb4 COLLATE=utf8mb4_0900_ai_ci;
/*!40101 SET character_set_client = @saved_cs_client */;

--
-- Dumping data for table `message_messagerecord`
--

LOCK TABLES `message_messagerecord` WRITE;
/*!40000 ALTER TABLE `message_messagerecord` DISABLE KEYS */;
INSERT INTO `message_messagerecord` VALUES (1,'123','2019-04-29 16:14:44.835992',18,1),(2,'pppp','2019-04-29 16:21:01.120758',18,1),(3,'123','2019-04-29 16:21:11.879604',18,1),(4,'123','2019-04-29 16:21:16.198057',18,1),(5,'123','2019-04-29 16:21:21.766804',18,1),(6,'123','2019-04-29 16:21:23.481683',18,1),(7,'你好','2019-04-29 16:21:28.546795',18,1),(8,'123','2019-05-05 15:36:34.106795',18,1),(9,'你好','2019-05-05 15:37:05.582237',18,1),(10,'233','2019-05-06 14:40:14.529697',2,1),(11,'','2019-05-06 14:40:14.816270',2,1),(12,'','2019-05-06 14:40:15.772820',2,1),(13,'okok テストテスト','2019-05-06 14:40:33.003913',2,1),(14,'123','2019-05-07 06:45:06.007385',18,23),(15,'收到了','2019-05-07 06:45:20.813136',23,18),(16,'有毒吧','2019-05-07 06:45:24.652653',23,18),(17,'？？？','2019-05-07 06:45:57.202101',23,23),(18,'那可不','2019-05-07 06:48:44.530673',18,23),(19,'没办法','2019-05-07 06:48:49.511295',18,23),(20,'崩了能咋办','2019-05-07 06:48:58.805567',18,23),(21,'uohiuhiuh','2019-05-13 10:57:15.030913',18,1),(22,'你好','2019-05-13 11:04:04.723359',18,1),(23,'我好','2019-05-13 11:04:11.140650',18,1),(24,'大家好','2019-05-13 11:04:46.568954',18,1),(25,'你好','2019-05-13 11:05:23.550711',18,1),(26,'我好','2019-05-13 11:05:26.990744',18,1),(27,'大家好','2019-05-13 11:05:29.440678',18,1),(28,'哇','2019-05-19 05:08:24.589919',1,18),(29,'hi','2019-05-19 06:35:22.730200',35,1),(30,'哇？','2019-05-19 08:20:41.477633',18,1),(31,'哇？','2019-05-19 09:32:15.787607',18,1),(32,' ','2019-05-19 09:38:10.734338',1,2),(33,'1','2019-05-19 09:44:02.740103',18,1),(34,'2','2019-05-19 09:44:04.935883',18,1),(35,'3','2019-05-19 09:44:05.723434',18,1),(36,'4','2019-05-19 09:44:06.510587',18,1),(37,'5','2019-05-19 09:44:07.209587',18,1),(38,'6','2019-05-19 09:44:07.884441',18,1),(39,'7','2019-05-19 09:44:08.596176',18,1),(40,'8','2019-05-19 09:44:09.200887',18,1),(41,'9','2019-05-19 09:44:09.826010',18,1),(42,'10','2019-05-19 09:44:10.619483',18,1),(43,'11','2019-05-19 09:44:11.461907',18,1),(44,'12','2019-05-19 09:44:12.249756',18,1),(45,'13','2019-05-19 09:44:13.205537',18,1),(46,'14','2019-05-19 09:44:13.992650',18,1),(47,'15','2019-05-19 09:44:14.689228',18,1),(48,'16','2019-05-19 09:44:15.674714',18,1),(49,'17','2019-05-19 09:44:16.495734',18,1),(50,'18','2019-05-19 09:44:17.262539',18,1),(51,'19','2019-05-19 09:44:18.113544',18,1),(52,'2','2019-05-19 09:44:18.575249',18,1),(53,'21','2019-05-19 09:44:21.127435',18,1),(54,'22','2019-05-19 09:44:21.947986',18,1),(55,'23','2019-05-19 09:44:22.824103',18,1),(56,'24','2019-05-19 09:44:23.760991',18,1),(57,'25','2019-05-19 09:44:24.571656',18,1),(58,'26','2019-05-19 09:44:25.346745',18,1),(59,'27','2019-05-19 09:44:26.286056',18,1),(60,'28','2019-05-19 09:44:27.507847',18,1),(61,'29','2019-05-19 09:44:28.363807',18,1),(62,'30','2019-05-19 09:44:29.299728',18,1),(63,'31','2019-05-19 09:44:30.131294',18,1),(64,'32','2019-05-19 09:44:30.901846',18,1),(65,'33','2019-05-19 09:44:31.673579',18,1),(66,'34','2019-05-19 09:44:32.538667',18,1),(67,'35','2019-05-19 09:44:33.263701',18,1),(68,'36','2019-05-19 09:44:33.894243',18,1),(69,'37','2019-05-19 09:44:34.738846',18,1),(70,'38','2019-05-19 09:44:35.492307',18,1),(71,'39','2019-05-19 09:44:36.230833',18,1),(72,'40','2019-05-19 09:44:36.972834',18,1),(73,'41','2019-05-19 09:44:37.989403',18,1),(74,'42','2019-05-19 09:44:38.786949',18,1),(75,'43','2019-05-19 09:44:39.538551',18,1),(76,'44','2019-05-19 09:44:41.564441',18,1),(77,'45','2019-05-19 09:44:42.498270',18,1),(78,'46','2019-05-19 09:44:43.236076',18,1),(79,'47','2019-05-19 09:44:44.006206',18,1),(80,'48','2019-05-19 09:44:44.706345',18,1),(81,'49','2019-05-19 09:44:45.502061',18,1),(82,'50','2019-05-19 09:44:46.247418',18,1),(83,'51','2019-05-19 09:44:47.395808',18,1),(84,'52','2019-05-19 09:50:20.334375',18,1),(85,'53','2019-05-19 09:50:23.184401',18,1),(86,'54','2019-05-19 09:50:24.754952',18,1),(87,'55','2019-05-19 09:50:25.858165',18,1),(88,'1','2019-05-19 09:51:37.908990',1,18),(89,'dsada\n\n\n','2019-05-19 09:58:35.991385',18,1),(90,'wddasd','2019-05-19 18:30:16.297970',1,18),(91,'这页面真丑','2019-05-22 08:21:26.109209',39,1),(92,'这怎么没有显示啊','2019-05-22 08:21:26.208509',39,1),(93,'啊啊啊','2019-05-22 08:21:26.223338',39,1),(94,'哦，原来是比较慢啊','2019-05-22 08:21:39.353546',39,1),(95,'啊','2019-05-22 08:22:00.738012',39,1),(96,'我在这里','2019-05-22 08:23:10.617585',39,1),(97,'这是第一句话','2019-05-22 08:23:19.623129',39,1),(98,'这是第二句话','2019-05-22 08:23:23.054075',39,1),(99,'这是第三句化','2019-05-22 08:23:31.962105',39,1),(100,'1','2019-05-22 08:23:33.231321',39,1),(101,'2','2019-05-22 08:23:33.807527',39,1),(102,'3','2019-05-22 08:23:34.357603',39,1),(103,'4','2019-05-22 08:23:35.031709',39,1),(104,'5','2019-05-22 08:23:35.565632',39,1),(105,'6','2019-05-22 08:23:36.143698',39,1),(106,'7','2019-05-22 08:23:36.667169',39,1),(107,'<script>alert(\"hello\")</script>','2019-05-22 08:50:06.441011',1,18),(108,'。。。','2019-05-22 08:51:25.817569',1,39),(109,'rua','2019-05-22 08:53:19.907415',1,39),(110,'<script>alert(\"hello\")</script>','2019-05-22 08:55:09.043571',1,18),(111,'<script>alert(\"hello\");</script>','2019-05-22 08:55:15.757533',1,18),(112,'www.buaa.edu.cn','2019-05-22 08:55:57.696397',1,18),(113,'http://www.pornhub.com','2019-05-22 08:56:23.689635',1,18),(114,'omg','2019-05-22 09:34:43.495432',40,1),(115,'222222222222222222222222222222222222222222222222222222222222222222222222222222222222222222222222222222222222222222222222222222222222222222222222222                  pyugklll/2222222222222222222222222222222222222222222222222222222222','2019-05-22 09:35:06.618101',40,1),(116,'rua','2019-05-22 12:59:03.994288',1,40),(117,'2333','2019-05-26 11:10:49.665588',41,40),(118,'666','2019-05-26 11:10:49.987674',41,40),(119,'gcc','2019-05-26 11:10:58.081579',41,40),(120,'test','2019-05-27 14:21:30.490913',44,40),(121,'adsfasdf','2019-05-28 02:25:44.116664',45,1),(122,'','2019-05-28 02:25:44.229401',45,1),(123,'asdf','2019-05-28 02:25:44.434187',45,1);
/*!40000 ALTER TABLE `message_messagerecord` ENABLE KEYS */;
UNLOCK TABLES;

--
-- Table structure for table `message_recentcontacts`
--

DROP TABLE IF EXISTS `message_recentcontacts`;
/*!40101 SET @saved_cs_client     = @@character_set_client */;
 SET character_set_client = utf8mb4 ;
CREATE TABLE `message_recentcontacts` (
  `id` int(11) NOT NULL AUTO_INCREMENT,
  `last_view_time` datetime(6) NOT NULL,
  `user1_id` int(11) NOT NULL,
  `user2_id` int(11) NOT NULL,
  PRIMARY KEY (`id`),
  UNIQUE KEY `message_recentcontacts_user1_id_user2_id_5cb82d2a_uniq` (`user1_id`,`user2_id`),
  KEY `message_recentcontacts_user2_id_cbc7b97e_fk_Software_user_id` (`user2_id`),
  CONSTRAINT `message_recentcontacts_user1_id_dbf264bc_fk_Software_user_id` FOREIGN KEY (`user1_id`) REFERENCES `Software_user` (`id`),
  CONSTRAINT `message_recentcontacts_user2_id_cbc7b97e_fk_Software_user_id` FOREIGN KEY (`user2_id`) REFERENCES `Software_user` (`id`)
) ENGINE=InnoDB AUTO_INCREMENT=68 DEFAULT CHARSET=utf8mb4 COLLATE=utf8mb4_0900_ai_ci;
/*!40101 SET character_set_client = @saved_cs_client */;

--
-- Dumping data for table `message_recentcontacts`
--

LOCK TABLES `message_recentcontacts` WRITE;
/*!40000 ALTER TABLE `message_recentcontacts` DISABLE KEYS */;
INSERT INTO `message_recentcontacts` VALUES (2,'2019-05-23 08:58:25.583015',1,18),(4,'2019-06-02 09:50:13.056833',2,1),(5,'2019-05-07 06:33:19.513108',5,1),(6,'2019-05-19 18:31:06.096549',1,2),(8,'2019-05-07 06:45:13.851327',23,1),(9,'2019-05-07 06:41:03.038644',24,23),(10,'2019-05-07 06:46:54.212253',23,23),(12,'2019-05-07 06:46:58.191307',23,18),(16,'2019-05-19 07:05:25.326859',35,1),(17,'2019-05-19 18:31:06.915211',1,35),(18,'2019-05-19 07:05:26.113537',35,18),(31,'2019-05-23 08:55:12.455788',18,24),(34,'2019-05-19 18:10:27.268428',3,18),(36,'2019-05-19 18:31:05.410445',1,5),(37,'2019-05-22 08:20:58.351780',39,1),(38,'2019-05-22 08:53:10.856979',1,39),(39,'2019-05-22 09:34:39.246590',40,1),(40,'2019-06-02 08:05:24.529814',1,40),(41,'2019-05-27 14:23:14.200032',18,40),(43,'2019-05-26 11:10:46.177872',40,41),(44,'2019-05-27 14:15:39.000598',41,1),(45,'2019-05-27 14:15:44.461648',41,40),(47,'2019-05-27 08:55:06.879457',43,40),(48,'2019-05-27 08:56:01.741349',43,44),(49,'2019-05-27 08:56:16.215605',43,18),(52,'2019-05-27 14:21:21.726602',40,44),(53,'2019-05-27 14:22:32.421862',44,40),(55,'2019-06-02 08:05:27.866921',1,45),(62,'2019-05-28 02:29:21.398574',45,1),(63,'2019-05-28 02:29:19.273996',45,2),(64,'2019-05-28 02:29:23.641385',45,10),(65,'2019-05-28 04:08:04.476801',45,40),(66,'2019-06-02 07:42:05.550631',10,43),(67,'2019-06-02 09:46:57.008358',2,40);
/*!40000 ALTER TABLE `message_recentcontacts` ENABLE KEYS */;
UNLOCK TABLES;
/*!40103 SET TIME_ZONE=@OLD_TIME_ZONE */;

/*!40101 SET SQL_MODE=@OLD_SQL_MODE */;
/*!40014 SET FOREIGN_KEY_CHECKS=@OLD_FOREIGN_KEY_CHECKS */;
/*!40014 SET UNIQUE_CHECKS=@OLD_UNIQUE_CHECKS */;
/*!40101 SET CHARACTER_SET_CLIENT=@OLD_CHARACTER_SET_CLIENT */;
/*!40101 SET CHARACTER_SET_RESULTS=@OLD_CHARACTER_SET_RESULTS */;
/*!40101 SET COLLATION_CONNECTION=@OLD_COLLATION_CONNECTION */;
/*!40111 SET SQL_NOTES=@OLD_SQL_NOTES */;

-- Dump completed on 2019-06-02 22:51:50
